scenario,year,french_opening_gross,calls_assumption,trained_inflow,exit_flow_approx,french_closing_gross,allied_gross_assumption,present_total,demand_present,balance_present,status,source
S2,1808,500000,105000,94500,95833,498667,200000,593867,540000,53867,model_not_observed,model_inputs;H72;P11;E97;G03
S2,1809,498667,105000,94500,95578,497589,200000,592951,540000,52951,model_not_observed,model_inputs;H72;P11;E97;G03
S2,1810,497589,105000,94500,95371,496718,200000,592210,540000,52210,model_not_observed,model_inputs;H72;P11;E97;G03
S2,1811,496718,105000,94500,95204,496013,200000,591611,540000,51611,model_not_observed,model_inputs;H72;P11;E97;G03
S2,1812,496013,105000,94500,95069,495444,200000,591128,540000,51128,model_not_observed,model_inputs;H72;P11;E97;G03
S2,1813,495444,105000,94500,94960,494984,200000,590736,540000,50736,model_not_observed,model_inputs;H72;P11;E97;G03
S2,1814,494984,105000,94500,94872,494612,200000,590420,540000,50420,model_not_observed,model_inputs;H72;P11;E97;G03
S2,1815,494612,105000,94500,94801,494311,200000,590165,540000,50165,model_not_observed,model_inputs;H72;P11;E97;G03
S2,1816,494311,105000,94500,94743,494068,200000,589958,540000,49958,model_not_observed,model_inputs;H72;P11;E97;G03
S2,1817,494068,105000,94500,94696,493872,200000,589791,540000,49791,model_not_observed,model_inputs;H72;P11;E97;G03
S2,1818,493872,105000,94500,94659,493713,200000,589656,540000,49656,model_not_observed,model_inputs;H72;P11;E97;G03
S2,1819,493713,105000,94500,94628,493585,200000,589547,540000,49547,model_not_observed,model_inputs;H72;P11;E97;G03
S2,1820,493585,105000,94500,94604,493481,200000,589459,540000,49459,model_not_observed,model_inputs;H72;P11;E97;G03
S2,1821,493481,105000,94500,94584,493397,200000,589388,540000,49388,model_not_observed,model_inputs;H72;P11;E97;G03
S2,1822,493397,105000,94500,94568,493329,200000,589330,540000,49330,model_not_observed,model_inputs;H72;P11;E97;G03
S2,1823,493329,105000,94500,94555,493275,200000,589283,540000,49283,model_not_observed,model_inputs;H72;P11;E97;G03
S2,1824,493275,105000,94500,94544,493230,200000,589246,540000,49246,model_not_observed,model_inputs;H72;P11;E97;G03
S2,1825,493230,105000,94500,94536,493194,200000,589215,540000,49215,model_not_observed,model_inputs;H72;P11;E97;G03
S2,1826,493194,105000,94500,94529,493166,200000,589191,540000,49191,model_not_observed,model_inputs;H72;P11;E97;G03
S2,1827,493166,105000,94500,94523,493142,200000,589171,540000,49171,model_not_observed,model_inputs;H72;P11;E97;G03
S2,1828,493142,105000,94500,94519,493123,200000,589155,540000,49155,model_not_observed,model_inputs;H72;P11;E97;G03
S2,1829,493123,105000,94500,94515,493108,200000,589142,540000,49142,model_not_observed,model_inputs;H72;P11;E97;G03
S2,1830,493108,105000,94500,94512,493096,200000,589131,540000,49131,model_not_observed,model_inputs;H72;P11;E97;G03
S2,1831,493096,105000,94500,94510,493086,200000,589123,540000,49123,model_not_observed,model_inputs;H72;P11;E97;G03
S2,1832,493086,105000,94500,94508,493078,200000,589116,540000,49116,model_not_observed,model_inputs;H72;P11;E97;G03
S2,1833,493078,105000,94500,94507,493071,200000,589110,540000,49110,model_not_observed,model_inputs;H72;P11;E97;G03
S2,1834,493071,105000,94500,94505,493066,200000,589106,540000,49106,model_not_observed,model_inputs;H72;P11;E97;G03
S2,1835,493066,105000,94500,94504,493061,200000,589102,540000,49102,model_not_observed,model_inputs;H72;P11;E97;G03
S2,1836,493061,105000,94500,94503,493058,200000,589099,540000,49099,model_not_observed,model_inputs;H72;P11;E97;G03
S2,1837,493058,105000,94500,94503,493055,200000,589097,540000,49097,model_not_observed,model_inputs;H72;P11;E97;G03
S2,1838,493055,105000,94500,94502,493053,200000,589095,540000,49095,model_not_observed,model_inputs;H72;P11;E97;G03
S2,1839,493053,105000,94500,94502,493051,200000,589093,540000,49093,model_not_observed,model_inputs;H72;P11;E97;G03
S2,1840,493051,105000,94500,94501,493050,200000,589092,540000,49092,model_not_observed,model_inputs;H72;P11;E97;G03
S2,1841,493050,105000,94500,94501,493048,200000,589091,540000,49091,model_not_observed,model_inputs;H72;P11;E97;G03
S2,1842,493048,105000,94500,94501,493048,200000,589090,540000,49090,model_not_observed,model_inputs;H72;P11;E97;G03
S2,1843,493048,105000,94500,94501,493047,200000,589090,540000,49090,model_not_observed,model_inputs;H72;P11;E97;G03
S2,1844,493047,105000,94500,94501,493046,200000,589089,540000,49089,model_not_observed,model_inputs;H72;P11;E97;G03
S2,1845,493046,105000,94500,94501,493046,200000,589089,540000,49089,model_not_observed,model_inputs;H72;P11;E97;G03
S2,1846,493046,105000,94500,94500,493045,200000,589088,540000,49088,model_not_observed,model_inputs;H72;P11;E97;G03
S2,1847,493045,105000,94500,94500,493045,200000,589088,540000,49088,model_not_observed,model_inputs;H72;P11;E97;G03
S2,1848,493045,105000,94500,94500,493045,200000,589088,540000,49088,model_not_observed,model_inputs;H72;P11;E97;G03
S5,1808,500000,105000,94500,95833,498667,200000,593867,540000,53867,model_not_observed,model_inputs;H72;P11;E97;G03
S5,1809,498667,105000,94500,95578,497589,200000,592951,540000,52951,model_not_observed,model_inputs;H72;P11;E97;G03
S5,1810,497589,105000,94500,95371,496718,200000,592210,540000,52210,model_not_observed,model_inputs;H72;P11;E97;G03
S5,1811,496718,105000,94500,95204,496013,200000,591611,540000,51611,model_not_observed,model_inputs;H72;P11;E97;G03
S5,1812,496013,105000,94500,95069,495444,200000,591128,540000,51128,model_not_observed,model_inputs;H72;P11;E97;G03
S5,1813,495444,105000,94500,94960,494984,200000,590736,540000,50736,model_not_observed,model_inputs;H72;P11;E97;G03
S5,1814,494984,105000,94500,94872,494612,200000,590420,540000,50420,model_not_observed,model_inputs;H72;P11;E97;G03
S5,1815,494612,115000,103500,94801,503311,200000,597815,490000,107815,model_not_observed,model_inputs;H72;P11;E97;G03
S5,1816,503311,115000,103500,96468,510343,200000,603792,490000,113792,model_not_observed,model_inputs;H72;P11;E97;G03
S5,1817,510343,115000,103500,97816,516028,200000,608623,490000,118623,model_not_observed,model_inputs;H72;P11;E97;G03
S5,1818,516028,115000,103500,98905,520622,200000,612529,490000,122529,model_not_observed,model_inputs;H72;P11;E97;G03
S5,1819,520622,115000,103500,99786,524336,200000,615686,490000,125686,model_not_observed,model_inputs;H72;P11;E97;G03
S5,1820,524336,115000,103500,100498,527339,200000,618238,490000,128238,model_not_observed,model_inputs;H72;P11;E97;G03
S5,1821,527339,115000,103500,101073,529765,200000,620301,490000,130301,model_not_observed,model_inputs;H72;P11;E97;G03
S5,1822,529765,115000,103500,101538,531727,200000,621968,490000,131968,model_not_observed,model_inputs;H72;P11;E97;G03
S5,1823,531727,115000,103500,101914,533313,200000,623316,490000,133316,model_not_observed,model_inputs;H72;P11;E97;G03
S5,1824,533313,115000,103500,102218,534594,200000,624405,490000,134405,model_not_observed,model_inputs;H72;P11;E97;G03
S5,1825,534594,115000,103500,102464,535630,200000,625286,490000,135286,model_not_observed,model_inputs;H72;P11;E97;G03
S5,1826,535630,115000,103500,102663,536468,200000,625998,490000,135998,model_not_observed,model_inputs;H72;P11;E97;G03
S5,1827,536468,115000,103500,102823,537145,200000,626573,490000,136573,model_not_observed,model_inputs;H72;P11;E97;G03
S5,1828,537145,115000,103500,102953,537692,200000,627038,490000,137038,model_not_observed,model_inputs;H72;P11;E97;G03
S5,1829,537692,115000,103500,103058,538134,200000,627414,490000,137414,model_not_observed,model_inputs;H72;P11;E97;G03
S5,1830,538134,115000,103500,103142,538492,200000,627718,490000,137718,model_not_observed,model_inputs;H72;P11;E97;G03
S5,1831,538492,115000,103500,103211,538781,200000,627964,490000,137964,model_not_observed,model_inputs;H72;P11;E97;G03
S5,1832,538781,115000,103500,103266,539015,200000,628162,490000,138162,model_not_observed,model_inputs;H72;P11;E97;G03
S5,1833,539015,115000,103500,103311,539204,200000,628323,490000,138323,model_not_observed,model_inputs;H72;P11;E97;G03
S5,1834,539204,115000,103500,103347,539356,200000,628453,490000,138453,model_not_observed,model_inputs;H72;P11;E97;G03
S5,1835,539356,115000,103500,103377,539480,200000,628558,490000,138558,model_not_observed,model_inputs;H72;P11;E97;G03
S5,1836,539480,115000,103500,103400,539579,200000,628642,490000,138642,model_not_observed,model_inputs;H72;P11;E97;G03
S5,1837,539579,115000,103500,103419,539660,200000,628711,490000,138711,model_not_observed,model_inputs;H72;P11;E97;G03
S5,1838,539660,115000,103500,103435,539725,200000,628766,490000,138766,model_not_observed,model_inputs;H72;P11;E97;G03
S5,1839,539725,115000,103500,103447,539778,200000,628811,490000,138811,model_not_observed,model_inputs;H72;P11;E97;G03
S5,1840,539778,115000,103500,103457,539820,200000,628847,490000,138847,model_not_observed,model_inputs;H72;P11;E97;G03
S5,1841,539820,115000,103500,103466,539855,200000,628877,490000,138877,model_not_observed,model_inputs;H72;P11;E97;G03
S5,1842,539855,115000,103500,103472,539883,200000,628900,490000,138900,model_not_observed,model_inputs;H72;P11;E97;G03
S5,1843,539883,115000,103500,103478,539905,200000,628919,490000,138919,model_not_observed,model_inputs;H72;P11;E97;G03
S5,1844,539905,115000,103500,103482,539923,200000,628935,490000,138935,model_not_observed,model_inputs;H72;P11;E97;G03
S5,1845,539923,115000,103500,103485,539938,200000,628947,490000,138947,model_not_observed,model_inputs;H72;P11;E97;G03
S5,1846,539938,115000,103500,103488,539950,200000,628957,490000,138957,model_not_observed,model_inputs;H72;P11;E97;G03
S5,1847,539950,115000,103500,103490,539960,200000,628966,490000,138966,model_not_observed,model_inputs;H72;P11;E97;G03
S5,1848,539960,115000,103500,103492,539967,200000,628972,490000,138972,model_not_observed,model_inputs;H72;P11;E97;G03
