id,date,territory_or_unit,measure,value,unit,category,source,locator,warning
H01,1810-summer,Empire controlled ports,line_hulls_total,50,ships,historical_table,S01,PDF p15,not commissioned; Netherlands included
H02,1810-summer,old French ports,line_hulls_location,29,ships,historical_table,S01,PDF p15,port location not construction origin
H03,1810-summer,Antwerp,line_hulls_location,12,ships,historical_table,S01,PDF p15,not actual launch flow
H04,1810-summer,Netherlands,line_hulls_location,9,ships,historical_table,S01,PDF p15,do not add again as allies
H05,1812,Empire controlled ports,line_hulls_total,72,ships,historical_table,S01,PDF p15,month not stated
H06,1812,old French ports,line_hulls_location,41,ships,historical_table,S01,PDF p15,not commissioned
H07,1812,Antwerp,line_hulls_location,20,ships,historical_table,S01,PDF p15,not commissioned
H08,1812,Netherlands,line_hulls_location,10,ships,historical_table,S01,PDF p15,not commissioned
H09,1812,Genoa Venice Corfu,line_hulls_location,1,ships,historical_table,S01,PDF p15,not cumulative Italian yard production
H10,1814-04,Empire controlled ports,line_hulls_total,74,ships,historical_table,S01,PDF p15,not commissioned
H11,1814-04,old French ports,line_hulls_location,42,ships,historical_table,S01,PDF p15,not commissioned
H12,1814-04,Antwerp,line_hulls_location,21,ships,historical_table,S01,PDF p15,not commissioned
H13,1814-04,Netherlands,line_hulls_location,9,ships,historical_table,S01,PDF p15,not commissioned
H14,1814-04,Genoa Venice Corfu,line_hulls_location,2,ships,historical_table,S01,PDF p15,not cumulative Italian yard production
H15,1814,French naval ports,afloat_plus_on_stocks,104,ships,mixed_status_secondary,S03,printed p83,not 104 usable; precise boundary not aligned with H10
H16,after-1814-04-23,postwar France,afloat_listed_available,52,ships,quoted_1820_report,S08,Vaisseaux existant en1814,after territorial settlement; not Empire total
H17,after-1814-04-23,postwar France,under_construction,19,ships,quoted_1820_report,S08,Vaisseaux existant en1814,not usable afloat ships
H18,1819-end-budget1820,postwar France,afloat,48,ships,quoted_1820_report,S08,Vaisseaux mis a eau,some explicitly never rearmable
H19,1819-end,postwar France,under_construction,10,ships,quoted_1820_report,S08,Vaisseaux en construction,not fleet in commission
P01,1810,France,real_mariners_estimate,30000,persons,contemporary_estimate_secondary,S01,PDF p16,Ganteaume estimate; not census or total naval personnel
P02,1806,Netherlands,matelots,7693,persons,contemporary_report_secondary,S01,PDF p17,different from all active service
P03,1806,Netherlands,all_active_navy_personnel,12373,persons,contemporary_report_secondary,S01,PDF p17 note83,contains more categories than matelots
P04,1810-07-16,Netherlands,matelots_upper_bound,4000,persons,upper_bound_report,S01,PDF p17 note84,actual described as fewer than4000
P05,1810-10,Denmark,mariners,7584,persons,contemporary_report_secondary,S01,PDF p17,excludes ~1000 at Flushing
P06,1810,Denmark,immediately_additionally_available,200,persons,contemporary_report_secondary,S01,PDF p17,not entire register
P07,1811,Empire coastal departments,maritime_conscript_levy,20000,persons,levy_order,S01,PDF p18,not actual arrival or trained seamen
P08,1811,departments outside present France,share_of_maritime_conscript_levy,70,percent,secondary_estimate,S01,PDF p18,present France geographic definition
P09,1825,France,inscription_register_total,94611,persons,historical_register_secondary,S07,printed p52,not navy in service
P10,1825,France,pettyofficers_seamen_novices_boys,73053,persons,historical_register_secondary,S07,printed p52,not all skilled
P11,1845,France,inscription_register_total,125272,persons,historical_register_secondary,S07,printed p52,not navy in service
P12,1845,France,pettyofficers_seamen_novices_boys,101306,persons,historical_register_secondary,S07,printed p52,not all skilled
B01,1810,France,annual_programme_discussion,200000000,francs,plan_not_actual,S01,PDF p24 note116,original archives not personally read
B02,1812,France,construction_and_maintenance_assessment,223404900,francs,plan_not_actual,S01,PDF p24 note116,not expenditure
B03,1813,France,construction_and_maintenance_assessment,255746100,francs,plan_not_actual,S01,PDF p24 note116,not expenditure
B04,1814,France,maintenance_assessment,145919400,francs,plan_not_actual,S01,PDF p24 note116,not expenditure
B05,1812,France,reduced_budget,190000000,francs,budget_not_actual,S01,PDF p24 note116,not original high assessment
Y01,1811-03-05,Antwerp,slips_target,18,slips,order_not_observed,S04,letter to Decres,3years occupation envisaged
Y02,1811-03-05,Antwerp,annual_launch_target,6,ships_per_year,order_not_observed,S04,letter to Decres,not whole French navy
Y03,1811-10-02,Antwerp,annual_launch_target,8,ships_per_year,order_not_observed,S06,letter to Decres,not whole French navy
R01,1805-inventory,Antwerp supply basin,share_oaks_girth_atleast5Frenchfeet,62,percent_approximately,historical_inventory_secondary,S02,paragraph10,not share of all Europe forests
R02,naval_building_coefficient,80gun,oak_per_hull,3737,source_steres,technical_coefficient_secondary,S02,paragraph3,not automatically solid cubicmetres
C01,1803-1814,French privateering,enemy_ship_captures,5314,capture_events,secondary_cumulative,S09,paragraph40,not net merchant stock loss
C02,1803-1814,French privateering,privateers_captured,440,ships,secondary_cumulative,S09,paragraph40,not independent skill loss coefficient
C03,1803-1814,French privateering,mariners_captured,27000,persons,secondary_cumulative,S09,paragraph40,not additional to all other POW figures
