record_type,branch,mapped_S,bound,year,time_note,france_line_hulls,france_line_launches,france_line_natural_exit,france_line_war_loss,france_A12,france_commissioned_line,france_frst,france_smst,france_fr_launches,france_sm_launches,france_fr_exit,france_sm_exit,france_fr_commissioned,france_sm_commissioned,france_total_personnel,france_qualified_personnel,france_sea_training_days_assumed,france_officers_8yr_share_ASSUMED,france_budget_planning_floor_million_francs_ASSUMED,britain_line_hulls,britain_line_launches,britain_line_exit_implied,britain_A12,britain_commissioned_line,britain_frst,britain_smst,britain_fr_launches,britain_sm_launches,britain_fr_exit_implied,britain_sm_exit_implied,britain_fr_commissioned,britain_sm_commissioned,britain_total_personnel,britain_sea_training_days_ASSUMED,britain_officers_8yr_share_ASSUMED,britain_budget_min_million_GBP_at_1812_level,britain_budget_max_million_GBP_at_1812_level,france_line_displacement_tonnes_ASSUMED,britain_line_displacement_tonnes_ASSUMED,tonnage_ratio_FR_over_UK,france_effective_A12_tonnes_ASSUMED,britain_effective_A12_tonnes_ASSUMED,effectiveness_ratio_FR_over_UK,uk_skill_factor_ASSUMED,fr_skill_factor_ASSUMED
CONDITIONAL_MODEL_NOT_OBSERVATION,W,S2/S3,low,1815,common_pre_truce_1815,72.145,8.0,2.380895,1.5,50,40,44.711,43.538,4.0,4.0,2.232,4.24,31.3,30.48,68190,41738,30.0,0.35,165,120.0,6,6.8,105.0,100.0,120.0,220.0,5,16,3.0,15.0,100.0,200.0,130000,140,0.78,15.05,19.65,230862.963,408000.0,0.5658,88000.0,339150.0,0.2595,0.95,0.55
CONDITIONAL_MODEL_NOT_OBSERVATION,W,S2/S3,low,1816,annual_planning_year,73.316,7.0,4.328681,1.5,51,40,44.175,43.319,2.0,4.0,2.536,4.218,30.92,30.32,69371,42817,30.0,0.365,165,121.0,6,5.0,106.0,100.0,121.0,221.0,5,16,4.0,15.0,100.0,200.0,130000,140,0.783,15.05,19.65,234611.187,411400.0,0.5703,90848.054,343581.333,0.2644,0.9533,0.556667
CONDITIONAL_MODEL_NOT_OBSERVATION,W,S2/S3,low,1817,annual_planning_year,74.417,7.0,4.39896,1.5,52,41,43.667,43.121,2.0,4.0,2.509,4.199,30.57,30.18,70434,43819,30.0,0.381,165,122.0,6,5.0,107.0,100.0,122.0,222.0,5,16,4.0,15.0,100.0,200.0,130000,140,0.787,15.05,19.65,238134.515,414800.0,0.5741,93738.611,348035.333,0.2693,0.9567,0.563333
CONDITIONAL_MODEL_NOT_OBSERVATION,W,S2/S3,low,1818,annual_planning_year,75.452,7.0,4.465022,1.5,52,41,43.183,42.94,2.0,4.0,2.483,4.181,30.23,30.06,71391,44752,30.0,0.396,165,123.0,6,5.0,108.0,100.0,123.0,223.0,5,16,4.0,15.0,100.0,200.0,130000,140,0.79,15.05,19.65,241446.445,418200.0,0.5773,94848.0,352512.0,0.2691,0.96,0.57
CONDITIONAL_MODEL_NOT_OBSERVATION,W,S2/S3,low,1819,annual_planning_year,76.425,7.0,4.527121,1.5,53,42,42.724,42.775,2.0,4.0,2.459,4.165,29.91,29.94,72252,45619,30.0,0.411,165,124.0,6,5.0,109.0,100.0,124.0,224.0,5,16,4.0,15.0,100.0,200.0,130000,140,0.793,15.05,19.65,244559.658,421600.0,0.5801,97802.723,357011.333,0.2739,0.9633,0.576667
CONDITIONAL_MODEL_NOT_OBSERVATION,W,S2/S3,low,1820,annual_planning_year,77.339,7.0,4.585494,1.5,54,43,42.288,42.626,2.0,4.0,2.436,4.15,29.6,29.84,73026,46426,30.0,0.427,165,125.0,6,5.0,110.0,100.0,125.0,225.0,5,16,4.0,15.0,100.0,200.0,130000,140,0.797,15.05,19.65,247486.077,425000.0,0.5823,100799.942,361533.333,0.2788,0.9667,0.583333
CONDITIONAL_MODEL_NOT_OBSERVATION,W,S2/S3,low,1821,annual_planning_year,77.199,6.0,4.640364,1.5,54,43,41.873,42.489,2.0,4.0,2.414,4.136,29.31,29.74,73724,47176,30.0,0.442,165,126.0,6,5.0,111.0,101.0,126.0,226.0,5,16,4.0,15.0,100.0,200.0,130650,140,0.8,15.105,19.718,247036.912,428400.0,0.5767,101952.0,366078.0,0.2785,0.97,0.59
CONDITIONAL_MODEL_NOT_OBSERVATION,W,S2/S3,low,1822,annual_planning_year,77.067,6.0,4.631942,1.5,53,42,41.48,42.365,2.0,4.0,2.394,4.124,29.04,29.66,74351,47874,30.0,0.457,165,127.0,6,5.0,112.0,102.0,127.0,227.0,5,16,4.0,15.0,100.0,200.0,131300,140,0.803,15.161,19.787,246614.698,431800.0,0.5711,101194.723,370645.333,0.273,0.9733,0.596667
CONDITIONAL_MODEL_NOT_OBSERVATION,W,S2/S3,low,1823,annual_planning_year,76.943,6.0,4.624026,1.5,53,42,41.106,42.252,2.0,4.0,2.374,4.113,28.77,29.58,74916,48523,30.0,0.473,165,128.0,6,5.0,113.0,103.0,128.0,228.0,5,16,4.0,15.0,100.0,200.0,131950,140,0.807,15.216,19.855,246217.818,435200.0,0.5658,102325.277,375235.333,0.2727,0.9767,0.603333
CONDITIONAL_MODEL_NOT_OBSERVATION,W,S2/S3,low,1824,annual_planning_year,76.826,6.0,4.616584,1.5,53,42,40.75,42.15,2.0,4.0,2.355,4.103,28.53,29.5,75425,49126,30.0,0.488,165,129.0,6,5.0,114.0,104.0,129.0,229.0,5,16,4.0,15.0,100.0,200.0,132600,140,0.81,15.271,19.923,245844.749,438600.0,0.5605,103456.0,379848.0,0.2724,0.98,0.61
CONDITIONAL_MODEL_NOT_OBSERVATION,W,S2/S3,low,1825,annual_planning_year,76.717,6.0,4.609589,1.5,53,42,40.413,42.056,2.0,4.0,2.338,4.093,28.29,29.44,75882,49687,30.0,0.503,165,130.0,6,5.0,115.0,105.0,130.0,230.0,5,16,4.0,15.0,100.0,200.0,133250,140,0.813,15.326,19.991,245494.064,442000.0,0.5554,104586.723,384483.333,0.272,0.9833,0.616667
CONDITIONAL_MODEL_NOT_OBSERVATION,W,S2/S3,low,1826,annual_planning_year,76.614,6.0,4.603014,1.5,53,42,40.092,41.971,2.0,4.0,2.321,4.085,28.06,29.38,76294,50209,30.0,0.519,165,130.0,6,6.0,115.0,105.0,130.4,231.0,5,16,4.6,15.0,100.0,200.0,133250,140,0.817,15.326,19.991,245164.419,442000.0,0.5547,105717.277,385786.667,0.274,0.9867,0.623333
CONDITIONAL_MODEL_NOT_OBSERVATION,W,S2/S3,low,1827,annual_planning_year,76.517,6.0,4.596833,1.5,53,42,39.788,41.894,2.0,4.0,2.305,4.077,27.85,29.33,76665,50695,30.0,0.534,165,130.0,6,6.0,115.0,105.0,130.8,232.0,5,16,4.6,15.0,100.0,200.0,133250,140,0.82,15.326,19.991,244854.554,442000.0,0.554,106848.0,387090.0,0.276,0.99,0.63
CONDITIONAL_MODEL_NOT_OBSERVATION,W,S2/S3,low,1828,annual_planning_year,76.426,6.0,4.591023,1.5,53,42,39.498,41.823,2.0,4.0,2.289,4.07,27.65,29.28,76998,51146,30.0,0.549,165,130.0,6,6.0,115.0,105.0,131.2,233.0,5,16,4.6,15.0,100.0,200.0,133250,140,0.823,15.326,19.991,244563.28,442000.0,0.5533,107978.723,388393.333,0.278,0.9933,0.636667
CONDITIONAL_MODEL_NOT_OBSERVATION,W,S2/S3,low,1829,annual_planning_year,76.34,6.0,4.585562,1.5,53,42,39.223,41.759,2.0,4.0,2.275,4.064,27.46,29.23,77298,51566,30.0,0.565,165,130.0,6,6.0,115.0,105.0,131.6,234.0,5,16,4.6,15.0,100.0,200.0,133250,140,0.827,15.326,19.991,244289.485,442000.0,0.5527,109109.277,389696.667,0.28,0.9967,0.643333
CONDITIONAL_MODEL_NOT_OBSERVATION,W,S2/S3,low,1830,annual_planning_year,76.26,6.0,4.580428,1.5,53,42,38.962,41.701,2.0,4.0,2.261,4.058,27.27,29.19,77568,51956,30.0,0.58,165,130.0,6,6.0,115.0,105.0,132.0,235.0,5,16,4.6,15.0,100.0,200.0,133250,140,0.83,15.326,19.991,244032.115,442000.0,0.5521,110240.0,391000.0,0.2819,1.0,0.65
CONDITIONAL_MODEL_NOT_OBSERVATION,W,S2/S3,base,1815,common_pre_truce_1815,86.86,10.0,1.996419,1.0,65,56,54.77,56.705,5.0,5.0,2.282,4.713,41.08,42.53,82336,49313,55.0,0.45,195,127.5,7,6.3,115.0,107.5,127.5,237.5,6.5,19.0,4.0,17.5,107.5,215.0,138625,175,0.83,15.783,20.556,304011.173,459000.0,0.6623,147875.0,414000.0,0.3572,1.0,0.65
CONDITIONAL_MODEL_NOT_OBSERVATION,W,S2/S3,base,1816,annual_planning_year,90.017,8.5,4.343017,1.0,68,59,54.606,56.968,2.5,5.0,2.665,4.736,40.95,42.73,84926,50855,55.0,0.465,195,129.0,7,5.5,116.5,108.0,129.0,239.0,6.5,19.0,5.0,17.5,106.0,212.0,138200,175,0.833,15.747,20.511,315060.613,464400.0,0.6784,156286.746,420798.0,0.3714,1.0033,0.656667
CONDITIONAL_MODEL_NOT_OBSERVATION,W,S2/S3,base,1817,annual_planning_year,93.016,8.5,4.500866,1.0,71,62,54.448,57.211,2.5,5.0,2.657,4.757,40.84,42.91,87283,52303,55.0,0.479,195,130.5,7,5.5,118.0,108.5,130.5,240.5,6.5,19.0,5.0,17.5,104.5,209.0,137775,175,0.837,15.711,20.466,325557.582,469800.0,0.693,164838.25,427632.0,0.3855,1.0067,0.663333
CONDITIONAL_MODEL_NOT_OBSERVATION,W,S2/S3,base,1818,annual_planning_year,95.866,8.5,4.650823,1.0,74,64,54.298,57.434,2.5,5.0,2.65,4.777,40.72,43.08,89427,53665,55.0,0.494,195,132.0,7,5.5,119.5,109.0,132.0,242.0,6.5,19.0,5.0,17.5,103.0,206.0,137350,175,0.84,15.675,20.422,335529.705,475200.0,0.7061,173530.0,434502.0,0.3994,1.01,0.67
CONDITIONAL_MODEL_NOT_OBSERVATION,W,S2/S3,base,1819,annual_planning_year,98.572,8.5,4.793281,1.0,76,66,54.155,57.639,2.5,5.0,2.643,4.795,40.62,43.23,91379,54945,55.0,0.509,195,133.5,7,5.5,121.0,109.5,133.5,243.5,6.5,19.0,5.0,17.5,101.5,203.0,136925,175,0.843,15.639,20.377,345003.218,480600.0,0.7179,179993.422,441408.0,0.4078,1.0133,0.676667
CONDITIONAL_MODEL_NOT_OBSERVATION,W,S2/S3,base,1820,annual_planning_year,101.144,8.5,4.928617,1.0,78,68,54.018,57.828,2.5,5.0,2.637,4.811,40.51,43.37,93155,56148,55.0,0.523,195,135.0,7,5.5,122.5,110.0,135.0,245.0,6.5,19.0,5.0,17.5,100.0,200.0,136500,175,0.847,15.602,20.332,354003.058,486000.0,0.7284,186549.909,448350.0,0.4161,1.0167,0.683333
CONDITIONAL_MODEL_NOT_OBSERVATION,W,S2/S3,base,1821,annual_planning_year,102.087,7.0,5.057187,1.0,79,69,53.887,58.002,2.5,5.0,2.631,4.826,40.42,43.5,94771,57280,55.0,0.538,195,136.5,7,5.5,124.0,111.0,136.0,246.5,6.5,19.0,5.5,17.5,100.0,200.0,137150,175,0.85,15.658,20.401,357302.904,491400.0,0.7271,190785.0,455328.0,0.419,1.02,0.69
CONDITIONAL_MODEL_NOT_OBSERVATION,W,S2/S3,base,1822,annual_planning_year,102.982,7.0,5.104327,1.0,79,69,53.762,58.162,2.5,5.0,2.625,4.84,40.32,43.62,96241,58343,55.0,0.553,195,138.0,7,5.5,125.5,112.0,137.0,248.0,6.5,19.0,5.5,17.5,100.0,200.0,137800,175,0.853,15.713,20.469,360437.76,496800.0,0.7255,192628.426,462342.0,0.4166,1.0233,0.696667
CONDITIONAL_MODEL_NOT_OBSERVATION,W,S2/S3,base,1823,annual_planning_year,103.833,7.0,5.149111,1.0,80,70,53.643,58.309,2.5,5.0,2.619,4.853,40.23,43.73,97580,59342,55.0,0.567,195,139.5,7,5.5,127.0,113.0,138.0,249.5,6.5,19.0,5.5,17.5,100.0,200.0,138450,175,0.857,15.768,20.537,363415.871,502200.0,0.7236,196933.24,469392.0,0.4195,1.0267,0.703333
CONDITIONAL_MODEL_NOT_OBSERVATION,W,S2/S3,base,1824,annual_planning_year,104.641,7.0,5.191655,1.0,81,70,53.529,58.444,2.5,5.0,2.614,4.865,40.15,43.83,98798,60282,55.0,0.582,195,141.0,7,5.5,128.5,114.0,139.0,251.0,6.5,19.0,5.5,17.5,100.0,200.0,139100,175,0.86,15.823,20.605,366245.079,507600.0,0.7215,201285.0,476478.0,0.4224,1.03,0.71
CONDITIONAL_MODEL_NOT_OBSERVATION,W,S2/S3,base,1825,annual_planning_year,105.409,7.0,5.232073,1.0,81,70,53.42,58.569,2.5,5.0,2.609,4.876,40.07,43.93,99906,61165,55.0,0.597,195,142.5,7,5.5,130.0,115.0,140.0,252.5,6.5,19.0,5.5,17.5,100.0,200.0,139750,175,0.863,15.879,20.674,368932.823,513000.0,0.7192,203175.095,483600.0,0.4201,1.0333,0.716667
CONDITIONAL_MODEL_NOT_OBSERVATION,W,S2/S3,base,1826,annual_planning_year,106.139,7.0,5.270469,1.0,82,71,53.316,58.683,2.5,5.0,2.604,4.885,39.99,44.01,100914,61995,55.0,0.611,195,142.5,7,7.0,130.0,115.0,140.7,254.0,6.5,19.0,5.8,17.5,100.0,200.0,139750,175,0.867,15.879,20.674,371486.182,513000.0,0.7241,207596.571,485160.0,0.4279,1.0367,0.723333
CONDITIONAL_MODEL_NOT_OBSERVATION,W,S2/S3,base,1827,annual_planning_year,106.832,7.0,5.306945,1.0,82,71,53.217,58.788,2.5,5.0,2.599,4.895,39.91,44.09,101832,62775,55.0,0.626,195,142.5,7,7.0,130.0,115.0,141.4,255.5,6.5,19.0,5.8,17.5,100.0,200.0,139750,175,0.87,15.879,20.674,373911.874,513000.0,0.7289,209510.0,486720.0,0.4305,1.04,0.73
CONDITIONAL_MODEL_NOT_OBSERVATION,W,S2/S3,base,1828,annual_planning_year,107.49,7.0,5.341598,1.0,83,72,53.122,58.885,2.5,5.0,2.595,4.903,39.84,44.16,102667,63509,55.0,0.641,195,142.5,7,7.0,130.0,115.0,142.1,257.0,6.5,19.0,5.8,17.5,100.0,200.0,139750,175,0.873,15.879,20.674,376216.281,513000.0,0.7334,214001.764,488280.0,0.4383,1.0433,0.736667
CONDITIONAL_MODEL_NOT_OBSERVATION,W,S2/S3,base,1829,annual_planning_year,108.116,7.0,5.374518,1.0,83,72,53.032,58.974,2.5,5.0,2.59,4.911,39.77,44.23,103427,64198,55.0,0.655,195,142.5,7,7.0,130.0,115.0,142.8,258.5,6.5,19.0,5.8,17.5,100.0,200.0,139750,175,0.877,15.879,20.674,378405.468,513000.0,0.7376,215938.236,489840.0,0.4408,1.0467,0.743333
CONDITIONAL_MODEL_NOT_OBSERVATION,W,S2/S3,base,1830,annual_planning_year,108.71,7.0,5.405792,1.0,84,73,52.945,59.057,2.5,5.0,2.586,4.918,39.71,44.29,104119,64846,55.0,0.67,195,142.5,7,7.0,130.0,115.0,143.5,260.0,6.5,19.0,5.8,17.5,100.0,200.0,139750,175,0.88,15.879,20.674,380485.193,513000.0,0.7417,220500.0,491400.0,0.4487,1.05,0.75
CONDITIONAL_MODEL_NOT_OBSERVATION,W,S2/S3,high,1815,common_pre_truce_1815,102.162,12.0,1.380632,0.5,77,73,65.163,70.869,6.0,6.0,2.249,4.99,52.13,56.7,97273,57442,80.0,0.55,245,135.0,8,5.8,125.0,115.0,135.0,255.0,8,22,5.0,20.0,115.0,230.0,147250,210,0.88,16.516,21.461,388213.727,526500.0,0.7373,219450.0,511875.0,0.4287,1.05,0.75
CONDITIONAL_MODEL_NOT_OBSERVATION,W,S2/S3,high,1816,annual_planning_year,107.575,10.0,4.08646,0.5,83,78,65.957,71.808,3.5,6.0,2.707,5.061,52.77,57.45,101492,59570,80.0,0.564,245,137.0,8,6.0,127.0,116.0,137.0,257.0,8,22,6.0,20.0,112.0,224.0,146400,210,0.883,16.444,21.372,408785.175,534300.0,0.7651,238652.772,521716.0,0.4574,1.0533,0.756667
CONDITIONAL_MODEL_NOT_OBSERVATION,W,S2/S3,high,1817,annual_planning_year,112.772,10.0,4.303002,0.5,87,82,66.719,72.681,3.5,6.0,2.738,5.127,53.37,58.15,105372,61591,80.0,0.578,245,139.0,8,6.0,129.0,117.0,139.0,259.0,8,22,6.0,20.0,109.0,218.0,145550,210,0.887,16.372,21.283,428533.771,542100.0,0.7905,252357.89,531609.0,0.4747,1.0567,0.763333
CONDITIONAL_MODEL_NOT_OBSERVATION,W,S2/S3,high,1818,annual_planning_year,117.761,10.0,4.510882,0.5,92,87,67.45,73.494,3.5,6.0,2.769,5.188,53.96,58.8,108942,63512,80.0,0.592,245,141.0,8,6.0,131.0,118.0,141.0,261.0,8,22,6.0,20.0,106.0,212.0,144700,210,0.89,16.299,21.194,447492.419,549900.0,0.8138,269192.0,541554.0,0.4971,1.06,0.77
CONDITIONAL_MODEL_NOT_OBSERVATION,W,S2/S3,high,1819,annual_planning_year,122.551,10.0,4.710447,0.5,96,91,68.152,74.249,3.5,6.0,2.798,5.245,54.52,59.4,112227,65336,80.0,0.606,245,143.0,8,6.0,133.0,119.0,143.0,263.0,8,22,6.0,20.0,103.0,206.0,143850,210,0.893,16.227,21.104,465692.721,557700.0,0.835,283328.122,551551.0,0.5137,1.0633,0.776667
CONDITIONAL_MODEL_NOT_OBSERVATION,W,S2/S3,high,1820,annual_planning_year,127.149,10.0,4.902029,0.5,100,95,68.826,74.952,3.5,6.0,2.826,5.297,55.06,59.96,115249,67069,80.0,0.62,245,145.0,8,6.0,135.0,120.0,145.0,265.0,8,22,6.0,20.0,100.0,200.0,143000,210,0.897,16.155,21.015,483165.014,565500.0,0.8544,297666.54,561600.0,0.53,1.0667,0.783333
CONDITIONAL_MODEL_NOT_OBSERVATION,W,S2/S3,high,1821,annual_planning_year,129.563,8.0,5.085948,0.5,103,97,69.473,75.605,3.5,6.0,2.853,5.347,55.58,60.48,118029,68716,80.0,0.634,245,147.0,8,6.0,137.0,121.0,146.0,267.0,8,22,7.0,20.0,100.0,200.0,143650,210,0.9,16.21,21.083,492338.412,573300.0,0.8588,309206.0,571701.0,0.5409,1.07,0.79
CONDITIONAL_MODEL_NOT_OBSERVATION,W,S2/S3,high,1822,annual_planning_year,131.88,8.0,5.18251,0.5,106,100,70.094,76.213,3.5,6.0,2.879,5.392,56.08,60.97,120587,70280,80.0,0.648,245,149.0,8,6.0,139.0,122.0,147.0,269.0,8,22,7.0,20.0,100.0,200.0,144300,210,0.903,16.265,21.151,501144.874,581100.0,0.8624,320897.468,581854.0,0.5515,1.0733,0.796667
CONDITIONAL_MODEL_NOT_OBSERVATION,W,S2/S3,high,1823,annual_planning_year,134.105,8.0,5.275209,0.5,109,103,70.69,76.778,3.5,6.0,2.904,5.435,56.55,61.42,122940,71766,80.0,0.662,245,151.0,8,6.0,141.0,123.0,148.0,271.0,8,22,7.0,20.0,100.0,200.0,144950,210,0.907,16.321,21.22,509599.08,588900.0,0.8653,332740.529,592059.0,0.562,1.0767,0.803333
CONDITIONAL_MODEL_NOT_OBSERVATION,W,S2/S3,high,1824,annual_planning_year,136.241,8.0,5.364201,0.5,112,106,71.262,77.303,3.5,6.0,2.928,5.474,57.01,61.84,125105,73178,80.0,0.676,245,153.0,8,6.0,143.0,124.0,149.0,273.0,8,22,7.0,20.0,100.0,200.0,145600,210,0.91,16.376,21.288,517715.116,596700.0,0.8676,344736.0,602316.0,0.5724,1.08,0.81
CONDITIONAL_MODEL_NOT_OBSERVATION,W,S2/S3,high,1825,annual_planning_year,138.291,8.0,5.449633,0.5,115,109,71.812,77.792,3.5,6.0,2.95,5.511,57.45,62.23,127096,74519,80.0,0.69,245,155.0,8,6.0,145.0,125.0,150.0,275.0,8,22,7.0,20.0,100.0,200.0,146250,210,0.913,16.431,21.356,525506.514,604500.0,0.8693,356883.479,612625.0,0.5825,1.0833,0.816667
CONDITIONAL_MODEL_NOT_OBSERVATION,W,S2/S3,high,1826,annual_planning_year,140.26,8.0,5.531648,0.5,117,111,72.339,78.247,3.5,6.0,2.972,5.545,57.87,62.6,128929,75793,80.0,0.704,245,155.0,8,8.0,145.0,125.0,151.0,277.0,8,22,7.0,20.0,100.0,200.0,146250,210,0.917,16.431,21.356,532986.252,604500.0,0.8817,366053.852,614510.0,0.5957,1.0867,0.823333
CONDITIONAL_MODEL_NOT_OBSERVATION,W,S2/S3,high,1827,annual_planning_year,142.149,8.0,5.610382,0.5,119,113,72.846,78.669,3.5,6.0,2.994,5.577,58.28,62.94,130614,77003,80.0,0.718,245,155.0,8,8.0,145.0,125.0,152.0,279.0,8,22,7.0,20.0,100.0,200.0,146250,210,0.92,16.431,21.356,540166.8,604500.0,0.8936,375326.0,616395.0,0.6089,1.09,0.83
CONDITIONAL_MODEL_NOT_OBSERVATION,W,S2/S3,high,1828,annual_planning_year,143.963,8.0,5.685966,0.5,121,114,73.332,79.063,3.5,6.0,3.014,5.607,58.67,63.25,132165,78153,80.0,0.732,245,155.0,8,8.0,145.0,125.0,153.0,281.0,8,22,7.0,20.0,100.0,200.0,146250,210,0.923,16.431,21.356,547060.13,604500.0,0.905,384699.487,618280.0,0.6222,1.0933,0.836667
CONDITIONAL_MODEL_NOT_OBSERVATION,W,S2/S3,high,1829,annual_planning_year,145.705,8.0,5.758528,0.5,123,116,73.799,79.428,3.5,6.0,3.033,5.634,59.04,63.54,133592,79246,80.0,0.746,245,155.0,8,8.0,145.0,125.0,154.0,283.0,8,22,7.0,20.0,100.0,200.0,146250,210,0.927,16.431,21.356,553677.723,604500.0,0.9159,394173.844,620165.0,0.6356,1.0967,0.843333
CONDITIONAL_MODEL_NOT_OBSERVATION,W,S2/S3,high,1830,annual_planning_year,147.376,8.0,5.828187,0.5,124,117,74.247,79.768,3.5,6.0,3.052,5.66,59.4,63.81,134905,80283,80.0,0.76,245,155.0,8,8.0,145.0,125.0,155.0,285.0,8,22,7.0,20.0,100.0,200.0,146250,210,0.93,16.431,21.356,560030.616,604500.0,0.9264,400520.0,622050.0,0.6439,1.1,0.85
CONDITIONAL_MODEL_NOT_OBSERVATION,P,S1/S2-truce/S5,low,1815,common_pre_truce_1815,72.145,8.0,2.380895,1.5,50,40,44.711,43.538,4.0,4.0,2.232,4.24,31.3,30.48,68190,41738,30.0,0.35,165,120.0,6,6.8,105.0,100.0,120.0,220.0,5,16,3.0,15.0,100.0,200.0,130000,140,0.78,15.05,19.65,230862.963,408000.0,0.5658,88000.0,339150.0,0.2595,0.95,0.55
CONDITIONAL_MODEL_NOT_OBSERVATION,P,S1/S2-truce/S5,low,1816,annual_planning_year,76.698,8.0,3.24651,0.2,46,20,45.649,46.44,3.0,6.0,2.062,3.098,15.98,16.25,72099,45069,90.0,0.37,165,121.0,6,5.0,91.0,45.0,121.0,221.0,5,16,4.0,15.0,50.0,60.0,59850,100,0.776,9.087,12.284,245434.131,411400.0,0.5966,83904.0,292898.667,0.2865,0.9467,0.57
CONDITIONAL_MODEL_NOT_OBSERVATION,P,S1/S2-truce/S5,low,1817,annual_planning_year,81.047,8.0,3.451417,0.2,50,22,46.545,49.139,3.0,6.0,2.104,3.301,16.29,17.2,75773,48266,90.0,0.39,165,122.0,6,5.0,92.0,45.0,122.0,222.0,5,16,4.0,15.0,50.0,60.0,59850,100,0.772,9.087,12.284,259349.594,414800.0,0.6252,94400.0,295074.667,0.3199,0.9433,0.59
CONDITIONAL_MODEL_NOT_OBSERVATION,P,S1/S2-truce/S5,low,1818,annual_planning_year,85.2,8.0,3.647104,0.2,55,24,47.4,51.65,3.0,6.0,2.145,3.49,16.59,18.08,79226,51335,90.0,0.41,165,123.0,6,5.0,93.0,45.0,123.0,223.0,5,16,4.0,15.0,50.0,60.0,59850,100,0.768,9.087,12.284,272638.864,418200.0,0.6519,107360.0,297228.0,0.3612,0.94,0.61
CONDITIONAL_MODEL_NOT_OBSERVATION,P,S1/S2-truce/S5,low,1819,annual_planning_year,89.166,8.0,3.833984,0.2,59,26,48.217,53.984,3.0,6.0,2.183,3.665,16.88,18.89,82473,54282,90.0,0.43,165,124.0,6,5.0,94.0,45.0,124.0,224.0,5,16,4.0,15.0,50.0,60.0,59850,100,0.764,9.087,12.284,285330.115,421600.0,0.6768,118944.0,299358.667,0.3973,0.9367,0.63
CONDITIONAL_MODEL_NOT_OBSERVATION,P,S1/S2-truce/S5,low,1820,annual_planning_year,92.953,8.0,4.012455,0.2,63,28,48.997,56.155,3.0,6.0,2.22,3.829,17.15,19.65,85525,57111,90.0,0.45,165,125.0,6,5.0,95.0,45.0,125.0,225.0,5,16,4.0,15.0,50.0,60.0,59850,100,0.76,9.087,12.284,297450.259,425000.0,0.6999,131040.0,301466.667,0.4347,0.9333,0.65
CONDITIONAL_MODEL_NOT_OBSERVATION,P,S1/S2-truce/S5,low,1821,annual_planning_year,94.57,6.0,4.182894,0.2,60,27,49.742,58.174,3.0,6.0,2.255,3.981,17.41,20.36,88393,59826,90.0,0.47,165,126.0,6,5.0,96.0,45.0,126.0,226.0,5,16,4.0,15.0,50.0,60.0,59850,100,0.756,9.087,12.284,302624.998,428400.0,0.7064,128640.0,303552.0,0.4238,0.93,0.67
CONDITIONAL_MODEL_NOT_OBSERVATION,P,S1/S2-truce/S5,low,1822,annual_planning_year,96.115,6.0,4.255664,0.2,63,28,50.454,60.052,3.0,6.0,2.288,4.122,17.66,21.02,91089,62433,90.0,0.49,165,127.0,6,5.0,97.0,45.0,127.0,227.0,5,16,4.0,15.0,50.0,60.0,59850,100,0.752,9.087,12.284,307566.874,431800.0,0.7123,139104.0,305614.667,0.4552,0.9267,0.69
CONDITIONAL_MODEL_NOT_OBSERVATION,P,S1/S2-truce/S5,low,1823,annual_planning_year,97.589,6.0,4.325159,0.2,67,30,51.134,61.799,3.0,6.0,2.32,4.254,17.9,21.63,93624,64936,90.0,0.51,165,128.0,6,5.0,98.0,45.0,128.0,228.0,5,16,4.0,15.0,50.0,60.0,59850,100,0.748,9.087,12.284,312286.365,435200.0,0.7176,152224.0,307654.667,0.4948,0.9233,0.71
CONDITIONAL_MODEL_NOT_OBSERVATION,P,S1/S2-truce/S5,low,1824,annual_planning_year,98.998,6.0,4.391527,0.2,70,31,51.783,63.423,3.0,6.0,2.351,4.376,18.12,22.2,96007,67338,90.0,0.53,165,129.0,6,5.0,99.0,45.0,129.0,229.0,5,16,4.0,15.0,50.0,60.0,59850,100,0.744,9.087,12.284,316793.478,438600.0,0.7223,163520.0,309672.0,0.528,0.92,0.73
CONDITIONAL_MODEL_NOT_OBSERVATION,P,S1/S2-truce/S5,low,1825,annual_planning_year,100.343,6.0,4.454908,0.2,72,32,52.402,64.933,3.0,6.0,2.38,4.49,18.34,22.73,98246,69645,90.0,0.55,165,130.0,6,5.0,100.0,45.0,130.0,230.0,5,16,4.0,15.0,50.0,60.0,59850,100,0.74,9.087,12.284,321097.77,442000.0,0.7265,172800.0,311666.667,0.5544,0.9167,0.75
CONDITIONAL_MODEL_NOT_OBSERVATION,P,S1/S2-truce/S5,low,1826,annual_planning_year,101.628,6.0,4.515437,0.2,75,33,52.994,66.338,3.0,6.0,2.408,4.595,18.55,23.22,100351,71859,90.0,0.57,165,130.0,6,6.0,100.0,45.0,130.4,231.0,5,16,4.6,15.0,50.0,60.0,59850,100,0.736,9.087,12.284,325208.371,442000.0,0.7358,184800.0,310533.333,0.5951,0.9133,0.77
CONDITIONAL_MODEL_NOT_OBSERVATION,P,S1/S2-truce/S5,low,1827,annual_planning_year,102.854,6.0,4.573243,0.2,77,34,53.56,67.644,3.0,6.0,2.435,4.694,18.75,23.68,102330,73985,90.0,0.59,165,130.0,6,6.0,100.0,45.0,130.8,232.0,5,16,4.6,15.0,50.0,60.0,59850,100,0.732,9.087,12.284,329133.994,442000.0,0.7446,194656.0,309400.0,0.6291,0.91,0.79
CONDITIONAL_MODEL_NOT_OBSERVATION,P,S1/S2-truce/S5,low,1828,annual_planning_year,104.026,6.0,4.628447,0.2,80,36,54.099,68.859,3.0,6.0,2.46,4.785,18.93,24.1,104191,76025,90.0,0.61,165,130.0,6,6.0,100.0,45.0,131.2,233.0,5,16,4.6,15.0,50.0,60.0,59850,100,0.728,9.087,12.284,332882.963,442000.0,0.7531,207360.0,308266.667,0.6727,0.9067,0.81
CONDITIONAL_MODEL_NOT_OBSERVATION,P,S1/S2-truce/S5,low,1829,annual_planning_year,105.145,6.0,4.681167,0.2,82,36,54.615,69.989,3.0,6.0,2.484,4.87,19.12,24.5,105939,77984,90.0,0.63,165,130.0,6,6.0,100.0,45.0,131.6,234.0,5,16,4.6,15.0,50.0,60.0,59850,100,0.724,9.087,12.284,336463.232,442000.0,0.7612,217792.0,307133.333,0.7091,0.9033,0.83
CONDITIONAL_MODEL_NOT_OBSERVATION,P,S1/S2-truce/S5,low,1830,annual_planning_year,106.213,6.0,4.731514,0.2,84,37,55.107,71.04,3.0,6.0,2.508,4.949,19.29,24.86,107583,79865,90.0,0.65,165,130.0,6,6.0,100.0,45.0,132.0,235.0,5,16,4.6,15.0,50.0,60.0,59850,100,0.72,9.087,12.284,339882.387,442000.0,0.769,228480.0,306000.0,0.7467,0.9,0.85
CONDITIONAL_MODEL_NOT_OBSERVATION,P,S1/S2-truce/S5,base,1815,common_pre_truce_1815,86.86,10.0,1.996419,1.0,65,56,54.77,56.705,5.0,5.0,2.282,4.713,41.08,42.53,82336,49313,55.0,0.45,195,127.5,7,6.3,115.0,107.5,127.5,237.5,6.5,19.0,4.0,17.5,107.5,215.0,138625,175,0.83,15.783,20.556,304011.173,459000.0,0.6623,147875.0,414000.0,0.3572,1.0,0.65
CONDITIONAL_MODEL_NOT_OBSERVATION,P,S1/S2-truce/S5,base,1816,annual_planning_year,92.286,9.0,3.474413,0.1,64,35,56.049,60.272,3.5,7.0,2.221,3.432,25.22,27.12,86808,53087,120.0,0.47,195,129.0,7,5.5,106.5,57.5,129.0,239.0,6.5,19.0,5.0,17.5,62.5,75.0,74125,135,0.827,10.301,13.783,323000.727,464400.0,0.6955,149706.592,382122.0,0.3918,0.9967,0.668333
CONDITIONAL_MODEL_NOT_OBSERVATION,P,S1/S2-truce/S5,base,1817,annual_planning_year,97.494,9.0,3.691437,0.1,70,38,57.277,63.626,3.5,7.0,2.272,3.646,25.77,28.63,91033,56729,120.0,0.49,195,130.5,7,5.5,108.0,57.5,130.5,240.5,6.5,19.0,5.0,17.5,62.5,75.0,74125,135,0.823,10.301,13.783,341230.698,469800.0,0.7263,168233.415,386208.0,0.4356,0.9933,0.686667
CONDITIONAL_MODEL_NOT_OBSERVATION,P,S1/S2-truce/S5,base,1818,annual_planning_year,102.495,9.0,3.899779,0.1,75,41,58.456,66.778,3.5,7.0,2.321,3.848,26.31,30.05,95027,60244,120.0,0.51,195,132.0,7,5.5,109.5,57.5,132.0,242.0,6.5,19.0,5.0,17.5,62.5,75.0,74125,135,0.82,10.301,13.783,358731.467,475200.0,0.7549,185062.5,390258.0,0.4742,0.99,0.705
CONDITIONAL_MODEL_NOT_OBSERVATION,P,S1/S2-truce/S5,base,1819,annual_planning_year,107.295,9.0,4.099788,0.1,79,43,59.588,69.742,3.5,7.0,2.368,4.037,26.81,31.38,98800,63635,120.0,0.53,195,133.5,7,5.5,111.0,57.5,133.5,243.5,6.5,19.0,5.0,17.5,62.5,75.0,74125,135,0.817,10.301,13.783,375532.209,480600.0,0.7814,200001.574,394272.0,0.5073,0.9867,0.723333
CONDITIONAL_MODEL_NOT_OBSERVATION,P,S1/S2-truce/S5,base,1820,annual_planning_year,111.903,9.0,4.291797,0.1,84,46,60.675,72.527,3.5,7.0,2.414,4.215,27.3,32.64,102366,66908,120.0,0.55,195,135.0,7,5.5,112.5,57.5,135.0,245.0,6.5,19.0,5.0,17.5,62.5,75.0,74125,135,0.813,10.301,13.783,391660.92,486000.0,0.8059,218050.098,398250.0,0.5475,0.9833,0.741667
CONDITIONAL_MODEL_NOT_OBSERVATION,P,S1/S2-truce/S5,base,1821,annual_planning_year,114.327,7.0,4.476125,0.1,82,45,61.718,75.146,3.5,7.0,2.457,4.382,27.77,33.82,105736,70066,120.0,0.57,195,136.5,7,5.5,114.0,57.5,136.0,246.5,6.5,19.0,5.5,17.5,62.5,75.0,74125,135,0.81,10.301,13.783,400144.486,491400.0,0.8143,218120.0,402192.0,0.5423,0.98,0.76
CONDITIONAL_MODEL_NOT_OBSERVATION,P,S1/S2-truce/S5,base,1822,annual_planning_year,116.654,7.0,4.57308,0.1,86,47,62.719,77.607,3.5,7.0,2.499,4.539,28.22,34.92,108920,73114,120.0,0.59,195,138.0,7,5.5,115.5,57.5,137.0,248.0,6.5,19.0,5.5,17.5,62.5,75.0,74125,135,0.807,10.301,13.783,408288.706,496800.0,0.8218,234278.233,406098.0,0.5769,0.9767,0.778333
CONDITIONAL_MODEL_NOT_OBSERVATION,P,S1/S2-truce/S5,base,1823,annual_planning_year,118.888,7.0,4.666157,0.1,89,48,63.68,79.92,3.5,7.0,2.539,4.686,28.66,35.96,111930,76055,120.0,0.61,195,139.5,7,5.5,117.0,57.5,138.0,249.5,6.5,19.0,5.5,17.5,62.5,75.0,74125,135,0.803,10.301,13.783,416107.156,502200.0,0.8286,248161.771,409968.0,0.6053,0.9733,0.796667
CONDITIONAL_MODEL_NOT_OBSERVATION,P,S1/S2-truce/S5,base,1824,annual_planning_year,121.032,7.0,4.75551,0.1,93,51,64.603,82.095,3.5,7.0,2.577,4.825,29.07,36.94,114774,78893,120.0,0.63,195,141.0,7,5.5,118.5,57.5,139.0,251.0,6.5,19.0,5.5,17.5,62.5,75.0,74125,135,0.8,10.301,13.783,423612.871,507600.0,0.8345,265282.5,413802.0,0.6411,0.97,0.815
CONDITIONAL_MODEL_NOT_OBSERVATION,P,S1/S2-truce/S5,base,1825,annual_planning_year,123.091,7.0,4.84129,0.1,96,52,65.489,84.139,3.5,7.0,2.614,4.956,29.47,37.86,117461,81632,120.0,0.65,195,142.5,7,5.5,120.0,57.5,140.0,252.5,6.5,19.0,5.5,17.5,62.5,75.0,74125,135,0.797,10.301,13.783,430818.356,513000.0,0.8398,279999.888,417600.0,0.6705,0.9667,0.833333
CONDITIONAL_MODEL_NOT_OBSERVATION,P,S1/S2-truce/S5,base,1826,annual_planning_year,125.067,7.0,4.923638,0.1,100,55,66.339,86.061,3.5,7.0,2.65,5.078,29.85,38.73,120001,84275,120.0,0.67,195,142.5,7,7.0,120.0,57.5,140.7,254.0,6.5,19.0,5.8,17.5,62.5,75.0,74125,135,0.793,10.301,13.783,437735.624,513000.0,0.8533,298083.45,416160.0,0.7163,0.9633,0.851667
CONDITIONAL_MODEL_NOT_OBSERVATION,P,S1/S2-truce/S5,base,1827,annual_planning_year,126.965,7.0,5.002693,0.1,103,56,67.156,87.867,3.5,7.0,2.684,5.194,30.22,39.54,122401,86825,120.0,0.69,195,142.5,7,7.0,120.0,57.5,141.4,255.5,6.5,19.0,5.8,17.5,62.5,75.0,74125,135,0.79,10.301,13.783,444376.198,513000.0,0.8662,313635.0,414720.0,0.7563,0.96,0.87
CONDITIONAL_MODEL_NOT_OBSERVATION,P,S1/S2-truce/S5,base,1828,annual_planning_year,128.786,7.0,5.078585,0.1,105,57,67.939,89.565,3.5,7.0,2.716,5.302,30.57,40.3,124669,89286,120.0,0.71,195,142.5,7,7.0,120.0,57.5,142.1,257.0,6.5,19.0,5.8,17.5,62.5,75.0,74125,135,0.787,10.301,13.783,450751.151,513000.0,0.8787,326462.378,413280.0,0.7899,0.9567,0.888333
CONDITIONAL_MODEL_NOT_OBSERVATION,P,S1/S2-truce/S5,base,1829,annual_planning_year,130.535,7.0,5.151442,0.1,108,59,68.692,91.161,3.5,7.0,2.748,5.404,30.91,41.02,126812,91661,120.0,0.73,195,142.5,7,7.0,120.0,57.5,142.8,258.5,6.5,19.0,5.8,17.5,62.5,75.0,74125,135,0.783,10.301,13.783,456871.104,513000.0,0.8906,342720.126,411840.0,0.8322,0.9533,0.906667
CONDITIONAL_MODEL_NOT_OBSERVATION,P,S1/S2-truce/S5,base,1830,annual_planning_year,132.213,7.0,5.221384,0.1,111,61,69.414,92.662,3.5,7.0,2.778,5.5,31.24,41.7,128837,93953,120.0,0.75,195,142.5,7,7.0,120.0,57.5,143.5,260.0,6.5,19.0,5.8,17.5,62.5,75.0,74125,135,0.78,10.301,13.783,462746.259,513000.0,0.902,359362.5,410400.0,0.8756,0.95,0.925
CONDITIONAL_MODEL_NOT_OBSERVATION,P,S1/S2-truce/S5,high,1815,common_pre_truce_1815,102.162,12.0,1.380632,0.5,77,73,65.163,70.869,6.0,6.0,2.249,4.99,52.13,56.7,97273,57442,80.0,0.55,245,135.0,8,5.8,125.0,115.0,135.0,255.0,8,22,5.0,20.0,115.0,230.0,147250,210,0.88,16.516,21.461,388213.727,526500.0,0.7373,219450.0,511875.0,0.4287,1.05,0.75
CONDITIONAL_MODEL_NOT_OBSERVATION,P,S1/S2-truce/S5,high,1816,annual_planning_year,108.586,10.0,3.575653,0.0,84,54,66.883,75.325,4.0,8.0,2.281,3.543,36.79,41.43,102410,61719,150.0,0.57,245,137.0,8,6.0,122.0,70.0,137.0,257.0,8,22,6.0,20.0,75.0,90.0,88400,170,0.877,11.514,15.282,412626.245,534300.0,0.7723,244720.106,498004.0,0.4914,1.0467,0.766667
CONDITIONAL_MODEL_NOT_OBSERVATION,P,S1/S2-truce/S5,high,1817,annual_planning_year,114.785,10.0,3.800505,0.0,90,58,68.542,79.559,4.0,8.0,2.341,3.766,37.7,43.76,107289,65867,150.0,0.59,245,139.0,8,6.0,124.0,70.0,139.0,259.0,8,22,6.0,20.0,75.0,90.0,88400,170,0.875,11.514,15.282,436184.326,542100.0,0.8046,267899.886,504556.0,0.531,1.0433,0.783333
CONDITIONAL_MODEL_NOT_OBSERVATION,P,S1/S2-truce/S5,high,1818,annual_planning_year,120.768,10.0,4.017487,0.0,96,62,70.143,83.581,4.0,8.0,2.399,3.978,38.58,45.97,111925,69891,150.0,0.61,245,141.0,8,6.0,126.0,70.0,141.0,261.0,8,22,6.0,20.0,75.0,90.0,88400,170,0.872,11.514,15.282,458917.876,549900.0,0.8345,291840.0,511056.0,0.5711,1.04,0.8
CONDITIONAL_MODEL_NOT_OBSERVATION,P,S1/S2-truce/S5,high,1819,annual_planning_year,126.541,10.0,4.226875,0.0,101,65,71.688,87.402,4.0,8.0,2.455,4.179,39.43,48.07,116329,73794,150.0,0.63,245,143.0,8,6.0,128.0,70.0,143.0,263.0,8,22,6.0,20.0,75.0,90.0,88400,170,0.869,11.514,15.282,480855.751,557700.0,0.8622,313436.795,517504.0,0.6057,1.0367,0.816667
CONDITIONAL_MODEL_NOT_OBSERVATION,P,S1/S2-truce/S5,high,1820,annual_planning_year,132.112,10.0,4.428935,0.0,106,68,73.179,91.032,4.0,8.0,2.509,4.37,40.25,50.07,120512,77581,150.0,0.65,245,145.0,8,6.0,130.0,70.0,145.0,265.0,8,22,6.0,20.0,75.0,90.0,88400,170,0.867,11.514,15.282,502025.798,565500.0,0.8878,335666.532,523900.0,0.6407,1.0333,0.833333
CONDITIONAL_MODEL_NOT_OBSERVATION,P,S1/S2-truce/S5,high,1821,annual_planning_year,135.488,8.0,4.623922,0.0,105,68,74.617,94.48,4.0,8.0,2.561,4.552,41.04,51.96,124487,81253,150.0,0.67,245,147.0,8,6.0,132.0,70.0,146.0,267.0,8,22,7.0,20.0,75.0,90.0,88400,170,0.864,11.514,15.282,514854.894,573300.0,0.8981,339150.0,530244.0,0.6396,1.03,0.85
CONDITIONAL_MODEL_NOT_OBSERVATION,P,S1/S2-truce/S5,high,1822,annual_planning_year,138.746,8.0,4.742085,0.0,110,71,76.006,97.756,4.0,8.0,2.612,4.724,41.8,53.77,128262,84816,150.0,0.69,245,149.0,8,6.0,134.0,70.0,147.0,269.0,8,22,7.0,20.0,75.0,90.0,88400,170,0.861,11.514,15.282,527234.975,581100.0,0.9073,362266.806,536536.0,0.6752,1.0267,0.866667
CONDITIONAL_MODEL_NOT_OBSERVATION,P,S1/S2-truce/S5,high,1823,annual_planning_year,141.89,8.0,4.856112,0.0,114,74,77.346,100.869,4.0,8.0,2.66,4.888,42.54,55.48,131849,88271,150.0,0.71,245,151.0,8,6.0,136.0,70.0,148.0,271.0,8,22,7.0,20.0,75.0,90.0,88400,170,0.859,11.514,15.282,539181.749,588900.0,0.9156,382659.856,542776.0,0.705,1.0233,0.883333
CONDITIONAL_MODEL_NOT_OBSERVATION,P,S1/S2-truce/S5,high,1824,annual_planning_year,144.924,8.0,4.966148,0.0,119,77,78.639,103.825,4.0,8.0,2.707,5.043,43.25,57.1,135257,91623,150.0,0.73,245,153.0,8,6.0,138.0,70.0,149.0,273.0,8,22,7.0,20.0,75.0,90.0,88400,170,0.856,11.514,15.282,550710.387,596700.0,0.9229,406980.0,548964.0,0.7414,1.02,0.9
CONDITIONAL_MODEL_NOT_OBSERVATION,P,S1/S2-truce/S5,high,1825,annual_planning_year,147.851,8.0,5.072333,0.0,123,79,79.886,106.634,4.0,8.0,2.752,5.191,43.94,58.65,138494,94874,150.0,0.75,245,155.0,8,6.0,140.0,70.0,150.0,275.0,8,22,7.0,20.0,75.0,90.0,88400,170,0.853,11.514,15.282,561835.525,604500.0,0.9294,428450.156,555100.0,0.7718,1.0167,0.916667
CONDITIONAL_MODEL_NOT_OBSERVATION,P,S1/S2-truce/S5,high,1826,annual_planning_year,150.677,8.0,5.174801,0.0,126,81,81.09,109.302,4.0,8.0,2.796,5.332,44.6,60.12,141569,98028,150.0,0.77,245,155.0,8,8.0,140.0,70.0,151.0,277.0,8,22,7.0,20.0,75.0,90.0,88400,170,0.851,11.514,15.282,572571.281,604500.0,0.9472,446879.84,553280.0,0.8077,1.0133,0.933333
CONDITIONAL_MODEL_NOT_OBSERVATION,P,S1/S2-truce/S5,high,1827,annual_planning_year,153.403,8.0,5.273683,0.0,130,84,82.252,111.837,4.0,8.0,2.838,5.465,45.24,61.51,144491,101087,150.0,0.79,245,155.0,8,8.0,140.0,70.0,152.0,279.0,8,22,7.0,20.0,75.0,90.0,88400,170,0.848,11.514,15.282,582931.286,604500.0,0.9643,469300.0,551460.0,0.851,1.01,0.95
CONDITIONAL_MODEL_NOT_OBSERVATION,P,S1/S2-truce/S5,high,1828,annual_planning_year,156.034,8.0,5.369104,0.0,134,87,83.373,114.245,4.0,8.0,2.879,5.592,45.86,62.83,147266,104055,150.0,0.81,245,155.0,8,8.0,140.0,70.0,153.0,281.0,8,22,7.0,20.0,75.0,90.0,88400,170,0.845,11.514,15.282,592928.691,604500.0,0.9809,492226.836,549640.0,0.8955,1.0067,0.966667
CONDITIONAL_MODEL_NOT_OBSERVATION,P,S1/S2-truce/S5,high,1829,annual_planning_year,158.573,8.0,5.461185,0.0,137,89,84.455,116.533,4.0,8.0,2.918,5.712,46.45,64.09,149903,106933,150.0,0.83,245,155.0,8,8.0,140.0,70.0,154.0,283.0,8,22,7.0,20.0,75.0,90.0,88400,170,0.843,11.514,15.282,602576.188,604500.0,0.9968,511923.16,547820.0,0.9345,1.0033,0.983333
CONDITIONAL_MODEL_NOT_OBSERVATION,P,S1/S2-truce/S5,high,1830,annual_planning_year,161.023,8.0,5.550044,0.0,140,91,85.499,118.706,4.0,8.0,2.956,5.827,47.02,65.29,152408,109725,150.0,0.85,245,155.0,8,8.0,140.0,70.0,155.0,285.0,8,22,7.0,20.0,75.0,90.0,88400,170,0.84,11.514,15.282,611886.021,604500.0,1.0122,532000.0,546000.0,0.9744,1.0,1.0
