year,record_type,male_cohort_reference,male_cohort_source,evasion_rate_national,evasion_source,annexed_province_incorporated,annexed_source,foreign_independent_allied_flow,foreign_flow_source,retirement_flow,retirement_source,net_national_force_change,net_change_source,legacy_order_total_reported,legacy_order_status,class_quota_reported,class_quota_status,national_incorporated_actual,national_incorporated_status,partial_levy_order_date,partial_levy_deadline,partial_levy_calls,partial_levy_arrived,partial_levy_status,national_annual_deaths,national_deaths_status,force_scope,force_reported_total,force_present_low,force_present_high,foreign_share_reference,foreign_share_status,horse_national_stock,horse_loss_low,horse_loss_high,horse_loss_scope,arms_stock_fusils,arms_stock_date,saint_etienne_annual_fusils,charleville_annual_fusils,douai_annual_guns,strasbourg_annual_guns,essonnes_annual_powder_tonnes,hardware_status,source_ids,notes
1803,historical_evidence_not_complete_series,300000,H72_pp49_50;1790_95_average_proxy_not_annual_or_full_territory,,RP23_1806_10_department_data;F89;no_national_annual_rate_recovered,,H72_cumulative389000_only;no_annual_flow,,G03_cumulative720000_and_treaty_quotas_only,,no_national_annual_observation,,missing_opening_closing_same_scope,120000,LAV_web_transcription_uncalibrated,60000,LAV_class_year_not_order_year;excludes_unresolved_recall_scope,,not_recovered,,,,,,,H72_cumulative_only,,,,,,not_recovered,,,,,,,,,,,,plant_annual_series_not_recovered;see_F2_hardware_benchmarks.csv,LAV;annual_levies_evidence.md,LAV legacy calendar-year call-up includes mixed measures; class is separate axis
1804,historical_evidence_not_complete_series,300000,H72_pp49_50;1790_95_average_proxy_not_annual_or_full_territory,,RP23_1806_10_department_data;F89;no_national_annual_rate_recovered,,H72_cumulative389000_only;no_annual_flow,,G03_cumulative720000_and_treaty_quotas_only,,no_national_annual_observation,,missing_opening_closing_same_scope,60000,LAV_web_transcription_uncalibrated,60000,LAV_class_year_not_order_year;excludes_unresolved_recall_scope,,not_recovered,,,,,,,H72_cumulative_only,,,,,,not_recovered,,,,,,,,,,,,plant_annual_series_not_recovered;see_F2_hardware_benchmarks.csv,LAV;annual_levies_evidence.md,No national annual arrivals recovered
1805,historical_evidence_not_complete_series,300000,H72_pp49_50;1790_95_average_proxy_not_annual_or_full_territory,,RP23_1806_10_department_data;F89;no_national_annual_rate_recovered,,H72_cumulative389000_only;no_annual_flow,,G03_cumulative720000_and_treaty_quotas_only,,no_national_annual_observation,,missing_opening_closing_same_scope,210000,LAV_web_transcription_uncalibrated,60000,LAV_class_year_not_order_year;excludes_unresolved_recall_scope,,not_recovered,,,,,,,H72_cumulative_only,E97_III_main_GrandeArmee_not_national,150000,,,,not_recovered,,,,,,,,,,,,plant_annual_series_not_recovered;see_F2_hardware_benchmarks.csv,LAV;E97_III,Main campaign army 150000 not national total; E97 III
1806,historical_evidence_not_complete_series,300000,H72_pp49_50;1790_95_average_proxy_not_annual_or_full_territory,,RP23_1806_10_department_data;F89;no_national_annual_rate_recovered,,H72_cumulative389000_only;no_annual_flow,,G03_cumulative720000_and_treaty_quotas_only,,no_national_annual_observation,,missing_opening_closing_same_scope,80000,LAV_web_transcription_uncalibrated,80000,LAV_class_year_not_order_year;excludes_unresolved_recall_scope,,not_recovered,,,,,,,H72_cumulative_only,,,,,,not_recovered,,,,,,,,,,,,plant_annual_series_not_recovered;see_F2_hardware_benchmarks.csv,LAV;annual_levies_evidence.md,Conflict E97 XVI says160000 incl60000 reserve; do not reconcile or average
1807,historical_evidence_not_complete_series,300000,H72_pp49_50;1790_95_average_proxy_not_annual_or_full_territory,,RP23_1806_10_department_data;F89;no_national_annual_rate_recovered,,H72_cumulative389000_only;no_annual_flow,,G03_cumulative720000_and_treaty_quotas_only,,no_national_annual_observation,,missing_opening_closing_same_scope,80000,LAV_web_transcription_uncalibrated,80000,LAV_class_year_not_order_year;excludes_unresolved_recall_scope,,not_recovered,,,,,,,H72_cumulative_only,E97_III_Prussia_Poland_including_hospitals;not_national,324000,,,0.333333,E97_approx_one_third_allies_not_exact_bound,,,,,,,,,,,,plant_annual_series_not_recovered;see_F2_hardware_benchmarks.csv,LAV;E97_III,E97 III Prussia-Poland324000 incl hospitals; approx1/3 allies only this force
1808,historical_evidence_not_complete_series,300000,H72_pp49_50;1790_95_average_proxy_not_annual_or_full_territory,,RP23_1806_10_department_data;F89;no_national_annual_rate_recovered,,H72_cumulative389000_only;no_annual_flow,,G03_cumulative720000_and_treaty_quotas_only,,no_national_annual_observation,,missing_opening_closing_same_scope,240000,LAV_web_transcription_uncalibrated,80000,LAV_class_year_not_order_year;excludes_unresolved_recall_scope,,not_recovered,,,,,,,H72_cumulative_only,,,,,,not_recovered,,,,,,,,,,,,plant_annual_series_not_recovered;see_F2_hardware_benchmarks.csv,LAV;P08;E97_XVI,P08 Jan23 report authorizes80000 of class1809; not annual total
1809,historical_evidence_not_complete_series,300000,H72_pp49_50;1790_95_average_proxy_not_annual_or_full_territory,,RP23_1806_10_department_data;F89;no_national_annual_rate_recovered,,H72_cumulative389000_only;no_annual_flow,,G03_cumulative720000_and_treaty_quotas_only,,no_national_annual_observation,,missing_opening_closing_same_scope,76000,LAV_web_transcription_uncalibrated,80000,LAV_class_year_not_order_year;excludes_unresolved_recall_scope,,not_recovered,,,,,,,H72_cumulative_only,,,,,,not_recovered,,,,,,,,,,,,plant_annual_series_not_recovered;see_F2_hardware_benchmarks.csv,LAV;annual_levies_evidence.md,E97 XVI 60000 then75550; scope differs from LAV76000; no manufactured total
1810,historical_evidence_not_complete_series,300000,H72_pp49_50;1790_95_average_proxy_not_annual_or_full_territory,,RP23_1806_10_department_data;F89;no_national_annual_rate_recovered,,H72_cumulative389000_only;no_annual_flow,,G03_cumulative720000_and_treaty_quotas_only,,no_national_annual_observation,,missing_opening_closing_same_scope,160000,LAV_web_transcription_uncalibrated,110000,LAV_class_year_not_order_year;excludes_unresolved_recall_scope,,not_recovered,,,,,,,H72_cumulative_only,O10_Spain_1810-01-15_author_explicit_in_country_subtotal_not_national,324996,262051,262051,,not_recovered,,,,,,,,,,,,plant_annual_series_not_recovered;see_F2_hardware_benchmarks.csv,LAV;P11;P10;O10,O10 Jan15 author states324996 actually inSpain;262051 present;grand360603 includesFrance/onmarch and column arithmetic discrepancy30;P11 Dec13 authorization not arrivals
1811,historical_evidence_not_complete_series,300000,H72_pp49_50;1790_95_average_proxy_not_annual_or_full_territory,,RP23_1806_10_department_data;F89;no_national_annual_rate_recovered,,H72_cumulative389000_only;no_annual_flow,,G03_cumulative720000_and_treaty_quotas_only,,no_national_annual_observation,,missing_opening_closing_same_scope,120000,LAV_web_transcription_uncalibrated,120000,LAV_class_year_not_order_year;excludes_unresolved_recall_scope,,not_recovered,,,,,,,H72_cumulative_only,O11_Spain_six_armies_1811-07-15_excludes_Bayonne8298,354461,286414,291414,,not_recovered,,,,,,,,,,,,plant_annual_series_not_recovered;see_F2_hardware_benchmarks.csv,LAV;P11;O11;E97_XVI,P11 draft target80000 active+40000 reserve; E97 aggregate167000/90000reserve differs; O11 dateJuly15
1812,historical_evidence_not_complete_series,300000,H72_pp49_50;1790_95_average_proxy_not_annual_or_full_territory,,RP23_1806_10_department_data;F89;no_national_annual_rate_recovered,,H72_cumulative389000_only;no_annual_flow,,G03_cumulative720000_and_treaty_quotas_only,,no_national_annual_observation,,missing_opening_closing_same_scope,237000,LAV_web_transcription_uncalibrated,120000,LAV_class_year_not_order_year;excludes_unresolved_recall_scope,,not_recovered,,,,,,,H72_cumulative_only,G03_p26_Russian_campaign_international_army,600000,,,0.5,strictly_more_than_half;not_annual_French_army_share,,130000,175000,E97_XVI_Russian_campaign_all_horses_not_only_cavalry,811000,1812-04-01,,,,,,plant_annual_series_not_recovered;see_F2_hardware_benchmarks.csv,LAV;G03;E97_XVI;BR25,G03 Russian army600000 >half non-French; E97 horse losses130000-175000; no annual national deaths
1813,historical_evidence_not_complete_series,300000,H72_pp49_50;1790_95_average_proxy_not_annual_or_full_territory,,RP23_1806_10_department_data;F89;no_national_annual_rate_recovered,,H72_cumulative389000_only;no_annual_flow,,G03_cumulative720000_and_treaty_quotas_only,,no_national_annual_observation,,missing_opening_closing_same_scope,1140000,LAV_web_transcription_uncalibrated,137000,LAV_class_year_not_order_year;excludes_unresolved_recall_scope,,not_recovered,1813-10-09,1813-12_end,127433,72265,G13_transfer_Leggiere_p69;subset_scope_unreconciled_not_whole_year,,H72_cumulative_only,,,,,,not_recovered,,,,,,,,,,,,plant_annual_series_not_recovered;see_F2_hardware_benchmarks.csv,LAV;H72;E97_XVI;BR25;G13,"LAV1140000 is orders incl recalled classes and NationalGuard not incorporated; H72 May >1m explicitly theoretical;G13 dated subset127433 calls/72265 arrived byDec_end,not_annual_total;see F2_levy_batch_evidence.csv"
1814,historical_evidence_not_complete_series,300000,H72_pp49_50;1790_95_average_proxy_not_annual_or_full_territory,,RP23_1806_10_department_data;F89;no_national_annual_rate_recovered,,H72_cumulative389000_only;no_annual_flow,,G03_cumulative720000_and_treaty_quotas_only,,no_national_annual_observation,,missing_opening_closing_same_scope,,missing,150000,LAV_class_year_not_order_year;excludes_unresolved_recall_scope,,not_recovered,,,,,,,H72_cumulative_only,,,,,,not_recovered,,,,,,,,,,,,plant_annual_series_not_recovered;see_F2_hardware_benchmarks.csv,LAV;annual_levies_evidence.md,LAV mentions levée en masse but no annual total; E97 hope300000 not actual
