target_gross,regime,service_years_parameter,conversion,other_permanent_exit,calls_needed,cohort_reference,cohort_share,cohort_status,source,interpretation
240000,fixed6,6,0.9,0.025,47861,300000,0.15954,H72_1790_95_oldFrance_reference_not_full_annexed_pool,R18;H72;E97_XVI,model_not_observed;indefinite_length_unestimated
240000,indefinite_effective8,8,0.9,0.025,40000,300000,0.13333,H72_1790_95_oldFrance_reference_not_full_annexed_pool,R18;H72;E97_XVI,model_not_observed;indefinite_length_unestimated
240000,indefinite_effective10,10,0.9,0.025,33333,300000,0.11111,H72_1790_95_oldFrance_reference_not_full_annexed_pool,R18;H72;E97_XVI,model_not_observed;indefinite_length_unestimated
240000,indefinite_effective12,12,0.9,0.025,28889,300000,0.0963,H72_1790_95_oldFrance_reference_not_full_annexed_pool,R18;H72;E97_XVI,model_not_observed;indefinite_length_unestimated
240000,no_discharge_shortterm_floor,,0.9,0.025,6667,300000,0.02222,H72_1790_95_oldFrance_reference_not_full_annexed_pool,R18;H72;E97_XVI,model_not_observed;indefinite_length_unestimated
350000,fixed6,6,0.9,0.025,69797,300000,0.23266,H72_1790_95_oldFrance_reference_not_full_annexed_pool,R18;H72;E97_XVI,model_not_observed;indefinite_length_unestimated
350000,indefinite_effective8,8,0.9,0.025,58333,300000,0.19444,H72_1790_95_oldFrance_reference_not_full_annexed_pool,R18;H72;E97_XVI,model_not_observed;indefinite_length_unestimated
350000,indefinite_effective10,10,0.9,0.025,48611,300000,0.16204,H72_1790_95_oldFrance_reference_not_full_annexed_pool,R18;H72;E97_XVI,model_not_observed;indefinite_length_unestimated
350000,indefinite_effective12,12,0.9,0.025,42130,300000,0.14043,H72_1790_95_oldFrance_reference_not_full_annexed_pool,R18;H72;E97_XVI,model_not_observed;indefinite_length_unestimated
350000,no_discharge_shortterm_floor,,0.9,0.025,9722,300000,0.03241,H72_1790_95_oldFrance_reference_not_full_annexed_pool,R18;H72;E97_XVI,model_not_observed;indefinite_length_unestimated
500000,fixed6,6,0.9,0.025,99711,300000,0.33237,H72_1790_95_oldFrance_reference_not_full_annexed_pool,R18;H72;E97_XVI,model_not_observed;indefinite_length_unestimated
500000,indefinite_effective8,8,0.9,0.025,83333,300000,0.27778,H72_1790_95_oldFrance_reference_not_full_annexed_pool,R18;H72;E97_XVI,model_not_observed;indefinite_length_unestimated
500000,indefinite_effective10,10,0.9,0.025,69444,300000,0.23148,H72_1790_95_oldFrance_reference_not_full_annexed_pool,R18;H72;E97_XVI,model_not_observed;indefinite_length_unestimated
500000,indefinite_effective12,12,0.9,0.025,60185,300000,0.20062,H72_1790_95_oldFrance_reference_not_full_annexed_pool,R18;H72;E97_XVI,model_not_observed;indefinite_length_unestimated
500000,no_discharge_shortterm_floor,,0.9,0.025,13889,300000,0.0463,H72_1790_95_oldFrance_reference_not_full_annexed_pool,R18;H72;E97_XVI,model_not_observed;indefinite_length_unestimated
