series,year,time_scope,geography,ship_class,metric,value_low,value_high,unit,sea_commission,sea_ordinary,harbour_commission,harbour_ordinary,building_ordered_low,building_ordered_high,source,locator_all_numeric_fields,check_source,source_file,quality,caveat
naval_stock,1803,year_start,UK,line,mutually_exclusive_status_columns,,,ships,32,79,0,39,22,22,James1837vol3,Abstract11_PDF395,FremontBarnes2007_reproduction_only,naval/UK_1803_1805.csv,primary_table_checked_second_source_not_independent,commission_mixes_at_sea_and_fitting;ordinary_not_immediately_ready;all_cruisers_includes_line
naval_stock,1804,year_start,UK,line,mutually_exclusive_status_columns,,,ships,75,40,9,29,19,19,James1837vol3,Abstract12_PDF396,,naval/UK_1803_1805.csv,single_source_checked,commission_mixes_at_sea_and_fitting;ordinary_not_immediately_ready;all_cruisers_includes_line
naval_stock,1805,year_start,UK,line,mutually_exclusive_status_columns,,,ships,83,33,11,28,26,26,James1837vol3,Abstract13_PDF397,FremontBarnes2007_reproduction_only,naval/UK_1803_1805.csv,primary_table_checked_second_source_not_independent,commission_mixes_at_sea_and_fitting;ordinary_not_immediately_ready;all_cruisers_includes_line
naval_stock,1803,year_start,UK,all_cruisers_including_line,mutually_exclusive_status_columns,,,ships,210,178,3,102,53,53,James1837vol3,Abstract11_PDF395,,naval/UK_1803_1805.csv,single_source_checked,commission_mixes_at_sea_and_fitting;ordinary_not_immediately_ready;all_cruisers_includes_line
naval_stock,1804,year_start,UK,all_cruisers_including_line,mutually_exclusive_status_columns,,,ships,356,67,27,68,78,78,James1837vol3,Abstract12_PDF396,,naval/UK_1803_1805.csv,single_source_checked,commission_mixes_at_sea_and_fitting;ordinary_not_immediately_ready;all_cruisers_includes_line
naval_stock,1805,year_start,UK,all_cruisers_including_line,mutually_exclusive_status_columns,,,ships,473,61,26,73,80,80,James1837vol3,Abstract13_PDF397,,naval/UK_1803_1805.csv,single_source_checked,commission_mixes_at_sea_and_fitting;ordinary_not_immediately_ready;all_cruisers_includes_line
mobilisation_anchor,1803,1803-01-01,UK,line,sea_or_fitting_mixed_in_commission,,,ships,32,,,,,,James_vol3,p167_PDF183_doc_a78cfbda31e2,,naval/mobilisation_1803.csv,single_source_anchor_not_monthly_series,commission_not_equal_at_sea;overlaps_year_start_stock_do_not_sum
mobilisation_anchor,1803,before_1803-05-01,UK,line,sea_or_fitting_mixed_in_commission,,,ships,52,,,,,,James_vol3,p167_PDF183_doc_a78cfbda31e2,,naval/mobilisation_1803.csv,single_source_anchor_not_monthly_series,derived_32_plus20_added_before_May1_includes_fitting;overlaps_year_start_stock_do_not_sum
mobilisation_anchor,1803,1803-06-01,UK,line,sea_or_fitting_mixed_in_commission,,,ships,60,,,,,,James_vol3,p167_PDF183_doc_a78cfbda31e2,,naval/mobilisation_1803.csv,single_source_anchor_not_monthly_series,at_sea_or_fitting_for_sea_not_Channel_only;overlaps_year_start_stock_do_not_sum
mobilisation_anchor,1804,1804-01-01,UK,line,sea_or_fitting_mixed_in_commission,,,ships,75,,,,,,James1837_vol3,Abstract12_PDF396_doc_a178739fd84c,,naval/mobilisation_1803.csv,single_source_anchor_not_monthly_series,commission_not_equal_at_sea;overlaps_year_start_stock_do_not_sum
French_port_observation,1811,late_summer,Scheldt_mouth,line_or_two_decker_as_metric,line_ships_at_anchor,15,15,ships,,,,,,,James1837_vol5,p328,,france/observations.csv,single_source_not_frozen,single_source_not_national_total;1837_volume_number_not_independently_verified
French_port_observation,1811,around_late_summer,Antwerp_Terneuse_Flushing,line_or_two_decker_as_metric,line_ships_on_stocks,12,15,ships,,,,,,,James1837_vol5,p328,,france/observations.csv,single_source_not_frozen,author_range_not_statistical_interval;1837_volume_number_not_independently_verified
French_port_observation,1811,around_late_summer,Antwerp_Terneuse_Flushing,line_or_two_decker_as_metric,advanced_on_stocks_subset,5,6,ships,,,,,,,James1837_vol5,p328,,france/observations.csv,single_source_not_frozen,subset_do_not_add;1837_volume_number_not_independently_verified
French_port_observation,1811,around_late_summer,Antwerp,line_or_two_decker_as_metric,line_ships_recently_transferred_repairing,3,3,ships,,,,,,,James1837_vol5,p328,,france/observations.csv,single_source_not_frozen,not_new_construction;1837_volume_number_not_independently_verified
French_port_observation,1814,February,Toulon,line_or_two_decker_as_metric,line_ships_afloat,23,23,ships,,,,,,,James1902_vol6,p119,,france/observations.csv,single_source_not_frozen,James_cites_French_papers_not_independently_checked
French_port_observation,1814,February,Toulon,line_or_two_decker_as_metric,two_deckers_on_stocks,2,3,ships,,,,,,,James1902_vol6,p119,,france/observations.csv,single_source_not_frozen,single_source_range
French_port_observation,1814,capture_of_Genoa,Genoa,line_or_two_decker_as_metric,Brilliant_ready_for_launching,1,1,ships,,,,,,,James1902_vol6,p119,,france/observations.csv,single_source_not_frozen,not_yet_afloat
French_port_observation,1814,capture_of_Genoa,Genoa,line_or_two_decker_as_metric,other_74_in_frame,1,1,ships,,,,,,,James1902_vol6,p119,,france/observations.csv,single_source_not_frozen,not_yet_afloat
cotton_export,1808,year_end_unknown,GB_context_not_confirmed_in_table,,cotton_manufactures,12503918,12503918,GBP_official_fixed_values,,,,,,,Heckscher1922_p246_after_Baines350,Heckscher1922_p246;Ogawa2020_p36_table1,Ogawa2020_p36_table1_after_Daniels76,fiscal/cotton_1808_1812.csv,transcription_agrees_not_independent_observations,not_current_price_receipts;underlying_customs_return_unread
cotton_export,1808,year_end_unknown,GB_context_not_confirmed_in_table,,cotton_yarn,472078,472078,GBP_official_fixed_values,,,,,,,Heckscher1922_p246_after_Baines350,Heckscher1922_p246;Ogawa2020_p36_table1,Ogawa2020_p36_table1_after_Daniels76,fiscal/cotton_1808_1812.csv,transcription_agrees_not_independent_observations,not_current_price_receipts;underlying_customs_return_unread
cotton_export,1809,year_end_unknown,GB_context_not_confirmed_in_table,,cotton_manufactures,18425614,18425614,GBP_official_fixed_values,,,,,,,Heckscher1922_p246_after_Baines350,Heckscher1922_p246;Ogawa2020_p36_table1,Ogawa2020_p36_table1_after_Daniels76,fiscal/cotton_1808_1812.csv,transcription_agrees_not_independent_observations,not_current_price_receipts;underlying_customs_return_unread
cotton_export,1809,year_end_unknown,GB_context_not_confirmed_in_table,,cotton_yarn,1020352,1020352,GBP_official_fixed_values,,,,,,,Heckscher1922_p246_after_Baines350,Heckscher1922_p246;Ogawa2020_p36_table1,Ogawa2020_p36_table1_after_Daniels76,fiscal/cotton_1808_1812.csv,transcription_agrees_not_independent_observations,not_current_price_receipts;underlying_customs_return_unread
cotton_export,1810,year_end_unknown,GB_context_not_confirmed_in_table,,cotton_manufactures,17898519,17898519,GBP_official_fixed_values,,,,,,,Heckscher1922_p246_after_Baines350,Heckscher1922_p246;Ogawa2020_p36_table1,Ogawa2020_p36_table1_after_Daniels76,fiscal/cotton_1808_1812.csv,transcription_agrees_not_independent_observations,not_current_price_receipts;underlying_customs_return_unread
cotton_export,1810,year_end_unknown,GB_context_not_confirmed_in_table,,cotton_yarn,1053475,1053475,GBP_official_fixed_values,,,,,,,Heckscher1922_p246_after_Baines350,Heckscher1922_p246;Ogawa2020_p36_table1,Ogawa2020_p36_table1_after_Daniels76,fiscal/cotton_1808_1812.csv,transcription_agrees_not_independent_observations,not_current_price_receipts;underlying_customs_return_unread
cotton_export,1811,year_end_unknown,GB_context_not_confirmed_in_table,,cotton_manufactures,11529551,11529551,GBP_official_fixed_values,,,,,,,Heckscher1922_p246_after_Baines350,Heckscher1922_p246;Ogawa2020_p36_table1,Ogawa2020_p36_table1_after_Daniels76,fiscal/cotton_1808_1812.csv,transcription_agrees_not_independent_observations,not_current_price_receipts;underlying_customs_return_unread
cotton_export,1811,year_end_unknown,GB_context_not_confirmed_in_table,,cotton_yarn,483598,483598,GBP_official_fixed_values,,,,,,,Heckscher1922_p246_after_Baines350,Heckscher1922_p246;Ogawa2020_p36_table1,Ogawa2020_p36_table1_after_Daniels76,fiscal/cotton_1808_1812.csv,transcription_agrees_not_independent_observations,not_current_price_receipts;underlying_customs_return_unread
cotton_export,1812,year_end_unknown,GB_context_not_confirmed_in_table,,cotton_manufactures,15723225,15723225,GBP_official_fixed_values,,,,,,,Heckscher1922_p246_after_Baines350,Heckscher1922_p246;Ogawa2020_p36_table1,Ogawa2020_p36_table1_after_Daniels76,fiscal/cotton_1808_1812.csv,transcription_agrees_not_independent_observations,not_current_price_receipts;underlying_customs_return_unread
cotton_export,1812,year_end_unknown,GB_context_not_confirmed_in_table,,cotton_yarn,794465,794465,GBP_official_fixed_values,,,,,,,Heckscher1922_p246_after_Baines350,Heckscher1922_p246;Ogawa2020_p36_table1,Ogawa2020_p36_table1_after_Daniels76,fiscal/cotton_1808_1812.csv,transcription_agrees_not_independent_observations,not_current_price_receipts;underlying_customs_return_unread
war_taxes,1804,1804-04-05,GB,,customs_excise_war_taxes,3377442,3377442,GBP_nominal,,,,,,,Hansard_HC_1809-06-20_vol14,resolution15,,fiscal/war_taxes_1804_1809.csv,transcription_checked_single_source,war_taxes_only;total_is_reported_not_recalculated;not_all_revenue
war_taxes,1804,1804-04-05,GB,,property_tax,363877,363877,GBP_nominal,,,,,,,Hansard_HC_1809-06-20_vol14,resolution15,,fiscal/war_taxes_1804_1809.csv,transcription_checked_single_source,war_taxes_only;total_is_reported_not_recalculated;not_all_revenue
war_taxes,1804,1804-04-05,GB,,reported_total,3741319,3741319,GBP_nominal,,,,,,,Hansard_HC_1809-06-20_vol14,resolution15,,fiscal/war_taxes_1804_1809.csv,transcription_checked_single_source,war_taxes_only;total_is_reported_not_recalculated;not_all_revenue
war_taxes,1805,1805-04-05,GB,,customs_excise_war_taxes,7868078,7868078,GBP_nominal,,,,,,,Hansard_HC_1809-06-20_vol14,resolution15,,fiscal/war_taxes_1804_1809.csv,transcription_checked_single_source,war_taxes_only;total_is_reported_not_recalculated;not_all_revenue
war_taxes,1805,1805-04-05,GB,,property_tax,3919108,3919108,GBP_nominal,,,,,,,Hansard_HC_1809-06-20_vol14,resolution15,,fiscal/war_taxes_1804_1809.csv,transcription_checked_single_source,war_taxes_only;total_is_reported_not_recalculated;not_all_revenue
war_taxes,1805,1805-04-05,GB,,reported_total,11787186,11787186,GBP_nominal,,,,,,,Hansard_HC_1809-06-20_vol14,resolution15,,fiscal/war_taxes_1804_1809.csv,transcription_checked_single_source,war_taxes_only;total_is_reported_not_recalculated;not_all_revenue
war_taxes,1806,1806-04-05,GB,,customs_excise_war_taxes,8496550,8496550,GBP_nominal,,,,,,,Hansard_HC_1809-06-20_vol14,resolution15,,fiscal/war_taxes_1804_1809.csv,transcription_checked_single_source,war_taxes_only;total_is_reported_not_recalculated;not_all_revenue
war_taxes,1806,1806-04-05,GB,,property_tax,4481958,4481958,GBP_nominal,,,,,,,Hansard_HC_1809-06-20_vol14,resolution15,,fiscal/war_taxes_1804_1809.csv,transcription_checked_single_source,war_taxes_only;total_is_reported_not_recalculated;not_all_revenue
war_taxes,1806,1806-04-05,GB,,reported_total,12978508,12978508,GBP_nominal,,,,,,,Hansard_HC_1809-06-20_vol14,resolution15,,fiscal/war_taxes_1804_1809.csv,transcription_checked_single_source,war_taxes_only;total_is_reported_not_recalculated;not_all_revenue
war_taxes,1807,1807-04-05,GB,,customs_excise_war_taxes,9305799,9305799,GBP_nominal,,,,,,,Hansard_HC_1809-06-20_vol14,resolution15,,fiscal/war_taxes_1804_1809.csv,reported_total_conflicts_with_components_not_frozen,war_taxes_only;total_is_reported_not_recalculated;not_all_revenue
war_taxes,1807,1807-04-05,GB,,property_tax,7000032,7000032,GBP_nominal,,,,,,,Hansard_HC_1809-06-20_vol14,resolution15,,fiscal/war_taxes_1804_1809.csv,reported_total_conflicts_with_components_not_frozen,war_taxes_only;total_is_reported_not_recalculated;not_all_revenue
war_taxes,1807,1807-04-05,GB,,reported_total,16305881,16305881,GBP_nominal,,,,,,,Hansard_HC_1809-06-20_vol14,resolution15,,fiscal/war_taxes_1804_1809.csv,reported_total_conflicts_with_components_not_frozen,war_taxes_only;total_is_reported_not_recalculated;not_all_revenue
war_taxes,1808,1808-04-05,GB,,customs_excise_war_taxes,9018225,9018225,GBP_nominal,,,,,,,Hansard_HC_1809-06-20_vol14,resolution15,,fiscal/war_taxes_1804_1809.csv,transcription_checked_single_source,war_taxes_only;total_is_reported_not_recalculated;not_all_revenue
war_taxes,1808,1808-04-05,GB,,property_tax,10817595,10817595,GBP_nominal,,,,,,,Hansard_HC_1809-06-20_vol14,resolution15,,fiscal/war_taxes_1804_1809.csv,transcription_checked_single_source,war_taxes_only;total_is_reported_not_recalculated;not_all_revenue
war_taxes,1808,1808-04-05,GB,,reported_total,19835820,19835820,GBP_nominal,,,,,,,Hansard_HC_1809-06-20_vol14,resolution15,,fiscal/war_taxes_1804_1809.csv,transcription_checked_single_source,war_taxes_only;total_is_reported_not_recalculated;not_all_revenue
war_taxes,1809,1809-04-05,GB,,customs_excise_war_taxes,8806899,8806899,GBP_nominal,,,,,,,Hansard_HC_1809-06-20_vol14,resolution15,,fiscal/war_taxes_1804_1809.csv,reported_total_conflicts_with_components_not_frozen,war_taxes_only;total_is_reported_not_recalculated;not_all_revenue
war_taxes,1809,1809-04-05,GB,,property_tax,11279423,11279423,GBP_nominal,,,,,,,Hansard_HC_1809-06-20_vol14,resolution15,,fiscal/war_taxes_1804_1809.csv,reported_total_conflicts_with_components_not_frozen,war_taxes_only;total_is_reported_not_recalculated;not_all_revenue
war_taxes,1809,1809-04-05,GB,,reported_total,20030322,20030322,GBP_nominal,,,,,,,Hansard_HC_1809-06-20_vol14,resolution15,,fiscal/war_taxes_1804_1809.csv,reported_total_conflicts_with_components_not_frozen,war_taxes_only;total_is_reported_not_recalculated;not_all_revenue
manpower,1793,January,British_navy,,naval_men_borne,23000,23000,persons,,,,,,,Hansard_HC_1839-03-04_vol45,c1237,,manpower/borne_1793.csv,retrospective_single_source_not_frozen,retrospective_rounded_marines_scope_unspecified_not_mustered
manpower,1793,March,British_navy,,naval_men_borne,39000,39000,persons,,,,,,,Hansard_HC_1839-03-04_vol45,c1237,,manpower/borne_1793.csv,retrospective_single_source_not_frozen,retrospective_rounded_marines_scope_unspecified_not_mustered
manpower,1793,May,British_navy,,naval_men_borne,50000,50000,persons,,,,,,,Hansard_HC_1839-03-04_vol45,c1237,,manpower/borne_1793.csv,retrospective_single_source_not_frozen,retrospective_rounded_marines_scope_unspecified_not_mustered
manpower,1793,July,British_navy,,naval_men_borne,60000,60000,persons,,,,,,,Hansard_HC_1839-03-04_vol45,c1237,,manpower/borne_1793.csv,retrospective_single_source_not_frozen,retrospective_rounded_marines_scope_unspecified_not_mustered
manpower,1793,before_year_end,British_navy,,naval_men_borne,70000,70000,persons,,,,,,,Hansard_HC_1839-03-04_vol45,c1237,,manpower/borne_1793.csv,retrospective_single_source_not_frozen,retrospective_rounded_marines_scope_unspecified_not_mustered
prisoners,1811,reported_1811-06-14,England,,French_prisoners_reported_total,45933,45933,persons,,,,,,,Hansard_HC_vol20,634,,manpower/prisoners.csv,single_source_scope_limited,not_identified_as_naval_only_stock_date_not_explicit
prisoners,1811,reported_1811-06-14,England,,French_prisoners_on_parole,2710,2710,persons,,,,,,,Hansard_HC_vol20,634,,manpower/prisoners.csv,single_source_scope_limited,inclusion_in_total_unresolved_do_not_add
