event_id,market,start_month,end_month,proxy_price_return_pct,assumed_good_bad_price_gap_pct,assumed_event_attributable_fraction,implied_change_in_good_state_probability_pp,note
war_resumption,UK_consol_3pct,1803-04,1803-06,-9.3069,20,0.25,-11.63,"scenario-only state gap; unconstrained probability change may be outside [-100,100]"
war_resumption,UK_consol_3pct,1803-04,1803-06,-9.3069,20,0.5,-23.27,"scenario-only state gap; unconstrained probability change may be outside [-100,100]"
war_resumption,UK_consol_3pct,1803-04,1803-06,-9.3069,20,1.0,-46.53,"scenario-only state gap; unconstrained probability change may be outside [-100,100]"
war_resumption,UK_consol_3pct,1803-04,1803-06,-9.3069,40,0.25,-5.82,"scenario-only state gap; unconstrained probability change may be outside [-100,100]"
war_resumption,UK_consol_3pct,1803-04,1803-06,-9.3069,40,0.5,-11.63,"scenario-only state gap; unconstrained probability change may be outside [-100,100]"
war_resumption,UK_consol_3pct,1803-04,1803-06,-9.3069,40,1.0,-23.27,"scenario-only state gap; unconstrained probability change may be outside [-100,100]"
war_resumption,UK_consol_3pct,1803-04,1803-06,-9.3069,60,0.25,-3.88,"scenario-only state gap; unconstrained probability change may be outside [-100,100]"
war_resumption,UK_consol_3pct,1803-04,1803-06,-9.3069,60,0.5,-7.76,"scenario-only state gap; unconstrained probability change may be outside [-100,100]"
war_resumption,UK_consol_3pct,1803-04,1803-06,-9.3069,60,1.0,-15.51,"scenario-only state gap; unconstrained probability change may be outside [-100,100]"
war_resumption,FR_rente_5pct,1803-04,1803-06,-9.5204,20,0.25,-11.90,"scenario-only state gap; unconstrained probability change may be outside [-100,100]"
war_resumption,FR_rente_5pct,1803-04,1803-06,-9.5204,20,0.5,-23.80,"scenario-only state gap; unconstrained probability change may be outside [-100,100]"
war_resumption,FR_rente_5pct,1803-04,1803-06,-9.5204,20,1.0,-47.60,"scenario-only state gap; unconstrained probability change may be outside [-100,100]"
war_resumption,FR_rente_5pct,1803-04,1803-06,-9.5204,40,0.25,-5.95,"scenario-only state gap; unconstrained probability change may be outside [-100,100]"
war_resumption,FR_rente_5pct,1803-04,1803-06,-9.5204,40,0.5,-11.90,"scenario-only state gap; unconstrained probability change may be outside [-100,100]"
war_resumption,FR_rente_5pct,1803-04,1803-06,-9.5204,40,1.0,-23.80,"scenario-only state gap; unconstrained probability change may be outside [-100,100]"
war_resumption,FR_rente_5pct,1803-04,1803-06,-9.5204,60,0.25,-3.97,"scenario-only state gap; unconstrained probability change may be outside [-100,100]"
war_resumption,FR_rente_5pct,1803-04,1803-06,-9.5204,60,0.5,-7.93,"scenario-only state gap; unconstrained probability change may be outside [-100,100]"
war_resumption,FR_rente_5pct,1803-04,1803-06,-9.5204,60,1.0,-15.87,"scenario-only state gap; unconstrained probability change may be outside [-100,100]"
invasion_scare,UK_consol_3pct,1803-07,1803-09,0.7194,20,0.25,0.90,"scenario-only state gap; unconstrained probability change may be outside [-100,100]"
invasion_scare,UK_consol_3pct,1803-07,1803-09,0.7194,20,0.5,1.80,"scenario-only state gap; unconstrained probability change may be outside [-100,100]"
invasion_scare,UK_consol_3pct,1803-07,1803-09,0.7194,20,1.0,3.60,"scenario-only state gap; unconstrained probability change may be outside [-100,100]"
invasion_scare,UK_consol_3pct,1803-07,1803-09,0.7194,40,0.25,0.45,"scenario-only state gap; unconstrained probability change may be outside [-100,100]"
invasion_scare,UK_consol_3pct,1803-07,1803-09,0.7194,40,0.5,0.90,"scenario-only state gap; unconstrained probability change may be outside [-100,100]"
invasion_scare,UK_consol_3pct,1803-07,1803-09,0.7194,40,1.0,1.80,"scenario-only state gap; unconstrained probability change may be outside [-100,100]"
invasion_scare,UK_consol_3pct,1803-07,1803-09,0.7194,60,0.25,0.30,"scenario-only state gap; unconstrained probability change may be outside [-100,100]"
invasion_scare,UK_consol_3pct,1803-07,1803-09,0.7194,60,0.5,0.60,"scenario-only state gap; unconstrained probability change may be outside [-100,100]"
invasion_scare,UK_consol_3pct,1803-07,1803-09,0.7194,60,1.0,1.20,"scenario-only state gap; unconstrained probability change may be outside [-100,100]"
invasion_scare,FR_rente_5pct,1803-07,1803-09,0.1614,20,0.25,0.20,"scenario-only state gap; unconstrained probability change may be outside [-100,100]"
invasion_scare,FR_rente_5pct,1803-07,1803-09,0.1614,20,0.5,0.40,"scenario-only state gap; unconstrained probability change may be outside [-100,100]"
invasion_scare,FR_rente_5pct,1803-07,1803-09,0.1614,20,1.0,0.81,"scenario-only state gap; unconstrained probability change may be outside [-100,100]"
invasion_scare,FR_rente_5pct,1803-07,1803-09,0.1614,40,0.25,0.10,"scenario-only state gap; unconstrained probability change may be outside [-100,100]"
invasion_scare,FR_rente_5pct,1803-07,1803-09,0.1614,40,0.5,0.20,"scenario-only state gap; unconstrained probability change may be outside [-100,100]"
invasion_scare,FR_rente_5pct,1803-07,1803-09,0.1614,40,1.0,0.40,"scenario-only state gap; unconstrained probability change may be outside [-100,100]"
invasion_scare,FR_rente_5pct,1803-07,1803-09,0.1614,60,0.25,0.07,"scenario-only state gap; unconstrained probability change may be outside [-100,100]"
invasion_scare,FR_rente_5pct,1803-07,1803-09,0.1614,60,0.5,0.13,"scenario-only state gap; unconstrained probability change may be outside [-100,100]"
invasion_scare,FR_rente_5pct,1803-07,1803-09,0.1614,60,1.0,0.27,"scenario-only state gap; unconstrained probability change may be outside [-100,100]"
trafalgar,UK_consol_3pct,1805-10,1805-12,1.6878,20,0.25,2.11,"scenario-only state gap; unconstrained probability change may be outside [-100,100]"
trafalgar,UK_consol_3pct,1805-10,1805-12,1.6878,20,0.5,4.22,"scenario-only state gap; unconstrained probability change may be outside [-100,100]"
trafalgar,UK_consol_3pct,1805-10,1805-12,1.6878,20,1.0,8.44,"scenario-only state gap; unconstrained probability change may be outside [-100,100]"
trafalgar,UK_consol_3pct,1805-10,1805-12,1.6878,40,0.25,1.05,"scenario-only state gap; unconstrained probability change may be outside [-100,100]"
trafalgar,UK_consol_3pct,1805-10,1805-12,1.6878,40,0.5,2.11,"scenario-only state gap; unconstrained probability change may be outside [-100,100]"
trafalgar,UK_consol_3pct,1805-10,1805-12,1.6878,40,1.0,4.22,"scenario-only state gap; unconstrained probability change may be outside [-100,100]"
trafalgar,UK_consol_3pct,1805-10,1805-12,1.6878,60,0.25,0.70,"scenario-only state gap; unconstrained probability change may be outside [-100,100]"
trafalgar,UK_consol_3pct,1805-10,1805-12,1.6878,60,0.5,1.41,"scenario-only state gap; unconstrained probability change may be outside [-100,100]"
trafalgar,UK_consol_3pct,1805-10,1805-12,1.6878,60,1.0,2.81,"scenario-only state gap; unconstrained probability change may be outside [-100,100]"
trafalgar,FR_rente_5pct,1805-10,1805-12,8.1197,20,0.25,10.15,"scenario-only state gap; unconstrained probability change may be outside [-100,100]"
trafalgar,FR_rente_5pct,1805-10,1805-12,8.1197,20,0.5,20.30,"scenario-only state gap; unconstrained probability change may be outside [-100,100]"
trafalgar,FR_rente_5pct,1805-10,1805-12,8.1197,20,1.0,40.60,"scenario-only state gap; unconstrained probability change may be outside [-100,100]"
trafalgar,FR_rente_5pct,1805-10,1805-12,8.1197,40,0.25,5.07,"scenario-only state gap; unconstrained probability change may be outside [-100,100]"
trafalgar,FR_rente_5pct,1805-10,1805-12,8.1197,40,0.5,10.15,"scenario-only state gap; unconstrained probability change may be outside [-100,100]"
trafalgar,FR_rente_5pct,1805-10,1805-12,8.1197,40,1.0,20.30,"scenario-only state gap; unconstrained probability change may be outside [-100,100]"
trafalgar,FR_rente_5pct,1805-10,1805-12,8.1197,60,0.25,3.38,"scenario-only state gap; unconstrained probability change may be outside [-100,100]"
trafalgar,FR_rente_5pct,1805-10,1805-12,8.1197,60,0.5,6.77,"scenario-only state gap; unconstrained probability change may be outside [-100,100]"
trafalgar,FR_rente_5pct,1805-10,1805-12,8.1197,60,1.0,13.53,"scenario-only state gap; unconstrained probability change may be outside [-100,100]"
austerlitz,UK_consol_3pct,1805-11,1806-01,-0.2049,20,0.25,-0.26,"scenario-only state gap; unconstrained probability change may be outside [-100,100]"
austerlitz,UK_consol_3pct,1805-11,1806-01,-0.2049,20,0.5,-0.51,"scenario-only state gap; unconstrained probability change may be outside [-100,100]"
austerlitz,UK_consol_3pct,1805-11,1806-01,-0.2049,20,1.0,-1.02,"scenario-only state gap; unconstrained probability change may be outside [-100,100]"
austerlitz,UK_consol_3pct,1805-11,1806-01,-0.2049,40,0.25,-0.13,"scenario-only state gap; unconstrained probability change may be outside [-100,100]"
austerlitz,UK_consol_3pct,1805-11,1806-01,-0.2049,40,0.5,-0.26,"scenario-only state gap; unconstrained probability change may be outside [-100,100]"
austerlitz,UK_consol_3pct,1805-11,1806-01,-0.2049,40,1.0,-0.51,"scenario-only state gap; unconstrained probability change may be outside [-100,100]"
austerlitz,UK_consol_3pct,1805-11,1806-01,-0.2049,60,0.25,-0.09,"scenario-only state gap; unconstrained probability change may be outside [-100,100]"
austerlitz,UK_consol_3pct,1805-11,1806-01,-0.2049,60,0.5,-0.17,"scenario-only state gap; unconstrained probability change may be outside [-100,100]"
austerlitz,UK_consol_3pct,1805-11,1806-01,-0.2049,60,1.0,-0.34,"scenario-only state gap; unconstrained probability change may be outside [-100,100]"
austerlitz,FR_rente_5pct,1805-11,1806-01,-1.4628,20,0.25,-1.83,"scenario-only state gap; unconstrained probability change may be outside [-100,100]"
austerlitz,FR_rente_5pct,1805-11,1806-01,-1.4628,20,0.5,-3.66,"scenario-only state gap; unconstrained probability change may be outside [-100,100]"
austerlitz,FR_rente_5pct,1805-11,1806-01,-1.4628,20,1.0,-7.31,"scenario-only state gap; unconstrained probability change may be outside [-100,100]"
austerlitz,FR_rente_5pct,1805-11,1806-01,-1.4628,40,0.25,-0.91,"scenario-only state gap; unconstrained probability change may be outside [-100,100]"
austerlitz,FR_rente_5pct,1805-11,1806-01,-1.4628,40,0.5,-1.83,"scenario-only state gap; unconstrained probability change may be outside [-100,100]"
austerlitz,FR_rente_5pct,1805-11,1806-01,-1.4628,40,1.0,-3.66,"scenario-only state gap; unconstrained probability change may be outside [-100,100]"
austerlitz,FR_rente_5pct,1805-11,1806-01,-1.4628,60,0.25,-0.61,"scenario-only state gap; unconstrained probability change may be outside [-100,100]"
austerlitz,FR_rente_5pct,1805-11,1806-01,-1.4628,60,0.5,-1.22,"scenario-only state gap; unconstrained probability change may be outside [-100,100]"
austerlitz,FR_rente_5pct,1805-11,1806-01,-1.4628,60,1.0,-2.44,"scenario-only state gap; unconstrained probability change may be outside [-100,100]"
tilsit,UK_consol_3pct,1807-06,1807-08,-2.1526,20,0.25,-2.69,"scenario-only state gap; unconstrained probability change may be outside [-100,100]"
tilsit,UK_consol_3pct,1807-06,1807-08,-2.1526,20,0.5,-5.38,"scenario-only state gap; unconstrained probability change may be outside [-100,100]"
tilsit,UK_consol_3pct,1807-06,1807-08,-2.1526,20,1.0,-10.76,"scenario-only state gap; unconstrained probability change may be outside [-100,100]"
tilsit,UK_consol_3pct,1807-06,1807-08,-2.1526,40,0.25,-1.35,"scenario-only state gap; unconstrained probability change may be outside [-100,100]"
tilsit,UK_consol_3pct,1807-06,1807-08,-2.1526,40,0.5,-2.69,"scenario-only state gap; unconstrained probability change may be outside [-100,100]"
tilsit,UK_consol_3pct,1807-06,1807-08,-2.1526,40,1.0,-5.38,"scenario-only state gap; unconstrained probability change may be outside [-100,100]"
tilsit,UK_consol_3pct,1807-06,1807-08,-2.1526,60,0.25,-0.90,"scenario-only state gap; unconstrained probability change may be outside [-100,100]"
tilsit,UK_consol_3pct,1807-06,1807-08,-2.1526,60,0.5,-1.79,"scenario-only state gap; unconstrained probability change may be outside [-100,100]"
tilsit,UK_consol_3pct,1807-06,1807-08,-2.1526,60,1.0,-3.59,"scenario-only state gap; unconstrained probability change may be outside [-100,100]"
tilsit,FR_rente_5pct,1807-06,1807-08,12.3782,20,0.25,15.47,"scenario-only state gap; unconstrained probability change may be outside [-100,100]"
tilsit,FR_rente_5pct,1807-06,1807-08,12.3782,20,0.5,30.95,"scenario-only state gap; unconstrained probability change may be outside [-100,100]"
tilsit,FR_rente_5pct,1807-06,1807-08,12.3782,20,1.0,61.89,"scenario-only state gap; unconstrained probability change may be outside [-100,100]"
tilsit,FR_rente_5pct,1807-06,1807-08,12.3782,40,0.25,7.74,"scenario-only state gap; unconstrained probability change may be outside [-100,100]"
tilsit,FR_rente_5pct,1807-06,1807-08,12.3782,40,0.5,15.47,"scenario-only state gap; unconstrained probability change may be outside [-100,100]"
tilsit,FR_rente_5pct,1807-06,1807-08,12.3782,40,1.0,30.95,"scenario-only state gap; unconstrained probability change may be outside [-100,100]"
tilsit,FR_rente_5pct,1807-06,1807-08,12.3782,60,0.25,5.16,"scenario-only state gap; unconstrained probability change may be outside [-100,100]"
tilsit,FR_rente_5pct,1807-06,1807-08,12.3782,60,0.5,10.32,"scenario-only state gap; unconstrained probability change may be outside [-100,100]"
tilsit,FR_rente_5pct,1807-06,1807-08,12.3782,60,1.0,20.63,"scenario-only state gap; unconstrained probability change may be outside [-100,100]"
erfurt,UK_consol_3pct,1808-09,1808-11,0.5682,20,0.25,0.71,"scenario-only state gap; unconstrained probability change may be outside [-100,100]"
erfurt,UK_consol_3pct,1808-09,1808-11,0.5682,20,0.5,1.42,"scenario-only state gap; unconstrained probability change may be outside [-100,100]"
erfurt,UK_consol_3pct,1808-09,1808-11,0.5682,20,1.0,2.84,"scenario-only state gap; unconstrained probability change may be outside [-100,100]"
erfurt,UK_consol_3pct,1808-09,1808-11,0.5682,40,0.25,0.36,"scenario-only state gap; unconstrained probability change may be outside [-100,100]"
erfurt,UK_consol_3pct,1808-09,1808-11,0.5682,40,0.5,0.71,"scenario-only state gap; unconstrained probability change may be outside [-100,100]"
erfurt,UK_consol_3pct,1808-09,1808-11,0.5682,40,1.0,1.42,"scenario-only state gap; unconstrained probability change may be outside [-100,100]"
erfurt,UK_consol_3pct,1808-09,1808-11,0.5682,60,0.25,0.24,"scenario-only state gap; unconstrained probability change may be outside [-100,100]"
erfurt,UK_consol_3pct,1808-09,1808-11,0.5682,60,0.5,0.47,"scenario-only state gap; unconstrained probability change may be outside [-100,100]"
erfurt,UK_consol_3pct,1808-09,1808-11,0.5682,60,1.0,0.95,"scenario-only state gap; unconstrained probability change may be outside [-100,100]"
erfurt,FR_rente_5pct,1808-09,1808-11,0.6037,20,0.25,0.75,"scenario-only state gap; unconstrained probability change may be outside [-100,100]"
erfurt,FR_rente_5pct,1808-09,1808-11,0.6037,20,0.5,1.51,"scenario-only state gap; unconstrained probability change may be outside [-100,100]"
erfurt,FR_rente_5pct,1808-09,1808-11,0.6037,20,1.0,3.02,"scenario-only state gap; unconstrained probability change may be outside [-100,100]"
erfurt,FR_rente_5pct,1808-09,1808-11,0.6037,40,0.25,0.38,"scenario-only state gap; unconstrained probability change may be outside [-100,100]"
erfurt,FR_rente_5pct,1808-09,1808-11,0.6037,40,0.5,0.75,"scenario-only state gap; unconstrained probability change may be outside [-100,100]"
erfurt,FR_rente_5pct,1808-09,1808-11,0.6037,40,1.0,1.51,"scenario-only state gap; unconstrained probability change may be outside [-100,100]"
erfurt,FR_rente_5pct,1808-09,1808-11,0.6037,60,0.25,0.25,"scenario-only state gap; unconstrained probability change may be outside [-100,100]"
erfurt,FR_rente_5pct,1808-09,1808-11,0.6037,60,0.5,0.50,"scenario-only state gap; unconstrained probability change may be outside [-100,100]"
erfurt,FR_rente_5pct,1808-09,1808-11,0.6037,60,1.0,1.01,"scenario-only state gap; unconstrained probability change may be outside [-100,100]"
wagram,UK_consol_3pct,1809-06,1809-08,-1.4440,20,0.25,-1.81,"scenario-only state gap; unconstrained probability change may be outside [-100,100]"
wagram,UK_consol_3pct,1809-06,1809-08,-1.4440,20,0.5,-3.61,"scenario-only state gap; unconstrained probability change may be outside [-100,100]"
wagram,UK_consol_3pct,1809-06,1809-08,-1.4440,20,1.0,-7.22,"scenario-only state gap; unconstrained probability change may be outside [-100,100]"
wagram,UK_consol_3pct,1809-06,1809-08,-1.4440,40,0.25,-0.90,"scenario-only state gap; unconstrained probability change may be outside [-100,100]"
wagram,UK_consol_3pct,1809-06,1809-08,-1.4440,40,0.5,-1.81,"scenario-only state gap; unconstrained probability change may be outside [-100,100]"
wagram,UK_consol_3pct,1809-06,1809-08,-1.4440,40,1.0,-3.61,"scenario-only state gap; unconstrained probability change may be outside [-100,100]"
wagram,UK_consol_3pct,1809-06,1809-08,-1.4440,60,0.25,-0.60,"scenario-only state gap; unconstrained probability change may be outside [-100,100]"
wagram,UK_consol_3pct,1809-06,1809-08,-1.4440,60,0.5,-1.20,"scenario-only state gap; unconstrained probability change may be outside [-100,100]"
wagram,UK_consol_3pct,1809-06,1809-08,-1.4440,60,1.0,-2.41,"scenario-only state gap; unconstrained probability change may be outside [-100,100]"
wagram,FR_rente_5pct,1809-06,1809-08,-5.0283,20,0.25,-6.29,"scenario-only state gap; unconstrained probability change may be outside [-100,100]"
wagram,FR_rente_5pct,1809-06,1809-08,-5.0283,20,0.5,-12.57,"scenario-only state gap; unconstrained probability change may be outside [-100,100]"
wagram,FR_rente_5pct,1809-06,1809-08,-5.0283,20,1.0,-25.14,"scenario-only state gap; unconstrained probability change may be outside [-100,100]"
wagram,FR_rente_5pct,1809-06,1809-08,-5.0283,40,0.25,-3.14,"scenario-only state gap; unconstrained probability change may be outside [-100,100]"
wagram,FR_rente_5pct,1809-06,1809-08,-5.0283,40,0.5,-6.29,"scenario-only state gap; unconstrained probability change may be outside [-100,100]"
wagram,FR_rente_5pct,1809-06,1809-08,-5.0283,40,1.0,-12.57,"scenario-only state gap; unconstrained probability change may be outside [-100,100]"
wagram,FR_rente_5pct,1809-06,1809-08,-5.0283,60,0.25,-2.10,"scenario-only state gap; unconstrained probability change may be outside [-100,100]"
wagram,FR_rente_5pct,1809-06,1809-08,-5.0283,60,0.5,-4.19,"scenario-only state gap; unconstrained probability change may be outside [-100,100]"
wagram,FR_rente_5pct,1809-06,1809-08,-5.0283,60,1.0,-8.38,"scenario-only state gap; unconstrained probability change may be outside [-100,100]"
commercial_crisis,UK_consol_3pct,1810-10,1810-12,1.7045,20,0.25,2.13,"scenario-only state gap; unconstrained probability change may be outside [-100,100]"
commercial_crisis,UK_consol_3pct,1810-10,1810-12,1.7045,20,0.5,4.26,"scenario-only state gap; unconstrained probability change may be outside [-100,100]"
commercial_crisis,UK_consol_3pct,1810-10,1810-12,1.7045,20,1.0,8.52,"scenario-only state gap; unconstrained probability change may be outside [-100,100]"
commercial_crisis,UK_consol_3pct,1810-10,1810-12,1.7045,40,0.25,1.07,"scenario-only state gap; unconstrained probability change may be outside [-100,100]"
commercial_crisis,UK_consol_3pct,1810-10,1810-12,1.7045,40,0.5,2.13,"scenario-only state gap; unconstrained probability change may be outside [-100,100]"
commercial_crisis,UK_consol_3pct,1810-10,1810-12,1.7045,40,1.0,4.26,"scenario-only state gap; unconstrained probability change may be outside [-100,100]"
commercial_crisis,UK_consol_3pct,1810-10,1810-12,1.7045,60,0.25,0.71,"scenario-only state gap; unconstrained probability change may be outside [-100,100]"
commercial_crisis,UK_consol_3pct,1810-10,1810-12,1.7045,60,0.5,1.42,"scenario-only state gap; unconstrained probability change may be outside [-100,100]"
commercial_crisis,UK_consol_3pct,1810-10,1810-12,1.7045,60,1.0,2.84,"scenario-only state gap; unconstrained probability change may be outside [-100,100]"
commercial_crisis,FR_rente_5pct,1810-10,1810-12,-2.0928,20,0.25,-2.62,"scenario-only state gap; unconstrained probability change may be outside [-100,100]"
commercial_crisis,FR_rente_5pct,1810-10,1810-12,-2.0928,20,0.5,-5.23,"scenario-only state gap; unconstrained probability change may be outside [-100,100]"
commercial_crisis,FR_rente_5pct,1810-10,1810-12,-2.0928,20,1.0,-10.46,"scenario-only state gap; unconstrained probability change may be outside [-100,100]"
commercial_crisis,FR_rente_5pct,1810-10,1810-12,-2.0928,40,0.25,-1.31,"scenario-only state gap; unconstrained probability change may be outside [-100,100]"
commercial_crisis,FR_rente_5pct,1810-10,1810-12,-2.0928,40,0.5,-2.62,"scenario-only state gap; unconstrained probability change may be outside [-100,100]"
commercial_crisis,FR_rente_5pct,1810-10,1810-12,-2.0928,40,1.0,-5.23,"scenario-only state gap; unconstrained probability change may be outside [-100,100]"
commercial_crisis,FR_rente_5pct,1810-10,1810-12,-2.0928,60,0.25,-0.87,"scenario-only state gap; unconstrained probability change may be outside [-100,100]"
commercial_crisis,FR_rente_5pct,1810-10,1810-12,-2.0928,60,0.5,-1.74,"scenario-only state gap; unconstrained probability change may be outside [-100,100]"
commercial_crisis,FR_rente_5pct,1810-10,1810-12,-2.0928,60,1.0,-3.49,"scenario-only state gap; unconstrained probability change may be outside [-100,100]"
gebora_badajoz,UK_consol_3pct,1811-02,1811-04,-1.5209,20,0.25,-1.90,"scenario-only state gap; unconstrained probability change may be outside [-100,100]"
gebora_badajoz,UK_consol_3pct,1811-02,1811-04,-1.5209,20,0.5,-3.80,"scenario-only state gap; unconstrained probability change may be outside [-100,100]"
gebora_badajoz,UK_consol_3pct,1811-02,1811-04,-1.5209,20,1.0,-7.60,"scenario-only state gap; unconstrained probability change may be outside [-100,100]"
gebora_badajoz,UK_consol_3pct,1811-02,1811-04,-1.5209,40,0.25,-0.95,"scenario-only state gap; unconstrained probability change may be outside [-100,100]"
gebora_badajoz,UK_consol_3pct,1811-02,1811-04,-1.5209,40,0.5,-1.90,"scenario-only state gap; unconstrained probability change may be outside [-100,100]"
gebora_badajoz,UK_consol_3pct,1811-02,1811-04,-1.5209,40,1.0,-3.80,"scenario-only state gap; unconstrained probability change may be outside [-100,100]"
gebora_badajoz,UK_consol_3pct,1811-02,1811-04,-1.5209,60,0.25,-0.63,"scenario-only state gap; unconstrained probability change may be outside [-100,100]"
gebora_badajoz,UK_consol_3pct,1811-02,1811-04,-1.5209,60,0.5,-1.27,"scenario-only state gap; unconstrained probability change may be outside [-100,100]"
gebora_badajoz,UK_consol_3pct,1811-02,1811-04,-1.5209,60,1.0,-2.53,"scenario-only state gap; unconstrained probability change may be outside [-100,100]"
gebora_badajoz,FR_rente_5pct,1811-02,1811-04,-1.9722,20,0.25,-2.47,"scenario-only state gap; unconstrained probability change may be outside [-100,100]"
gebora_badajoz,FR_rente_5pct,1811-02,1811-04,-1.9722,20,0.5,-4.93,"scenario-only state gap; unconstrained probability change may be outside [-100,100]"
gebora_badajoz,FR_rente_5pct,1811-02,1811-04,-1.9722,20,1.0,-9.86,"scenario-only state gap; unconstrained probability change may be outside [-100,100]"
gebora_badajoz,FR_rente_5pct,1811-02,1811-04,-1.9722,40,0.25,-1.23,"scenario-only state gap; unconstrained probability change may be outside [-100,100]"
gebora_badajoz,FR_rente_5pct,1811-02,1811-04,-1.9722,40,0.5,-2.47,"scenario-only state gap; unconstrained probability change may be outside [-100,100]"
gebora_badajoz,FR_rente_5pct,1811-02,1811-04,-1.9722,40,1.0,-4.93,"scenario-only state gap; unconstrained probability change may be outside [-100,100]"
gebora_badajoz,FR_rente_5pct,1811-02,1811-04,-1.9722,60,0.25,-0.82,"scenario-only state gap; unconstrained probability change may be outside [-100,100]"
gebora_badajoz,FR_rente_5pct,1811-02,1811-04,-1.9722,60,0.5,-1.64,"scenario-only state gap; unconstrained probability change may be outside [-100,100]"
gebora_badajoz,FR_rente_5pct,1811-02,1811-04,-1.9722,60,1.0,-3.29,"scenario-only state gap; unconstrained probability change may be outside [-100,100]"
america_war,UK_consol_3pct,1812-07,1812-09,0.4415,20,0.25,0.55,"scenario-only state gap; unconstrained probability change may be outside [-100,100]"
america_war,UK_consol_3pct,1812-07,1812-09,0.4415,20,0.5,1.10,"scenario-only state gap; unconstrained probability change may be outside [-100,100]"
america_war,UK_consol_3pct,1812-07,1812-09,0.4415,20,1.0,2.21,"scenario-only state gap; unconstrained probability change may be outside [-100,100]"
america_war,UK_consol_3pct,1812-07,1812-09,0.4415,40,0.25,0.28,"scenario-only state gap; unconstrained probability change may be outside [-100,100]"
america_war,UK_consol_3pct,1812-07,1812-09,0.4415,40,0.5,0.55,"scenario-only state gap; unconstrained probability change may be outside [-100,100]"
america_war,UK_consol_3pct,1812-07,1812-09,0.4415,40,1.0,1.10,"scenario-only state gap; unconstrained probability change may be outside [-100,100]"
america_war,UK_consol_3pct,1812-07,1812-09,0.4415,60,0.25,0.18,"scenario-only state gap; unconstrained probability change may be outside [-100,100]"
america_war,UK_consol_3pct,1812-07,1812-09,0.4415,60,0.5,0.37,"scenario-only state gap; unconstrained probability change may be outside [-100,100]"
america_war,UK_consol_3pct,1812-07,1812-09,0.4415,60,1.0,0.74,"scenario-only state gap; unconstrained probability change may be outside [-100,100]"
america_war,FR_rente_5pct,1812-07,1812-09,0.0391,20,0.25,0.05,"scenario-only state gap; unconstrained probability change may be outside [-100,100]"
america_war,FR_rente_5pct,1812-07,1812-09,0.0391,20,0.5,0.10,"scenario-only state gap; unconstrained probability change may be outside [-100,100]"
america_war,FR_rente_5pct,1812-07,1812-09,0.0391,20,1.0,0.20,"scenario-only state gap; unconstrained probability change may be outside [-100,100]"
america_war,FR_rente_5pct,1812-07,1812-09,0.0391,40,0.25,0.02,"scenario-only state gap; unconstrained probability change may be outside [-100,100]"
america_war,FR_rente_5pct,1812-07,1812-09,0.0391,40,0.5,0.05,"scenario-only state gap; unconstrained probability change may be outside [-100,100]"
america_war,FR_rente_5pct,1812-07,1812-09,0.0391,40,1.0,0.10,"scenario-only state gap; unconstrained probability change may be outside [-100,100]"
america_war,FR_rente_5pct,1812-07,1812-09,0.0391,60,0.25,0.02,"scenario-only state gap; unconstrained probability change may be outside [-100,100]"
america_war,FR_rente_5pct,1812-07,1812-09,0.0391,60,0.5,0.03,"scenario-only state gap; unconstrained probability change may be outside [-100,100]"
america_war,FR_rente_5pct,1812-07,1812-09,0.0391,60,1.0,0.07,"scenario-only state gap; unconstrained probability change may be outside [-100,100]"
russian_invasion,UK_consol_3pct,1812-05,1812-07,-7.5510,20,0.25,-9.44,"scenario-only state gap; unconstrained probability change may be outside [-100,100]"
russian_invasion,UK_consol_3pct,1812-05,1812-07,-7.5510,20,0.5,-18.88,"scenario-only state gap; unconstrained probability change may be outside [-100,100]"
russian_invasion,UK_consol_3pct,1812-05,1812-07,-7.5510,20,1.0,-37.76,"scenario-only state gap; unconstrained probability change may be outside [-100,100]"
russian_invasion,UK_consol_3pct,1812-05,1812-07,-7.5510,40,0.25,-4.72,"scenario-only state gap; unconstrained probability change may be outside [-100,100]"
russian_invasion,UK_consol_3pct,1812-05,1812-07,-7.5510,40,0.5,-9.44,"scenario-only state gap; unconstrained probability change may be outside [-100,100]"
russian_invasion,UK_consol_3pct,1812-05,1812-07,-7.5510,40,1.0,-18.88,"scenario-only state gap; unconstrained probability change may be outside [-100,100]"
russian_invasion,UK_consol_3pct,1812-05,1812-07,-7.5510,60,0.25,-3.15,"scenario-only state gap; unconstrained probability change may be outside [-100,100]"
russian_invasion,UK_consol_3pct,1812-05,1812-07,-7.5510,60,0.5,-6.29,"scenario-only state gap; unconstrained probability change may be outside [-100,100]"
russian_invasion,UK_consol_3pct,1812-05,1812-07,-7.5510,60,1.0,-12.59,"scenario-only state gap; unconstrained probability change may be outside [-100,100]"
russian_invasion,FR_rente_5pct,1812-05,1812-07,0.6861,20,0.25,0.86,"scenario-only state gap; unconstrained probability change may be outside [-100,100]"
russian_invasion,FR_rente_5pct,1812-05,1812-07,0.6861,20,0.5,1.72,"scenario-only state gap; unconstrained probability change may be outside [-100,100]"
russian_invasion,FR_rente_5pct,1812-05,1812-07,0.6861,20,1.0,3.43,"scenario-only state gap; unconstrained probability change may be outside [-100,100]"
russian_invasion,FR_rente_5pct,1812-05,1812-07,0.6861,40,0.25,0.43,"scenario-only state gap; unconstrained probability change may be outside [-100,100]"
russian_invasion,FR_rente_5pct,1812-05,1812-07,0.6861,40,0.5,0.86,"scenario-only state gap; unconstrained probability change may be outside [-100,100]"
russian_invasion,FR_rente_5pct,1812-05,1812-07,0.6861,40,1.0,1.72,"scenario-only state gap; unconstrained probability change may be outside [-100,100]"
russian_invasion,FR_rente_5pct,1812-05,1812-07,0.6861,60,0.25,0.29,"scenario-only state gap; unconstrained probability change may be outside [-100,100]"
russian_invasion,FR_rente_5pct,1812-05,1812-07,0.6861,60,0.5,0.57,"scenario-only state gap; unconstrained probability change may be outside [-100,100]"
russian_invasion,FR_rente_5pct,1812-05,1812-07,0.6861,60,1.0,1.14,"scenario-only state gap; unconstrained probability change may be outside [-100,100]"
russia_retreat,UK_consol_3pct,1812-11,1813-01,1.4989,20,0.25,1.87,"scenario-only state gap; unconstrained probability change may be outside [-100,100]"
russia_retreat,UK_consol_3pct,1812-11,1813-01,1.4989,20,0.5,3.75,"scenario-only state gap; unconstrained probability change may be outside [-100,100]"
russia_retreat,UK_consol_3pct,1812-11,1813-01,1.4989,20,1.0,7.49,"scenario-only state gap; unconstrained probability change may be outside [-100,100]"
russia_retreat,UK_consol_3pct,1812-11,1813-01,1.4989,40,0.25,0.94,"scenario-only state gap; unconstrained probability change may be outside [-100,100]"
russia_retreat,UK_consol_3pct,1812-11,1813-01,1.4989,40,0.5,1.87,"scenario-only state gap; unconstrained probability change may be outside [-100,100]"
russia_retreat,UK_consol_3pct,1812-11,1813-01,1.4989,40,1.0,3.75,"scenario-only state gap; unconstrained probability change may be outside [-100,100]"
russia_retreat,UK_consol_3pct,1812-11,1813-01,1.4989,60,0.25,0.62,"scenario-only state gap; unconstrained probability change may be outside [-100,100]"
russia_retreat,UK_consol_3pct,1812-11,1813-01,1.4989,60,0.5,1.25,"scenario-only state gap; unconstrained probability change may be outside [-100,100]"
russia_retreat,UK_consol_3pct,1812-11,1813-01,1.4989,60,1.0,2.50,"scenario-only state gap; unconstrained probability change may be outside [-100,100]"
russia_retreat,FR_rente_5pct,1812-11,1813-01,-1.9893,20,0.25,-2.49,"scenario-only state gap; unconstrained probability change may be outside [-100,100]"
russia_retreat,FR_rente_5pct,1812-11,1813-01,-1.9893,20,0.5,-4.97,"scenario-only state gap; unconstrained probability change may be outside [-100,100]"
russia_retreat,FR_rente_5pct,1812-11,1813-01,-1.9893,20,1.0,-9.95,"scenario-only state gap; unconstrained probability change may be outside [-100,100]"
russia_retreat,FR_rente_5pct,1812-11,1813-01,-1.9893,40,0.25,-1.24,"scenario-only state gap; unconstrained probability change may be outside [-100,100]"
russia_retreat,FR_rente_5pct,1812-11,1813-01,-1.9893,40,0.5,-2.49,"scenario-only state gap; unconstrained probability change may be outside [-100,100]"
russia_retreat,FR_rente_5pct,1812-11,1813-01,-1.9893,40,1.0,-4.97,"scenario-only state gap; unconstrained probability change may be outside [-100,100]"
russia_retreat,FR_rente_5pct,1812-11,1813-01,-1.9893,60,0.25,-0.83,"scenario-only state gap; unconstrained probability change may be outside [-100,100]"
russia_retreat,FR_rente_5pct,1812-11,1813-01,-1.9893,60,0.5,-1.66,"scenario-only state gap; unconstrained probability change may be outside [-100,100]"
russia_retreat,FR_rente_5pct,1812-11,1813-01,-1.9893,60,1.0,-3.32,"scenario-only state gap; unconstrained probability change may be outside [-100,100]"
leipzig,UK_consol_3pct,1813-09,1813-11,2.1277,20,0.25,2.66,"scenario-only state gap; unconstrained probability change may be outside [-100,100]"
leipzig,UK_consol_3pct,1813-09,1813-11,2.1277,20,0.5,5.32,"scenario-only state gap; unconstrained probability change may be outside [-100,100]"
leipzig,UK_consol_3pct,1813-09,1813-11,2.1277,20,1.0,10.64,"scenario-only state gap; unconstrained probability change may be outside [-100,100]"
leipzig,UK_consol_3pct,1813-09,1813-11,2.1277,40,0.25,1.33,"scenario-only state gap; unconstrained probability change may be outside [-100,100]"
leipzig,UK_consol_3pct,1813-09,1813-11,2.1277,40,0.5,2.66,"scenario-only state gap; unconstrained probability change may be outside [-100,100]"
leipzig,UK_consol_3pct,1813-09,1813-11,2.1277,40,1.0,5.32,"scenario-only state gap; unconstrained probability change may be outside [-100,100]"
leipzig,UK_consol_3pct,1813-09,1813-11,2.1277,60,0.25,0.89,"scenario-only state gap; unconstrained probability change may be outside [-100,100]"
leipzig,UK_consol_3pct,1813-09,1813-11,2.1277,60,0.5,1.77,"scenario-only state gap; unconstrained probability change may be outside [-100,100]"
leipzig,UK_consol_3pct,1813-09,1813-11,2.1277,60,1.0,3.55,"scenario-only state gap; unconstrained probability change may be outside [-100,100]"
leipzig,FR_rente_5pct,1813-09,1813-11,-25.1568,20,0.25,-31.45,"scenario-only state gap; unconstrained probability change may be outside [-100,100]"
leipzig,FR_rente_5pct,1813-09,1813-11,-25.1568,20,0.5,-62.89,"scenario-only state gap; unconstrained probability change may be outside [-100,100]"
leipzig,FR_rente_5pct,1813-09,1813-11,-25.1568,20,1.0,-125.78,"scenario-only state gap; unconstrained probability change may be outside [-100,100]"
leipzig,FR_rente_5pct,1813-09,1813-11,-25.1568,40,0.25,-15.72,"scenario-only state gap; unconstrained probability change may be outside [-100,100]"
leipzig,FR_rente_5pct,1813-09,1813-11,-25.1568,40,0.5,-31.45,"scenario-only state gap; unconstrained probability change may be outside [-100,100]"
leipzig,FR_rente_5pct,1813-09,1813-11,-25.1568,40,1.0,-62.89,"scenario-only state gap; unconstrained probability change may be outside [-100,100]"
leipzig,FR_rente_5pct,1813-09,1813-11,-25.1568,60,0.25,-10.48,"scenario-only state gap; unconstrained probability change may be outside [-100,100]"
leipzig,FR_rente_5pct,1813-09,1813-11,-25.1568,60,0.5,-20.96,"scenario-only state gap; unconstrained probability change may be outside [-100,100]"
leipzig,FR_rente_5pct,1813-09,1813-11,-25.1568,60,1.0,-41.93,"scenario-only state gap; unconstrained probability change may be outside [-100,100]"
paris_abdication,UK_consol_3pct,1814-03,1814-05,7.5697,20,0.25,9.46,"scenario-only state gap; unconstrained probability change may be outside [-100,100]"
paris_abdication,UK_consol_3pct,1814-03,1814-05,7.5697,20,0.5,18.92,"scenario-only state gap; unconstrained probability change may be outside [-100,100]"
paris_abdication,UK_consol_3pct,1814-03,1814-05,7.5697,20,1.0,37.85,"scenario-only state gap; unconstrained probability change may be outside [-100,100]"
paris_abdication,UK_consol_3pct,1814-03,1814-05,7.5697,40,0.25,4.73,"scenario-only state gap; unconstrained probability change may be outside [-100,100]"
paris_abdication,UK_consol_3pct,1814-03,1814-05,7.5697,40,0.5,9.46,"scenario-only state gap; unconstrained probability change may be outside [-100,100]"
paris_abdication,UK_consol_3pct,1814-03,1814-05,7.5697,40,1.0,18.92,"scenario-only state gap; unconstrained probability change may be outside [-100,100]"
paris_abdication,UK_consol_3pct,1814-03,1814-05,7.5697,60,0.25,3.15,"scenario-only state gap; unconstrained probability change may be outside [-100,100]"
paris_abdication,UK_consol_3pct,1814-03,1814-05,7.5697,60,0.5,6.31,"scenario-only state gap; unconstrained probability change may be outside [-100,100]"
paris_abdication,UK_consol_3pct,1814-03,1814-05,7.5697,60,1.0,12.62,"scenario-only state gap; unconstrained probability change may be outside [-100,100]"
paris_abdication,FR_rente_5pct,1814-03,1814-05,17.7145,20,0.25,22.14,"scenario-only state gap; unconstrained probability change may be outside [-100,100]"
paris_abdication,FR_rente_5pct,1814-03,1814-05,17.7145,20,0.5,44.29,"scenario-only state gap; unconstrained probability change may be outside [-100,100]"
paris_abdication,FR_rente_5pct,1814-03,1814-05,17.7145,20,1.0,88.57,"scenario-only state gap; unconstrained probability change may be outside [-100,100]"
paris_abdication,FR_rente_5pct,1814-03,1814-05,17.7145,40,0.25,11.07,"scenario-only state gap; unconstrained probability change may be outside [-100,100]"
paris_abdication,FR_rente_5pct,1814-03,1814-05,17.7145,40,0.5,22.14,"scenario-only state gap; unconstrained probability change may be outside [-100,100]"
paris_abdication,FR_rente_5pct,1814-03,1814-05,17.7145,40,1.0,44.29,"scenario-only state gap; unconstrained probability change may be outside [-100,100]"
paris_abdication,FR_rente_5pct,1814-03,1814-05,17.7145,60,0.25,7.38,"scenario-only state gap; unconstrained probability change may be outside [-100,100]"
paris_abdication,FR_rente_5pct,1814-03,1814-05,17.7145,60,0.5,14.76,"scenario-only state gap; unconstrained probability change may be outside [-100,100]"
paris_abdication,FR_rente_5pct,1814-03,1814-05,17.7145,60,1.0,29.52,"scenario-only state gap; unconstrained probability change may be outside [-100,100]"
paris_treaty,UK_consol_3pct,1814-05,1814-07,-0.3704,20,0.25,-0.46,"scenario-only state gap; unconstrained probability change may be outside [-100,100]"
paris_treaty,UK_consol_3pct,1814-05,1814-07,-0.3704,20,0.5,-0.93,"scenario-only state gap; unconstrained probability change may be outside [-100,100]"
paris_treaty,UK_consol_3pct,1814-05,1814-07,-0.3704,20,1.0,-1.85,"scenario-only state gap; unconstrained probability change may be outside [-100,100]"
paris_treaty,UK_consol_3pct,1814-05,1814-07,-0.3704,40,0.25,-0.23,"scenario-only state gap; unconstrained probability change may be outside [-100,100]"
paris_treaty,UK_consol_3pct,1814-05,1814-07,-0.3704,40,0.5,-0.46,"scenario-only state gap; unconstrained probability change may be outside [-100,100]"
paris_treaty,UK_consol_3pct,1814-05,1814-07,-0.3704,40,1.0,-0.93,"scenario-only state gap; unconstrained probability change may be outside [-100,100]"
paris_treaty,UK_consol_3pct,1814-05,1814-07,-0.3704,60,0.25,-0.15,"scenario-only state gap; unconstrained probability change may be outside [-100,100]"
paris_treaty,UK_consol_3pct,1814-05,1814-07,-0.3704,60,0.5,-0.31,"scenario-only state gap; unconstrained probability change may be outside [-100,100]"
paris_treaty,UK_consol_3pct,1814-05,1814-07,-0.3704,60,1.0,-0.62,"scenario-only state gap; unconstrained probability change may be outside [-100,100]"
paris_treaty,FR_rente_5pct,1814-05,1814-07,6.9843,20,0.25,8.73,"scenario-only state gap; unconstrained probability change may be outside [-100,100]"
paris_treaty,FR_rente_5pct,1814-05,1814-07,6.9843,20,0.5,17.46,"scenario-only state gap; unconstrained probability change may be outside [-100,100]"
paris_treaty,FR_rente_5pct,1814-05,1814-07,6.9843,20,1.0,34.92,"scenario-only state gap; unconstrained probability change may be outside [-100,100]"
paris_treaty,FR_rente_5pct,1814-05,1814-07,6.9843,40,0.25,4.37,"scenario-only state gap; unconstrained probability change may be outside [-100,100]"
paris_treaty,FR_rente_5pct,1814-05,1814-07,6.9843,40,0.5,8.73,"scenario-only state gap; unconstrained probability change may be outside [-100,100]"
paris_treaty,FR_rente_5pct,1814-05,1814-07,6.9843,40,1.0,17.46,"scenario-only state gap; unconstrained probability change may be outside [-100,100]"
paris_treaty,FR_rente_5pct,1814-05,1814-07,6.9843,60,0.25,2.91,"scenario-only state gap; unconstrained probability change may be outside [-100,100]"
paris_treaty,FR_rente_5pct,1814-05,1814-07,6.9843,60,0.5,5.82,"scenario-only state gap; unconstrained probability change may be outside [-100,100]"
paris_treaty,FR_rente_5pct,1814-05,1814-07,6.9843,60,1.0,11.64,"scenario-only state gap; unconstrained probability change may be outside [-100,100]"
elba_return,UK_consol_3pct,1815-02,1815-04,-10.5675,20,0.25,-13.21,"scenario-only state gap; unconstrained probability change may be outside [-100,100]"
elba_return,UK_consol_3pct,1815-02,1815-04,-10.5675,20,0.5,-26.42,"scenario-only state gap; unconstrained probability change may be outside [-100,100]"
elba_return,UK_consol_3pct,1815-02,1815-04,-10.5675,20,1.0,-52.84,"scenario-only state gap; unconstrained probability change may be outside [-100,100]"
elba_return,UK_consol_3pct,1815-02,1815-04,-10.5675,40,0.25,-6.60,"scenario-only state gap; unconstrained probability change may be outside [-100,100]"
elba_return,UK_consol_3pct,1815-02,1815-04,-10.5675,40,0.5,-13.21,"scenario-only state gap; unconstrained probability change may be outside [-100,100]"
elba_return,UK_consol_3pct,1815-02,1815-04,-10.5675,40,1.0,-26.42,"scenario-only state gap; unconstrained probability change may be outside [-100,100]"
elba_return,UK_consol_3pct,1815-02,1815-04,-10.5675,60,0.25,-4.40,"scenario-only state gap; unconstrained probability change may be outside [-100,100]"
elba_return,UK_consol_3pct,1815-02,1815-04,-10.5675,60,0.5,-8.81,"scenario-only state gap; unconstrained probability change may be outside [-100,100]"
elba_return,UK_consol_3pct,1815-02,1815-04,-10.5675,60,1.0,-17.61,"scenario-only state gap; unconstrained probability change may be outside [-100,100]"
elba_return,FR_rente_5pct,1815-02,1815-04,-11.1227,20,0.25,-13.90,"scenario-only state gap; unconstrained probability change may be outside [-100,100]"
elba_return,FR_rente_5pct,1815-02,1815-04,-11.1227,20,0.5,-27.81,"scenario-only state gap; unconstrained probability change may be outside [-100,100]"
elba_return,FR_rente_5pct,1815-02,1815-04,-11.1227,20,1.0,-55.61,"scenario-only state gap; unconstrained probability change may be outside [-100,100]"
elba_return,FR_rente_5pct,1815-02,1815-04,-11.1227,40,0.25,-6.95,"scenario-only state gap; unconstrained probability change may be outside [-100,100]"
elba_return,FR_rente_5pct,1815-02,1815-04,-11.1227,40,0.5,-13.90,"scenario-only state gap; unconstrained probability change may be outside [-100,100]"
elba_return,FR_rente_5pct,1815-02,1815-04,-11.1227,40,1.0,-27.81,"scenario-only state gap; unconstrained probability change may be outside [-100,100]"
elba_return,FR_rente_5pct,1815-02,1815-04,-11.1227,60,0.25,-4.63,"scenario-only state gap; unconstrained probability change may be outside [-100,100]"
elba_return,FR_rente_5pct,1815-02,1815-04,-11.1227,60,0.5,-9.27,"scenario-only state gap; unconstrained probability change may be outside [-100,100]"
elba_return,FR_rente_5pct,1815-02,1815-04,-11.1227,60,1.0,-18.54,"scenario-only state gap; unconstrained probability change may be outside [-100,100]"
waterloo,UK_consol_3pct,1815-05,1815-07,-4.4211,20,0.25,-5.53,"scenario-only state gap; unconstrained probability change may be outside [-100,100]"
waterloo,UK_consol_3pct,1815-05,1815-07,-4.4211,20,0.5,-11.05,"scenario-only state gap; unconstrained probability change may be outside [-100,100]"
waterloo,UK_consol_3pct,1815-05,1815-07,-4.4211,20,1.0,-22.11,"scenario-only state gap; unconstrained probability change may be outside [-100,100]"
waterloo,UK_consol_3pct,1815-05,1815-07,-4.4211,40,0.25,-2.76,"scenario-only state gap; unconstrained probability change may be outside [-100,100]"
waterloo,UK_consol_3pct,1815-05,1815-07,-4.4211,40,0.5,-5.53,"scenario-only state gap; unconstrained probability change may be outside [-100,100]"
waterloo,UK_consol_3pct,1815-05,1815-07,-4.4211,40,1.0,-11.05,"scenario-only state gap; unconstrained probability change may be outside [-100,100]"
waterloo,UK_consol_3pct,1815-05,1815-07,-4.4211,60,0.25,-1.84,"scenario-only state gap; unconstrained probability change may be outside [-100,100]"
waterloo,UK_consol_3pct,1815-05,1815-07,-4.4211,60,0.5,-3.68,"scenario-only state gap; unconstrained probability change may be outside [-100,100]"
waterloo,UK_consol_3pct,1815-05,1815-07,-4.4211,60,1.0,-7.37,"scenario-only state gap; unconstrained probability change may be outside [-100,100]"
waterloo,FR_rente_5pct,1815-05,1815-07,15.6109,20,0.25,19.51,"scenario-only state gap; unconstrained probability change may be outside [-100,100]"
waterloo,FR_rente_5pct,1815-05,1815-07,15.6109,20,0.5,39.03,"scenario-only state gap; unconstrained probability change may be outside [-100,100]"
waterloo,FR_rente_5pct,1815-05,1815-07,15.6109,20,1.0,78.05,"scenario-only state gap; unconstrained probability change may be outside [-100,100]"
waterloo,FR_rente_5pct,1815-05,1815-07,15.6109,40,0.25,9.76,"scenario-only state gap; unconstrained probability change may be outside [-100,100]"
waterloo,FR_rente_5pct,1815-05,1815-07,15.6109,40,0.5,19.51,"scenario-only state gap; unconstrained probability change may be outside [-100,100]"
waterloo,FR_rente_5pct,1815-05,1815-07,15.6109,40,1.0,39.03,"scenario-only state gap; unconstrained probability change may be outside [-100,100]"
waterloo,FR_rente_5pct,1815-05,1815-07,15.6109,60,0.25,6.50,"scenario-only state gap; unconstrained probability change may be outside [-100,100]"
waterloo,FR_rente_5pct,1815-05,1815-07,15.6109,60,0.5,13.01,"scenario-only state gap; unconstrained probability change may be outside [-100,100]"
waterloo,FR_rente_5pct,1815-05,1815-07,15.6109,60,1.0,26.02,"scenario-only state gap; unconstrained probability change may be outside [-100,100]"
