source,local,locator,adoption,note,level
亚眠和约1802年印本,回源材料/亚眠和约_1802_Fairburn印本.pdf,第10条4/6—8/12—13款，第11条；封面、印页9及12—15,导论马耳他交接和撤军义务；方案由作者另行提出,导2,印本图像核读相关页；未声称全册逐页核读
乔治三世宣言18030518,回源材料/乔治三世_18030518宣言_网页转录.md,荷兰、瑞士、意大利连续段；Sebastiani起首段,辨认英国公开安全主张，不裁定英方全部指控为事实,导3,网页文书转录；未核原刊
Wilberforce发言18030523,回源材料/Wilberforce_18030523发言_网页转录.md,马耳他独立/占有、俄调停与结尾应战段,英国存在缓和立场，但不等于政府已接受和议,导4,转录首部自注报道不全；非逐字速记
Hicks2006为何耶拿,回源材料/Hicks_2006_为何发生耶拿战役.md,昂吉安、安斯巴赫、汉诺威外交的各节,法国政策改变普鲁士选择；不将热那亚当联盟单一原因,导5,研究文章核读；底层档案转引，非新核原档
普雷斯堡条约18051226,downloads/pages/45df93c6e187.md,第2、4—8、14条,意大利分冠有条件；1803和平不领走1805战果,导6,项目保存的大学转录定向核读；原刊未核
1806英法谈判文书集,回源材料/1806英法谈判_英国议会文书转录.md,第15、25、41、51号；其中51号记0925谈判,西西里硬条件、汉诺威、俄国参与；印度/多巴哥/好望角等换取西西里失败；联动英国与印度章,导7,议会电子转录，相关文书核读；非全部文书集逐字阅读；法方提议由英使报告
法俄提尔西特18070707,回源材料/法俄提尔西特条约_法文转录.md,第4—5、12—15、18—19、27—28条；另读秘密条款摘要的编者警示,普鲁士与新王国的不同地位、调停、港口驻軍、礼仪平等；改变封锁须另议既有义务,导8,相关法文条款核读；秘密条款仅内容摘要；未核全部秘密同盟文书
法普提尔西特18070709,回源材料/法普提尔西特条约_法文转录.md,缔约者、署日，第13—16、19—24条定向比对,辅助区分7月7日法俄与7月9日法普；不另作独立同一史实计数,导8,大学转录；第15条交叉条号问题仍待底本核查
旧P6战略综合卡,nodes/r_5b1357a9c6/cards/t_c87512/P6_victory_paths_wargame.md,§5全文、§8—12摘读；P6_choice_nodes.csv全部,保留策略选项、成本及资源冲突思路；取消自动和平、残普与无对应战果混用，不恢复无实证概率,作者综合，史实回指导2—8,研究卡是推演资料，不当独立历史证据；非全卡逐字验收
旧P7世界年表,nodes/r_5b1357a9c6/cards/t_eaa841/P7_chronicle.csv,1803—1805相关行定向核读,保留多地区联动问题；记录1803调停与Vertières先后不合，不抄入正文,作者综合,未称整张1848年表全部读完
既有财政与皇权材料,chapters/01_法国的能力与代价.md；chapters/09_另一条十九世纪.md,高丹、共和十三年；终7—9及法1/15/16,财政去重保留所有不同数字与口径；皇权论证整块移入制度段；纠错过程留注释,原注全保留,本轮未重新核遍底层财政档案；沿用上一轮回源成果
判准与各行动退路,chapters/00_导论.md,三分支、五关系、三个观察点,作者规范及反事实方案；与史实条款、提议、履行分层,不冒用史料脚注证明作者方案已发生,验收尺度已订立，不等于所有地区终局已完成
