army_budget_francs,cost_proxy_francs_per_gross_soldier,cost_scope,French_gross_supported,independent_allies_gross,present_ratio,total_present,S2_balance,S5_balance,S6_lite_balance,annual_army_calls_hazard6,status,source
230000000,600,pay_upkeep_only_600;arms_remounts700;Naples_high900;not_linear_empirical_cost,383333,150000,0.85,453333,-86667,-36667,-112917,81636,conditional_joint_budget_not_observation,M25_pp322_323_viaMollien;F4_fixedJune1810_taxcore;F2_scenarios
230000000,600,pay_upkeep_only_600;arms_remounts700;Naples_high900;not_linear_empirical_cost,383333,200000,0.85,495833,-44167,5833,-70417,81636,conditional_joint_budget_not_observation,M25_pp322_323_viaMollien;F4_fixedJune1810_taxcore;F2_scenarios
230000000,600,pay_upkeep_only_600;arms_remounts700;Naples_high900;not_linear_empirical_cost,383333,250000,0.85,538333,-1667,48333,-27917,81636,conditional_joint_budget_not_observation,M25_pp322_323_viaMollien;F4_fixedJune1810_taxcore;F2_scenarios
230000000,700,pay_upkeep_only_600;arms_remounts700;Naples_high900;not_linear_empirical_cost,328571,150000,0.85,406786,-133214,-83214,-159464,69974,conditional_joint_budget_not_observation,M25_pp322_323_viaMollien;F4_fixedJune1810_taxcore;F2_scenarios
230000000,700,pay_upkeep_only_600;arms_remounts700;Naples_high900;not_linear_empirical_cost,328571,200000,0.85,449286,-90714,-40714,-116964,69974,conditional_joint_budget_not_observation,M25_pp322_323_viaMollien;F4_fixedJune1810_taxcore;F2_scenarios
230000000,700,pay_upkeep_only_600;arms_remounts700;Naples_high900;not_linear_empirical_cost,328571,250000,0.85,491786,-48214,1786,-74464,69974,conditional_joint_budget_not_observation,M25_pp322_323_viaMollien;F4_fixedJune1810_taxcore;F2_scenarios
230000000,900,pay_upkeep_only_600;arms_remounts700;Naples_high900;not_linear_empirical_cost,255556,150000,0.85,344722,-195278,-145278,-221528,54424,conditional_joint_budget_not_observation,M25_pp322_323_viaMollien;F4_fixedJune1810_taxcore;F2_scenarios
230000000,900,pay_upkeep_only_600;arms_remounts700;Naples_high900;not_linear_empirical_cost,255556,200000,0.85,387222,-152778,-102778,-179028,54424,conditional_joint_budget_not_observation,M25_pp322_323_viaMollien;F4_fixedJune1810_taxcore;F2_scenarios
230000000,900,pay_upkeep_only_600;arms_remounts700;Naples_high900;not_linear_empirical_cost,255556,250000,0.85,429722,-110278,-60278,-136528,54424,conditional_joint_budget_not_observation,M25_pp322_323_viaMollien;F4_fixedJune1810_taxcore;F2_scenarios
300000000,600,pay_upkeep_only_600;arms_remounts700;Naples_high900;not_linear_empirical_cost,500000,150000,0.85,552500,12500,62500,-13750,106481,conditional_joint_budget_not_observation,M25_pp322_323_viaMollien;F4_fixedJune1810_taxcore;F2_scenarios
300000000,600,pay_upkeep_only_600;arms_remounts700;Naples_high900;not_linear_empirical_cost,500000,200000,0.85,595000,55000,105000,28750,106481,conditional_joint_budget_not_observation,M25_pp322_323_viaMollien;F4_fixedJune1810_taxcore;F2_scenarios
300000000,600,pay_upkeep_only_600;arms_remounts700;Naples_high900;not_linear_empirical_cost,500000,250000,0.85,637500,97500,147500,71250,106481,conditional_joint_budget_not_observation,M25_pp322_323_viaMollien;F4_fixedJune1810_taxcore;F2_scenarios
300000000,700,pay_upkeep_only_600;arms_remounts700;Naples_high900;not_linear_empirical_cost,428571,150000,0.85,491786,-48214,1786,-74464,91270,conditional_joint_budget_not_observation,M25_pp322_323_viaMollien;F4_fixedJune1810_taxcore;F2_scenarios
300000000,700,pay_upkeep_only_600;arms_remounts700;Naples_high900;not_linear_empirical_cost,428571,200000,0.85,534286,-5714,44286,-31964,91270,conditional_joint_budget_not_observation,M25_pp322_323_viaMollien;F4_fixedJune1810_taxcore;F2_scenarios
300000000,700,pay_upkeep_only_600;arms_remounts700;Naples_high900;not_linear_empirical_cost,428571,250000,0.85,576786,36786,86786,10536,91270,conditional_joint_budget_not_observation,M25_pp322_323_viaMollien;F4_fixedJune1810_taxcore;F2_scenarios
300000000,900,pay_upkeep_only_600;arms_remounts700;Naples_high900;not_linear_empirical_cost,333333,150000,0.85,410833,-129167,-79167,-155417,70988,conditional_joint_budget_not_observation,M25_pp322_323_viaMollien;F4_fixedJune1810_taxcore;F2_scenarios
300000000,900,pay_upkeep_only_600;arms_remounts700;Naples_high900;not_linear_empirical_cost,333333,200000,0.85,453333,-86667,-36667,-112917,70988,conditional_joint_budget_not_observation,M25_pp322_323_viaMollien;F4_fixedJune1810_taxcore;F2_scenarios
300000000,900,pay_upkeep_only_600;arms_remounts700;Naples_high900;not_linear_empirical_cost,333333,250000,0.85,495833,-44167,5833,-70417,70988,conditional_joint_budget_not_observation,M25_pp322_323_viaMollien;F4_fixedJune1810_taxcore;F2_scenarios
350000000,600,pay_upkeep_only_600;arms_remounts700;Naples_high900;not_linear_empirical_cost,583333,150000,0.85,623333,83333,133333,57083,124228,conditional_joint_budget_not_observation,M25_pp322_323_viaMollien;F4_fixedJune1810_taxcore;F2_scenarios
350000000,600,pay_upkeep_only_600;arms_remounts700;Naples_high900;not_linear_empirical_cost,583333,200000,0.85,665833,125833,175833,99583,124228,conditional_joint_budget_not_observation,M25_pp322_323_viaMollien;F4_fixedJune1810_taxcore;F2_scenarios
350000000,600,pay_upkeep_only_600;arms_remounts700;Naples_high900;not_linear_empirical_cost,583333,250000,0.85,708333,168333,218333,142083,124228,conditional_joint_budget_not_observation,M25_pp322_323_viaMollien;F4_fixedJune1810_taxcore;F2_scenarios
350000000,700,pay_upkeep_only_600;arms_remounts700;Naples_high900;not_linear_empirical_cost,500000,150000,0.85,552500,12500,62500,-13750,106481,conditional_joint_budget_not_observation,M25_pp322_323_viaMollien;F4_fixedJune1810_taxcore;F2_scenarios
350000000,700,pay_upkeep_only_600;arms_remounts700;Naples_high900;not_linear_empirical_cost,500000,200000,0.85,595000,55000,105000,28750,106481,conditional_joint_budget_not_observation,M25_pp322_323_viaMollien;F4_fixedJune1810_taxcore;F2_scenarios
350000000,700,pay_upkeep_only_600;arms_remounts700;Naples_high900;not_linear_empirical_cost,500000,250000,0.85,637500,97500,147500,71250,106481,conditional_joint_budget_not_observation,M25_pp322_323_viaMollien;F4_fixedJune1810_taxcore;F2_scenarios
350000000,900,pay_upkeep_only_600;arms_remounts700;Naples_high900;not_linear_empirical_cost,388889,150000,0.85,458056,-81944,-31944,-108194,82819,conditional_joint_budget_not_observation,M25_pp322_323_viaMollien;F4_fixedJune1810_taxcore;F2_scenarios
350000000,900,pay_upkeep_only_600;arms_remounts700;Naples_high900;not_linear_empirical_cost,388889,200000,0.85,500556,-39444,10556,-65694,82819,conditional_joint_budget_not_observation,M25_pp322_323_viaMollien;F4_fixedJune1810_taxcore;F2_scenarios
350000000,900,pay_upkeep_only_600;arms_remounts700;Naples_high900;not_linear_empirical_cost,388889,250000,0.85,543056,3056,53056,-23194,82819,conditional_joint_budget_not_observation,M25_pp322_323_viaMollien;F4_fixedJune1810_taxcore;F2_scenarios
