track,year,pop_A,pop_B,pop_C,pop_W,pop_lost,garrison_A,fr_in_B,ally_present,new_recruits,net_tax_new,cadre_need_ext,stage0,stage1,stage2,stage3,meanR_outerA,demand_present,budget_Mfr,fr_roster_paid,supply_present,balance_present,budget_needed_Mfr,budget_gap_Mfr
trackA,1803,37.85,9.1,13.226,0.0,0.0,0.0,21875.0,39683.1,0.0,0.0,0.0,0,0,0,0,0.0,351875.0,300.0,428571.429,403968.814,52093.814,257.099,-42.901
trackA,1804,37.85,9.1,13.226,0.0,0.0,0.0,23281.25,37124.685,0.0,0.0,0.0,0,0,0,0,0.0,353281.25,300.0,428571.429,401410.399,48129.149,260.364,-39.636
trackA,1805,38.25,8.7,19.226,0.0,0.0,1028.75,24335.938,51000.157,355.2,3421440.0,31.45,0,1,0,0,0.35,355364.688,301.711,431015.314,417363.174,61998.487,250.653,-51.058
trackA,1806,38.25,14.7,23.526,0.0,0.0,1026.699,51775.391,67114.497,675.121,3424625.577,28.9,0,1,0,0,0.349,382802.09,301.712,431017.59,433479.449,50677.359,259.978,-41.734
trackA,1807,38.25,21.0,23.526,0.0,0.0,1017.276,72934.243,97341.487,964.167,3439365.247,26.35,0,1,0,0,0.345,403951.519,301.72,431028.118,463715.387,59763.868,252.502,-49.217
trackA,1808,38.25,21.0,24.326,0.0,0.0,1001.339,74418.182,93646.434,1154.531,3464676.061,23.8,0,1,0,0,0.339,405419.521,301.732,431046.197,460035.701,54616.18,256.754,-44.978
trackA,1809,38.25,21.0,24.326,0.0,0.0,984.172,75531.137,90865.425,1327.545,3492508.683,21.25,0,1,0,0,0.331,406515.309,301.746,431066.078,457271.591,50756.282,259.947,-41.799
trackA,1810,38.376,21.0,24.2,0.0,0.0,1835.613,76365.853,88771.05,1321.68,3646430.578,41.65,0,2,0,0,0.297,408201.466,301.823,431176.022,455270.668,47069.203,263.06,-38.763
trackA,1811,38.376,21.0,24.2,0.0,0.0,1816.382,76991.889,87192.729,1318.15,3674820.522,36.55,0,2,0,0,0.29,408808.271,301.837,431196.3,453709.584,44901.313,264.86,-36.978
trackA,1812,38.376,21.0,24.2,0.0,0.0,1877.27,79426.417,79148.051,1308.426,3584866.736,31.45,0,1,1,0,0.312,411303.687,301.792,431132.048,445610.292,34306.605,273.54,-28.252
trackA,1813,38.376,21.0,24.2,0.0,0.0,1832.554,75765.438,88408.867,1344.986,3640764.373,26.35,0,1,1,0,0.294,407597.992,301.82,431171.975,454905.045,47307.053,262.862,-38.959
trackA,1814,38.376,21.0,24.2,0.0,0.0,1798.374,73019.703,95354.845,1380.239,3686646.592,21.25,0,1,1,0,0.281,404818.077,301.843,431204.748,461878.881,57060.804,254.852,-46.991
trackA,1815,38.376,21.0,24.2,0.0,0.0,1770.423,70667.903,101476.111,1386.419,3727212.551,18.7,0,1,1,0,0.269,402438.325,301.864,431233.723,468024.776,65586.45,247.851,-54.012
trackA,1816,38.376,21.0,24.2,0.0,0.0,1843.288,71295.602,97765.197,1383.451,3615354.324,17.0,0,1,1,0,0.297,403138.89,301.808,431153.825,464245.948,61107.058,251.484,-50.323
trackA,1817,38.376,21.0,24.2,0.0,0.0,1850.36,70620.926,98997.302,1383.535,3601216.122,17.0,0,1,0,1,0.298,402471.287,301.801,431143.726,465469.469,62998.183,249.92,-51.881
trackA,1818,38.376,21.0,24.2,0.0,0.0,1808.625,68969.47,103949.023,1385.299,3659418.788,17.0,0,1,0,1,0.282,400778.095,301.83,431185.299,470456.527,69678.432,244.447,-57.382
trackA,1819,38.376,21.0,24.2,0.0,0.0,1781.055,67764.427,107594.403,1387.777,3700615.381,17.0,0,1,0,1,0.271,399545.482,301.85,431214.725,474126.919,74581.437,240.43,-61.42
trackA,1820,38.376,21.0,24.2,0.0,0.0,1813.278,68204.196,105694.869,1384.959,3650466.222,17.0,0,1,0,1,0.283,400017.474,301.825,431178.904,472196.938,72179.465,242.383,-59.442
trackA,1821,38.376,21.0,24.2,0.0,0.0,1821.948,68076.322,105943.989,1385.929,3638987.667,17.0,0,1,0,1,0.287,399898.269,301.819,431170.705,472439.089,72540.82,242.08,-59.739
trackA,1822,38.376,21.0,24.2,0.0,0.0,1829.878,68013.966,106072.745,1386.44,3627714.456,17.0,0,1,0,1,0.29,399843.844,301.814,431162.653,472561.0,72717.156,241.929,-59.885
trackA,1823,38.376,21.0,24.2,0.0,0.0,1837.5,68000.75,106107.869,1383.718,3616379.128,17.0,0,1,0,1,0.293,399838.25,301.808,431154.557,472589.242,72750.992,241.896,-59.913
trackA,1824,38.376,21.0,24.2,0.0,0.0,1845.084,68024.387,106070.592,1378.835,3604829.573,17.0,0,1,0,1,0.295,399869.471,301.802,431146.307,472544.953,72675.482,241.952,-59.85
trackA,1825,38.376,21.0,24.2,0.0,0.0,1816.715,67256.915,108796.594,1379.22,3642925.779,17.0,0,1,0,1,0.284,399073.631,301.821,431173.518,475294.085,76220.454,239.052,-62.77
trackA,1826,38.376,21.0,24.2,0.0,0.0,1799.201,66714.862,110769.436,1381.886,3667847.282,17.0,0,1,0,1,0.276,398514.063,301.834,431191.319,477282.058,78767.995,236.966,-64.868
trackA,1827,38.376,21.0,24.2,0.0,0.0,1788.921,66341.871,112182.022,1385.836,3682945.624,17.0,0,1,0,1,0.272,398130.793,301.841,431202.104,478703.81,80573.018,235.487,-66.354
trackA,1828,38.376,21.0,24.2,0.0,0.0,1783.662,66095.678,113176.64,1390.398,3690691.724,17.0,0,1,0,1,0.27,397879.341,301.845,431207.637,479703.131,81823.791,234.461,-67.384
trackA,1829,38.376,21.0,24.2,0.0,0.0,1781.992,65944.584,113858.654,1395.127,3692916.124,17.0,0,1,0,1,0.269,397726.576,301.846,431209.226,480386.496,82659.919,233.774,-68.073
trackA,1830,38.376,21.0,24.2,0.0,0.0,1918.288,69139.813,102882.345,1384.415,3494852.679,17.0,0,1,0,1,0.319,401058.1,301.747,431067.752,469289.934,68231.834,245.557,-56.191
trackA,1831,38.376,21.0,24.2,0.0,0.0,1882.951,68294.785,105973.064,1376.963,3539713.502,17.0,0,1,0,1,0.306,400177.735,301.77,431099.795,472407.89,72230.155,242.286,-59.484
trackA,1832,38.376,21.0,24.2,0.0,0.0,1860.936,67694.563,108220.981,1371.725,3569345.531,17.0,0,1,0,1,0.297,399555.5,301.785,431120.961,474673.798,75118.299,239.923,-61.862
trackA,1833,38.376,21.0,24.2,0.0,0.0,1847.78,67277.948,109841.598,1367.968,3587678.23,17.0,0,1,0,1,0.292,399125.728,301.794,431134.056,476305.545,77179.817,238.234,-63.56
trackA,1834,38.376,21.0,24.2,0.0,0.0,1840.745,66999.036,110993.954,1365.18,3597602.559,17.0,0,1,0,1,0.289,398839.78,301.799,431141.145,477463.927,78624.146,237.05,-64.749
trackA,1835,38.376,21.0,24.2,0.0,0.0,1838.059,66823.402,111795.881,1370.802,3601254.163,17.0,0,1,0,1,0.288,398661.46,301.801,431143.753,478268.071,79606.61,236.242,-65.558
trackA,1836,38.376,21.0,24.2,0.0,0.0,1838.53,66725.226,112334.964,1373.899,3600216.172,17.0,0,1,0,1,0.288,398563.756,301.8,431143.012,478806.524,80242.768,235.718,-66.082
trackA,1837,38.376,21.0,24.2,0.0,0.0,1841.334,66685.145,112676.496,1375.171,3595665.563,17.0,0,1,0,1,0.289,398526.479,301.798,431139.761,479145.292,80618.814,235.406,-66.392
trackA,1838,38.376,21.0,24.2,0.0,0.0,1845.886,66688.634,112869.263,1375.112,3588479.522,17.0,0,1,0,1,0.291,398534.52,301.794,431134.628,479333.697,80799.178,235.254,-66.54
trackA,1839,38.376,21.0,24.2,0.0,0.0,1851.766,66724.8,112949.805,1374.078,3579313.18,17.0,0,1,0,1,0.293,398576.566,301.79,431128.081,479408.674,80832.108,235.222,-66.568
trackA,1840,38.376,21.0,24.2,0.0,0.0,1858.667,66785.475,112945.534,1372.325,3568656.711,17.0,0,1,0,1,0.295,398644.142,301.784,431120.469,479397.932,80753.79,235.281,-66.503
trackA,1841,38.376,21.0,24.2,0.0,0.0,1866.365,66864.531,112877.054,1370.039,3556877.454,17.0,0,1,0,1,0.297,398730.896,301.778,431112.055,479322.301,80591.405,235.409,-66.369
trackA,1842,38.376,21.0,24.2,0.0,0.0,1874.691,66957.374,112759.878,1367.358,3544251.079,17.0,0,1,0,1,0.3,398832.065,301.772,431103.036,479197.459,80365.395,235.589,-66.183
trackA,1843,38.376,21.0,24.2,0.0,0.0,1883.522,67060.555,112605.703,1364.381,3530984.734,17.0,0,1,0,1,0.303,398944.077,301.765,431093.561,479035.229,80091.152,235.808,-65.957
trackA,1844,38.376,21.0,24.2,0.0,0.0,1892.763,67171.491,112423.359,1361.183,3517234.264,17.0,0,1,0,1,0.306,399064.254,301.759,431083.739,478844.537,79780.283,236.057,-65.701
trackA,1845,38.376,21.0,24.2,0.0,0.0,1902.344,67288.244,112219.529,1357.819,3503117.056,17.0,0,1,0,1,0.309,399190.588,301.752,431073.655,478632.135,79441.548,236.329,-65.422
trackA,1846,38.376,21.0,24.2,0.0,0.0,1912.212,67409.358,111999.271,1354.33,3488721.624,17.0,0,1,0,1,0.312,399321.569,301.744,431063.373,478403.138,79081.569,236.618,-65.126
trackA,1847,38.376,21.0,24.2,0.0,0.0,1922.325,67533.743,111766.426,1350.746,3474114.796,17.0,0,1,0,1,0.315,399456.068,301.737,431052.939,478161.425,78705.356,236.921,-64.816
trackA,1848,38.376,21.0,24.2,0.0,0.0,2160.07,72245.582,95530.312,1328.593,3184767.878,17.0,0,1,0,1,0.388,404405.652,301.592,430846.263,461749.636,57343.984,254.368,-47.224
