id,material_and_source,prose,incorporated,boundary
L001,Q2_integration_panel；Rouanet—Piano表4、正文1092及补充61,07_行省化的边界.md,正文/附编写入降逃役约5点、兵额代价和3256/2812差异,原回归与变量实现未复跑
L002,c10_causal_evidence；2019作者稿表3,08_新秩序的经济与社会.md:447,447县、1886教师工资、−.208/.0403及聚类敏感性写入,核读所存文本，非本轮逐图重核
L003,F5与Langlois1972，AHRF208,01_法国的能力与代价.md:249,共和八年3011007/1562、操纵和参与边界入文,1815精确分母与军队票仍待原表定位
L005,F1；通信全集卷6/8/10/11/12导言,01_法国的能力与代价.md:31,各卷时段/3144/4192、44.4%与60%分别处理；马德里五六日、1812断联十五日,卷十3006/3214版本差异；科兰古莫斯科十四五日原页仍待核
L006,X1；Buist1974印页61–62，PDF69–70,08_新秩序的经济与社会.md:165,8300/7600名义加总、旧债转换、新现金上限及900万法郎分开,驳正研究卡误把认购总额当实募新现金；不新增未证容量模型
L007,Q1；Woolf1991印页232/PDF243,04_西班牙与意大利.md:99,约瑟夫政府流亡人员中逾40%财政/21%警察，分母写明,所核为书中回溯统计，不是全西班牙官员普查
L008,c10；SOEPpapers566/2013表4(5)、印页36/PDF38,10_资料附编.md:325,系数.0485、SE.0169、N4031及法律延续范围入文,本轮表页图已核；不伪称使用2016刊本
L009,mechanism_audit；JEH69(1)2009表6(2),10_资料附编.md:327,征税集中与支出约束分开；.2215/.5886/.6206及z统计量入文,差分标准误需协方差，不杜撰显著性
L010,mechanism_audit；OxfordDP84/2010第4–5节,09_另一条十九世纪.md:130,联盟加入顺序、外部选择、补偿与有限共同财政相接,理论史实机制，不伪造缺失回归表
