group,title,priority,related,file,start,end,text
N01,原初设问与主线起点不完全相合,P1,M003,/Users/makiko/Documents/exam/final/r_5b1357a9c6-revised/chapters/00_导论.md,23,27,"最值得推演的主线，把1803年至1807年7月的已发生历史作为起点：法国赢得乌尔姆、奥斯特里茨、耶拿—奥尔施泰特和弗里德兰，取得莱茵左岸及意大利既有地位，建立莱茵邦联、威斯特法利亚王国和华沙公国，与俄国签订提尔西特条约。特拉法加的损失也随之保留，胜利的果实和取得果实的代价一起进入推演。

分岔发生在提尔西特之后。法国不再为了把海岸封死而接连吞并沿海国家；不启动瓜分葡萄牙、借道西班牙并最终废黜西班牙波旁王朝的升级链；逐步将对英经济战争改为可公布、可谈判的关税和有限禁运；在波兰、俄国通商和教廷主权上作出能执行的妥协。法国仍然准备战争，但不再把每一个逃避巴黎命令的港口都当作必须吞并的领土。

这里另保留两条支线。其一是1803年即维持亚眠和平：它可能少死人、少负债，却也没有后来战胜奥普所得的王冠与疆土。其二是1808年春才止损：法军已经进入伊比利亚、葡萄牙王室已经出走，此时仍可不废西班牙国王，但撤军、修复信任和处理英国介入的成本都更高。两条支线不能借用主线里没有付出代价的战果，主线也不能同时拥有“没有入侵葡萄牙”与“葡萄牙王室已迁巴西”两套互相排斥的前提。"
N01,原初设问与主线起点不完全相合,P1,M003,/Users/makiko/Documents/exam/final/r_5b1357a9c6-revised/chapters/09_另一条十九世纪.md,3,17,"## 一、1803年：最便宜的和平，未必带来最大的帝国

1803年的法国拥有革命战争留下的优势，也面对一个没有被征服的欧洲。英国仍有海军，俄国仍有空间，奥地利与普鲁士仍是可以重新动员的国家。亚眠和约提供过停战的现实经验，却没有消除马耳他、荷兰、意大利和殖民贸易等争端。

因此，最早的一条道路，是拿破仑在1803年就接受一项有限和平：把法国已经获得的安全和政治优势看得比继续扩大势力更重要，停止向英国传递每次让步之后还会有下一项要求的信号。

**这条道路在成本上最有吸引力，在控制范围上却比1807年的方案小。**没有奥斯特里茨，就没有同样的普雷斯堡安排；没有耶拿与弗里德兰，就没有同样的残存普鲁士、华沙公国和提尔西特体系。法国可以成为西欧首要强国，但不能不打一场本来产生新秩序的战争，却仍领走战争的全部成果。〔终1〕

这不是一条被否决的无用支线。它揭示原问题中两种目标的差别：若优先减少失败风险和长期成本，1803年妥协值得认真考虑；若优先保存较大范围的大陆优势，则应在后来某个已经取得胜利的时点停止扩张。两者不是同一份最优答案。

## 二、1807年：应当在提尔西特之后改变的，不是下一场战役

### 1．把战果变成有期限、有边界的承诺

主线从1807年7月出发。法国已经付出特拉法加与大陆战争的代价，也已经取得真实的军事优势。此时应当优先防止三条新的战争链同时形成：伊比利亚的王朝危机、封锁执法引发的沿海兼并，以及波兰与俄国关系的持续升级。"
N02,疆域、军力、收入和海上状态尚未共用一条主线,P1,M001/M005–M012,/Users/makiko/Documents/exam/final/r_5b1357a9c6-revised/chapters/01_法国的能力与代价.md,160,183,"以下预算比较取经常收入7.5亿法郎为中位方案，6.5亿为下行、8亿为较高收入情景。这是依据帝国财政尺度构造的规划数，不是拿破仑没有侵俄以后某一年的已知决算。扣除非军事开支、旧债、补偿、储备，再给海军拨款，才得到陆军能够花的钱。

若留给陆军3亿法郎，并以每名军人每年700法郎作费用代理，只能支付约42.86万法国军籍人员；若另有20万自养盟军、统一按85%在场，合计约53.43万在场兵。若兵均费用为900法郎，同样3亿只支付33.33万人。700来自莫利安经马里翁等人的回忆性估值，900有那不勒斯费用的参照，二者不是一条已被估计的通用成本曲线。〔法6、法13〕

这笔兵均费用也有边界。布兰达将全年平均费用折为每日约1.91法郎，再乘盟军战役兵日，估计法国避免的开支。统计只覆盖战役日，日费却不是由此测得的纯边际战费。完整和平预算仍须另列人员构成、军械、马匹与地方供养。

在较有限的直辖方案中，把部分造舰预算从1.95亿降低至约1.65亿、提高陆军预算并保持约25万自养盟军，能够构造出较小的人力与财政余量。这个例子证明有限霸权不是明显超出法国资源；它也表明法国的胜利方案没有多少免费余地。盟友退出、税收下滑或海军竞争升级，都会重新挤压余额。

### 陆军与海军，必须从同一笔钱中付款

把上述选择放在一张表上，和平帝国的财政轮廓会更清楚。下列四案沿用马里翁所提供的费用尺度与本书的规划假设，单位均为百万法郎／年；不是未发生历史的决算。经常收入已扣征收成本，民政栏包括旧债息与既有养老金，避免再次重复计算。

| 年度规划 | 经常收入 | 另收盟约现金 | 民政、旧息与养老 | 新增补偿 | 陆军 | 海军 | 储备积累 | 余额 |
|---|---:|---:|---:|---:|---:|---:|---:|---:|
| 中位收入，维持两军目标 | 750 | 0 | 300 | 25 | 300 | 195 | 20 | **−90** |
| 较高收入、较低非军与舰费 | 800 | 0 | 280 | 20 | 300 | 170 | 20 | **＋10** |
| 较高收入并有可兑现盟约现金 | 800 | 40 | 300 | 25 | 300 | 195 | 20 | **0** |
| 上案再把陆军扩至五十万的费用尺度 | 800 | 40 | 300 | 25 | 350 | 195 | 20 | **−50** |

陆军3亿若按每人700法郎折算，约供养42.86万在册者；3.5亿对应50万。若实际兵均成本接近900法郎，前者便只能供养33.33万。盟国自养部队另列，不从这3亿中再扣一次；但“自养部队”与另缴4,000万现金能否兼得，须逐国订约，不能默认盟国的钱无限可取。〔法13〕

**明确的选择是：先支付能够守住有限大陆秩序的军队，再分期追赶海军；新增兼并排在两者之后。**第一案有9,000万缺口，已经超过“节俭一点”能够不痛不痒解决的范围。第三案虽闭合，收入下滑一成便会少8,000万，盟友停止付款又会另少4,000万。以短期借款渡过一次歉收可行，以它们常年掩盖同一缺口，则只是把下一次军事危机提前变成债务危机。

这也限定第三章舰队推演的含义：1830年舰体逼近英国九成是一条高条件分支，不是与所有陆上任务兼容的既定预算成果。较稳的先后次序是修舰、保养基地、稳定舰员与商船航海训练，然后随税源和信用增长追加新舰。法国可以逐步缩小差距；它必须放弃的，是在第一天就为陆海两军同时购买最大规模。"
N02,疆域、军力、收入和海上状态尚未共用一条主线,P1,M001/M005–M012,/Users/makiko/Documents/exam/final/r_5b1357a9c6-revised/chapters/02b_英国海权与和平_舰队海峡与帝国.md,193,225,"沿这条机制向1830年推算，可以比较两个条件分支。两者在 1815 年共享同一起点；“持续海战”假定训练受限制、战损继续；“武装和平”假定贸易与训练环境改善，但两国仍保留海军竞争。舰体数字中的小数是年度存量模型的计算值，不表示现实存在零点几艘船；正文判断应取约数。

| 年份与条件 | 法国战列舰舰体 | 英国战列舰舰体 | 法国一年内可动员舰数 | 英国一年内可动员舰数 | 法／英假定舰体吨位比 |
|---|---:|---:|---:|---:|---:|
| 1815，共同起点 | 86.9 | 127.5 | 65 | 115 | 0.662 |
| 1820，持续海战 | 101.1 | 135.0 | 78 | 122.5 | 0.728 |
| 1820，武装和平 | 111.9 | 135.0 | 84 | 112.5 | 0.806 |
| 1825，持续海战 | 105.4 | 142.5 | 81 | 130 | 0.719 |
| 1825，武装和平 | 123.1 | 142.5 | 96 | 120 | 0.840 |
| 1830，持续海战 | 108.7 | 142.5 | 84 | 130 | 0.742 |
| 1830，武装和平 | 132.2 | 142.5 | 111 | 120 | 0.902 |

这些结果来自对新造、自然退出、战损、人员流入、整备和平均舰型吨位的设定。它们没有被一套真实存在的“法国未败的 1830 年舰队名册”验证。因此，0.902 应读作“在这组条件下，舰体吨位约可接近九成”，不是历史学发现了一个精确的海军实力比。

原模型还要求法国每年向海军事业净补入约八千至一万二千人，其中每年形成或吸收四千至六千名合格人员。后者含新兵晋级与有经验商渔民转入，不能在前者之外再加一次；同一批人也不应同时算作陆军的新兵。这个流量尚未由完整个人履历序列校准，和平下能否实现，取决于商船规模、工资、死亡和被俘损失。

原模型进一步引入训练系数：持续海战中，法国由 0.65 升至 0.75，英国由 1 升至 1.05；武装和平中，法国升至 0.925，英国降至 0.95。这些系数没有经验校准，而且“可动员舰数”已经部分反映人员准备，再乘训练系数可能重复折损。

所以，原来 1830 年持续海战下约 0.449、武装和平下约 0.876 的“效能比”，这里只保留为模型演示，不作为结论标题。若不乘训练系数，仅比较可动员舰的假定吨位，同年约为 0.628 与 0.899。持续海战的高低参数组合给出舰体吨位比约 0.552—0.926、加权效能比约 0.282—0.644；武装和平对应约 0.769—1.012、0.747—0.974。区间之宽本身就表明，结果由条件主导，而非已经测得。

### 3. 最重要的敏感性，不只是法国造船速度

持续海战基准中，若法国新造量降低 30%，1830 年舰体约降至 78.3、一年内可动员约六十艘；若只是人员流入减少 30%，舰体仍约 108.7，可动员却约五十七艘。前者是船台不足，后者是有人造船却无人有效使用。两种短板的历史含义不同。

把整备率降低十个百分点，同年可动员舰约降至七十三艘。若设定法国一开始失去十二艘安特卫普相关舰体，之后每年少造三艘，1830 年舰体约六十五艘，可动员约五十艘。和平分支中同样撤去安特卫普优势，可动员也降至约七十一艘。可见安特卫普不是可随意交换而毫无军事代价的附属品；它又恰是英国最敏感的安全问题之一。

还必须让英国作出反应。原模型的和平分支假定英国减少现役或准备力量。如果法国保持和平分支的扩张，而英国仍维持持续海战分支的准备规模，法国原先约 0.876 的加权比便降为约 0.731。**法国成长越快，英国越可能不按照“英国和平裁军”的剧本行事。**

### 4. 舰队预算要和全帝国预算相容

拿破仑海军计划列出 1812 年约 2.234 亿法郎、1813 年约 2.557 亿，1814 年维持费用约 1.459 亿；这些是计划或估算，不能当作已足额支付的决算。1812 年预算被压至约 1.90 亿，也说明陆海军争夺资源。[法海1]

长期模型曾以每年约 1.95 亿法郎为基准、1.70 亿至 2.20 亿为常用范围，并另试 2.20 亿至 2.60 亿的高投入情景。问题在于，和平分支后期约 132 艘舰体、接近十三万总人员的规模，未必还能由最初的 1.95 亿预算支撑。必须重新核算薪饷、维修、训练航次、巡航舰与基地费用。没有完成这种跨部门预算闭合之前，不能把高舰队规模与低财政负担同时列为既得好处。"
N02,疆域、军力、收入和海上状态尚未共用一条主线,P1,M001/M005–M012,/Users/makiko/Documents/exam/final/r_5b1357a9c6-revised/chapters/07_行省化的边界.md,173,200,"| 比较地图 | 代理人口，百万 | 所需在场兵力，千人 | 人力余额，千人 | 年陆军经费缺口，百万法郎 |
|---|---:|---:|---:|---:|
| 旧法国、早期并合区与帕尔马等基线 | 38.25 | 544.6 | +50.4 | 8.5 |
| 有限扩展，不含贝格 | 39.48 | 551.1 | +43.9 | 13.8 |
| 有限扩展，含贝格 | 40.48 | 558.6 | +33.7 | 20.9 |
| 进一步吞并四组藩属地区 | 51.35 | 622.4 | −70.0 | 135.7 |
| 上项另保留晚期并合外圈 | 56.68 | 662.3 | −116.7 | 174.2 |
| 再加入南德、那不勒斯与西班牙 | 77.32 | 990.4 | −479.8 | 532.6 |

这里的“最大版”仍不是整个欧洲：英国、俄国、奥地利的大部分乃至奥斯曼欧洲领土，并没有因此被完整纳入。既然一个较小的大陆扩张组合已需极其有利的条件，就更不宜把它称为“全欧洲方案已经算完”。〔省10〕

### 1．为什么吞并盟国有时反而削弱法国

一个自养军队、按条约出兵的盟国，在法国账上不等于零价值。吞并以后，法国可能获得更多税与兵，也可能接下它的债务、行政费用和原有军队支出。倘若又降低地方合作，新增人口并不立即变成新增实力。

但这里也须防止相反的概念错误：**保留地方军团与地方筹饷方式，不必然等于保留独立国家主权。**一个统一帝国可以有地区编制、不同招募规则和过渡预算。不能为了让模型总判保持不变，就把一切有利的制度安排重新定义为“那已经不算行省化”。

真正需要证明的，是这些军队是否接受巴黎最终指挥、地方是否接受共同税法与不可单方退出的地位，以及该安排能否跨过第一次财政争执和继承危机。

### 2．有限扩展并非天然收支平衡，但确实存在闭合办法

一组有限整固的政策组合，把转移前陆军预算设为3.30亿法郎，相应压低海军预算；退出部分并合地区损失原有中央净税3,000万；起始自养盟军25万人。含贝格方案下，可支付的法国在册军约43.43万人，剩余盟军24.3万人，按模型可用率折算，在场合计约57.57万人，对任务需求55.86万人，余约1.71万人。

这表明，有限省化不是纯粹幻想。但其余量不大：额外任务、较高军价、更多税收损失或者盟军失约，都可能吃掉它。主线因此不是“先吞并，再设法找钱”，而是先取得政治和财政承诺，再决定是否吞并。

### 3．有利反例必须保留

同一套研究还算出一个对大范围并合更有利的角点：较低驻军需求、保留全部原盟军编制与自养来源、每人每年700法郎、陆军预算3.50亿、额外任务减少三万人、税余较高。约5,668万人口的组合由此出现约2.36万人在场余量和1,923万法郎经费余量。〔省10〕"
N03,短期行为排序与长期存续路径之间仍需写出事件链,P1,M003/M035/M038；不撤回M002的局部补齐,/Users/makiko/Documents/exam/final/r_5b1357a9c6-revised/chapters/09_另一条十九世纪.md,53,61,"较可行的顺序，是先用停止新增战争任务和可检查的收支安排，兑现一轮撤军、军饷与偿付；再以新融资、复员和继承承认为交换，确立代表机构审议预算、征税与征兵的法定权限。这里借用的是1815年法条中已经出现的构件，不预定另一条时间线同年颁布同一部法律。要使它超过一次临时让步，还须约定解散之后何时复会、过渡拨款怎样终止，以及军队和官员依何种程序承认继承。否则，皇帝一旦重新取得充足税源和军事威望，便可能收回让步。**单独的账本、债券或誓约都锁不住皇权；它们只有同获益者的组织和法律地位相接，才增加毁约的代价。**

据此，三种结局可以明确排序，而不伪造胜率。

- **以1807年的拿破仑为起点，拒绝实质限权、辅以选择性政策让步，排在首位；危机迫改次之；主动全面立宪最后。**胜利增强了个人统治的信誉，此时把长期利益看得最清楚，不等于最愿意支付眼前的权力代价。
- **在已经避免帝国崩溃、继续经营长期秩序的分支中，本书选择危机或继承压力下的有限权力交换作为主线；持续拒改是最强竞争结局，自发全面改革仍排最后。**这一排序是对存续路径的作者判断，不是把“有利于存续”换算成“实际必会发生”。它要求皇室确实需要新的军政、财政支持，而且索取保证者能共同议价。
- **改判的界线是筹码，而非皇帝是否说过开明的话。**若既有税收足以支付核心军队、支持者彼此分散、继承暂不迫近，拒改仍占优；若新增资金、军队服从或继承承认须依赖同一批能组织起来的参与者，有限让步才升到首位。后者若谈判破裂，结果也可能是强制复起或王朝危机，而不是自动走向更自由的制度。

这样，书中的和平主线便不以“另一个性格更好的拿破仑”为全部前提。它仍要求他作出不同选择，但也交代别人拿什么交换、凭什么反对，以及什么条件会使这条道路走不下去。"
N03,短期行为排序与长期存续路径之间仍需写出事件链,P1,M003/M035/M038；不撤回M002的局部补齐,/Users/makiko/Documents/exam/final/r_5b1357a9c6-revised/chapters/09_另一条十九世纪.md,162,190,"这一阶段最困难的，不是庆祝胜利，而是结清旧账。军人需要退伍与养老金，承包商需要偿付，盟国需要撤军和减负，港口需要重开，皇帝需要证明新的承诺比旧条约更可靠。

1816年前后的气候与粮食压力，会成为第一场和平治理考试。法国如果允许粮食流动、安排救济并限制地方禁粮，就能把庞大市场变成缓冲；若仍优先照顾军队、实行封锁并把商人当作敌人，天气危机便会重新变成合法性危机。

法国在这几年最有可能获得的，不是突然消灭所有反对，而是使越来越多人的生活不再以明年是否又有战争为中心。这个变化将增强帝国，也使社会开始要求战争结束后的政治回报。

### 1820年代：王朝安排与区域自主共同上桌

拿破仑若仍健在，他也必须面对经验干部老化、青年精英成长和下一代继承。若出现幼主，则摄政会、军队誓约、预算权与盟国承认变得紧迫；若继承人已经成年，争点转为新皇帝是否重新确认旧承诺。

意大利王冠、西班牙宪制、美洲自治、普鲁士限制与波兰期待，会在这一阶段互相牵动。法国不应把每一场地方改革都视作反法革命；一项受约束的王朝更替或宪法，有时比出兵恢复不受限制的君权更能保住法国的影响。

美洲也不会暂停历史。即使避免了1808年王权真空，地方精英仍有税收、任官、贸易和代表权诉求；法国最能帮助西班牙保存的，是合法性和谈判空间，不是一个永远不变的十八世纪殖民体制。墨西哥、安第斯、拉普拉塔、新格拉纳达和加勒比的结果应分别判断，不能以“全独立”或“全保留”一词盖过区域差异。

### 1830年代：更大的市场，需要更大的参与

和平、教育、商业与工业的成长，会扩大能够组织请愿、读报和讨论国家事务的人群。法国可能拥有一个更广阔的煤铁与制造业核心，也可能面对更有能力批评它的地方社会。

这些人群不会仅因增长和读报就自动组成立宪联盟。沿本章选择的主线，财政或继承交涉先让一部分人取得预算和地方事务的正式发言权，他们才有条件把分散要求带入代表机构；法国由此可能成为军事实力很强、但须持续议价的立宪国家。若皇权仍有独立财源，又能分化受保护制造商、商人和军官，审查与警察统治可以延续。只有当公开交涉受到封堵、具体不满又形成共同目标时，秘密社团、军官行动和民族自治诉求才更容易汇合。

这一阶段的铁路和蒸汽投资将重新分配优势。比利时与莱茵的重要性上升，意大利和德意志地区更关心彼此的市场联系，法国的帝国组织也会受到新的压力：交通越便利，中央越容易统治；地方之间越能直接联系，它们也越容易提出不经巴黎中介的共同利益。

### 1840年代：危机的中心是政治适应，不是一个预定革命日期

一个法国胜利的欧洲，很可能仍面临收成波动、信用危机、劳动冲突与代表权要求。它们可以汇合为大危机，但未必在1848年二月由巴黎以完全相同的方式点火。

若拿破仑活到1848年，他将年近七十九。这个分支的主要问题是授权、健康变化、宫廷与军队的代际更替，而不是仍以1805年的个人指挥方式统治欧洲。更可能出现的是由大臣、皇储和军政集团承担实际治理、老皇帝保有象征与最终裁断权的安排；权责不清则会增加继承前的派系争斗。

若拿破仑已经去世，危机的对象可能是幼主摄政、成年继承人，或旁支王朝。法国行政国家即使仍然有效，王朝形式也可能被迫改变。**最有可能继续存在的，是法律、税收、官僚与经济联系；最需要重新争取的，是个人王朝对这些制度的独占。**"
N04,全球各地结论仍缺同一选择下的反馈与取舍,P1,M007/M024/M028/M030/M039,/Users/makiko/Documents/exam/final/r_5b1357a9c6-revised/chapters/05_大西洋与美洲.md,429,435,"第一层是外交与经济：承认合法王朝，停止强索非常补贴，鼓励海外代表与地方议会，允许有条件对英美通商。它不需要赢得全大西洋制海权，却会损害法国想实行的严密大陆封锁。两者之间必须作选择。

第二层是军官、工匠、军火与情报。由西班牙名义接收，结合当地军队和港口，可强化秘鲁、古巴等现存体系。法国的经验有用，但军官受谁任命、谁发军饷、武器能否持续补充，要写入实际协议，而不是只写“法军先进”。

第三层是有限护航、临时分舰队与局部登陆。法国可以选择窗口，保护某一次运输或某一要港；英国仍有能力截击、再集结或转攻别处。局部成功不等于为韦拉克鲁斯、哈瓦那、加拉加斯、卡塔赫纳、蒙得维的亚和卡亚俄同时提供永久海上安全。

第四层是由法国承担美洲大陆大规模平叛。它要求跨洋军需、轮换、补充和当地财政，又会把法国直接变成殖民战争的一方。这一层与法国在欧洲减少驻军、减轻债务、稳定继承的主战略抵触最强，理应作为最不优先的例外，而非欧洲胜利后的自然奖励。"
N04,全球各地结论仍缺同一选择下的反馈与取舍,P1,M007/M024/M028/M030/M039,/Users/makiko/Documents/exam/final/r_5b1357a9c6-revised/chapters/06_东方与印度.md,473,494,"| 地区或目标 | 最可能的主线 | 条件性备选 | 决定性约束 |
|---|---|---|---|
| 奥斯曼帝国 | 自主帝国，法国以安全担保、技术和贸易合作维持影响 | 地方自治扩大、中央改革增强；部分民族国家形成 | 俄国、海峡、地方权势及法国保证是否可信 |
| 埃及 | 世袭自主王朝与奥斯曼法统并存，技术多向引进 | 获得更广区域权利；因扩张遭列强联合限制 | 法国支持阿里与保全苏丹之间的冲突 |
| 北非沿岸 | 条约、商业与有限海军威慑 | 法国取得据点或殖民扩张 | 登陆后内陆统治、军费与当地联盟 |
| 波斯 | 在法英俄间议价，军事改革继续 | 法国持续资助下形成较强合作 | 格鲁吉亚及高加索安全，比印度计划更重要 |
| 阿富汗 | 地方与王朝竞争持续，拒绝外国大军自由通行 | 个别通行、短期援助与条约 | 继承、地方财政、驮运与沿途权利 |
| 旁遮普 | 自主强权采用欧洲技术，保持对英议价 | 更稳定继承延缓吞并；内争仍致英国介入 | 国家财政和王朝政治，非法籍军官人数本身 |
| 法国印度商站 | 和约恢复与扩大商业权利 | 有限设防或地区性条约权益 | 英国对军事用途的警惕与法国交换条件 |
| 法国印度洋岛屿 | 力争保留或归还若干基地，开展商贸和巡航 | 增援维持较强区域骚扰 | 海军补给、粮食、奴隶社会与英方反攻 |
| 英属印度 | 主要领地与财政体系延续，英国国家监督增强 | 扩张较慢、诸邦保存更多自主；重大危机导致区域重组 | 税收、信用、土兵、海上运输与地方联盟 |
| 夺取全印度 | 不列入具有充分执行条件的主线 | 只有多重独立条件改变后的全新战争，且更可能产生印度自主强权 | 到达不等于长期统治，反英也不等于服法 |

本章因此对原初问题给出三重回答。

**拿破仑有没有意愿？有。** 商站、对英威慑、支持本地力量与远征设想，均有同期文书和实际使团。把他的东方政策全当宣传，会丢掉材料。

**怎样做最现实？把目标缩到可以持续交付的范围。** 同英国谈商站与海上规则；以有限而稳定的军官、军械、信贷支持愿意自主合作的国家；保留印度洋基地而不把它们变成吞噬无限增援的陷阱；在奥斯曼、波斯与埃及之间履行彼此相容的承诺。

**能否据此征服印度？本书的主结论是否定。** 原因不是缺少一句有勇气的判断，而是现有证据清楚指向另一种结果：法国每向直接统治多走一步，就要同时扩大运输、财政、地方政治和英国反制的成本；它更可能帮助印度及周边国家保留自主，或换得商业利益，而非把英国的印度原封不动接收为自己的印度。

这也回答了欧洲霸权最深的边界：法国越懂得让东方伙伴为自己的利益行动，越可能得到长久影响；若要求每个伙伴先服从巴黎，再替法国承担战争，它得到的将不是一条通往印度的道路，而是一连串不断抬价、拒绝通行或另找保护者的国家。"
N04,全球各地结论仍缺同一选择下的反馈与取舍,P1,M007/M024/M028/M030/M039,/Users/makiko/Documents/exam/final/r_5b1357a9c6-revised/chapters/09_另一条十九世纪.md,218,232,"### 3．美洲不会成为法国后院，却可能出现更顽强的王朝国家

**法国胜利最可能改变的，是美洲国家形成的方式，而不只是独立年份。**若西班牙王朝没有在1808年被摧毁，墨西哥和秘鲁的地方保王联盟就少了一次围绕最高主权的剧烈分裂。它们有机会沿着自治王国、同君关系或谈判独立的道路形成国家，保留更多原有税务、军队和司法组织。第六章所列墨西哥财政、利马军需与地方捐输，说明这些组织并非空壳。

这样的国家未必更民主，却可能比长期内战之后的继承国家更早恢复信用和军饷。由此可以大胆判断：美国向墨西哥北部扩张会遇到更有持续性的对手，边疆也更可能成为长期议价和局部战争的地带，而非顺着史实节奏迅速改色。但这一判断仍受人口、移民、边疆驻防和地方离心牵制；法国援助是放大当地国家能力，不是替墨西哥守住每一条边界。

另一面也必须写出：若王朝妥协主要保护种植园主、矿主和教会财产，它可能延长奴隶劳动、原住民贡赋及等级特权的生命。西班牙联系延续得更久，不等于多数美洲居民更早得到自由。海地会继续作为另一种秩序的现实反证，使加勒比政治始终带有土地、劳动和种族平等的压力。法国若要同时维持海地贸易与古巴盟友，就得接受这两种制度长期并存，并付出外交调和的成本。

### 4．英国的全球扩张会改道，而不是停止

**一个更强的大陆法国，较可能把英国的战略注意力进一步推向印度洋、波斯湾和红海。**欧洲陆上盟友的收益降低时，英国更有理由保护能直接支持商业与海军的基地和通道。法国的存在既会提高英国扩张成本，也可能促使英国提前控制某些被认为容易受法国影响的节点。第七章所见1809年波斯、阿富汗与锡克外交，已展示后一机制。

因此，法国在东方最有希望留下的遗产，是一条仍有若干自主国家的缓冲带：埃及在奥斯曼宗主权和列强约束下保有较大自治，波斯得到比单独依赖英国或俄国更多的选择，旁遮普等地区以军队改革提高被吞并的代价。这里最脆弱的是法国是否持续提供人员、军械和信用，而不是偶尔发出一封宏大许诺。法国若只把东方当作危机中的筹码，英国仍会以更连续的付款、驻地人员和条约网络取得优势。

印度、东南亚与中国的后续冲突仍会发生，但不会只由法国胜负决定。公司财政、茶叶支付、鸦片贸易、地方抵抗与伦敦议会改革，都有自己的动力。本书倾向判断：英国全球帝国的扩张更曲折、更重视预防性控制，却不会因此全面收缩；法国得到的则是更多议价支点，而非一座现成的第二印度帝国。"
N05,合作制度的先例未支撑退出不起的强结论,P1,M034,/Users/makiko/Documents/exam/final/r_5b1357a9c6-revised/chapters/09_另一条十九世纪.md,138,156,"原研究提出过第三方担保，却没有把它发展为可运行的制度。这里可以给出一个明确方案，但须说明它是本书的政策推演，而非已发现的拿破仑计划。

法国可与盟国约定定期会议，处理军费、通行、贸易和边界争议；争端先由双方官员组成委员会核账，再交共同选择的仲裁者或保证国；紧急军事措施须限期复核；任何领土转隶均需要正式文书，而非把财政欠款直接改写成兼并理由。

这种机制有真实的历史构件：外交会议、共同委员会、条约保证和国际河流安排在当时都存在。1815年以后列强的定期会晤，也显示大战后的秩序能够形成协商机制。但维也纳体系同时包含强制、排斥与胜利者优势，绝非所有国家平等合作的范本。〔终5〕

法国主导的机制同样不会完全平等。关键进步是：**巴黎不再同时充当争端的一方、唯一法官和唯一执行者。**这会限制皇帝在某次争执中取得最大利益，却增加其他国家在整个体系中下注的意愿。

如果拿破仑不愿交出这部分解释权，较弱的秩序仍可存在，但应按需要不断重新讨价还价的霸权管理，而不宣称它已经成为稳定的欧洲宪制。

### 5．共同财政可能先于共同国旗

还可以作出一个更进取的判断：**到1830—1848年，法国主导秩序最有希望出现的中央集权，不是先取消各国王冠，而是先建立各国都退出不起的共同财政。**入口可以很窄：为跨境河运、铁路、要塞和共同防务设立常设基金，由参加国按约定缴款，以指定关税收入偿付共同工程债。法国承担较大份额和部分担保，盟国换取市场准入与融资条件。

债权人随后会要求统一账目、公布收入，并限制成员国任意截留已抵押税源；各国政府则会要求，既然共同偿债，新增支出就须共同表决。财政委员会因而可能从核账机关逐渐变成议事机关：决定谁出钱、钱花在哪里，以及谁有权增加负担。**一部有限的财政宪法，可能先于统一国籍出现。**巴黎仍握有最大的军队和主要税源，却不再独占共同事务的解释权。

这是从莱茵共同航行、国家债务登记、军费分担和市场整合等既有制度推出的可能道路，不是已经发现的拿破仑计划。它也为更广的中央主权打开了一扇门：一些成员可进一步把共同税源、军队指挥和最终裁判权交给中央，保留地方语言、官员和军团。走到这一步，便不再只是松散同盟；是否仍称“省”，反而是次要问题。

这条路最关键的翻转条件，是法国愿不愿意用一部分支配权，购买一个比法国自身更大的信用共同体。若它开放市场、接受查账并共同承担亏损，整合可以在危机中加深；若它只把基金当作新的贡赋，议事机关就会成为盟国联合抵制巴黎的场所。**西中欧若干核心地区走向这样的紧密联合，值得作为有现实制度入口的进取分支；整个英国、俄国和奥地利在1848年前同时加入，则仍不是这条机制足以推出的结果。**〔终5〕〔经5〕〔经19〕"
N06,阶段叙事没有稳定的权力主体与终点状态,P1,M004/M016–M022/M025–M030/M036/M038,/Users/makiko/Documents/exam/final/r_5b1357a9c6-revised/chapters/09_另一条十九世纪.md,168,190,"### 1820年代：王朝安排与区域自主共同上桌

拿破仑若仍健在，他也必须面对经验干部老化、青年精英成长和下一代继承。若出现幼主，则摄政会、军队誓约、预算权与盟国承认变得紧迫；若继承人已经成年，争点转为新皇帝是否重新确认旧承诺。

意大利王冠、西班牙宪制、美洲自治、普鲁士限制与波兰期待，会在这一阶段互相牵动。法国不应把每一场地方改革都视作反法革命；一项受约束的王朝更替或宪法，有时比出兵恢复不受限制的君权更能保住法国的影响。

美洲也不会暂停历史。即使避免了1808年王权真空，地方精英仍有税收、任官、贸易和代表权诉求；法国最能帮助西班牙保存的，是合法性和谈判空间，不是一个永远不变的十八世纪殖民体制。墨西哥、安第斯、拉普拉塔、新格拉纳达和加勒比的结果应分别判断，不能以“全独立”或“全保留”一词盖过区域差异。

### 1830年代：更大的市场，需要更大的参与

和平、教育、商业与工业的成长，会扩大能够组织请愿、读报和讨论国家事务的人群。法国可能拥有一个更广阔的煤铁与制造业核心，也可能面对更有能力批评它的地方社会。

这些人群不会仅因增长和读报就自动组成立宪联盟。沿本章选择的主线，财政或继承交涉先让一部分人取得预算和地方事务的正式发言权，他们才有条件把分散要求带入代表机构；法国由此可能成为军事实力很强、但须持续议价的立宪国家。若皇权仍有独立财源，又能分化受保护制造商、商人和军官，审查与警察统治可以延续。只有当公开交涉受到封堵、具体不满又形成共同目标时，秘密社团、军官行动和民族自治诉求才更容易汇合。

这一阶段的铁路和蒸汽投资将重新分配优势。比利时与莱茵的重要性上升，意大利和德意志地区更关心彼此的市场联系，法国的帝国组织也会受到新的压力：交通越便利，中央越容易统治；地方之间越能直接联系，它们也越容易提出不经巴黎中介的共同利益。

### 1840年代：危机的中心是政治适应，不是一个预定革命日期

一个法国胜利的欧洲，很可能仍面临收成波动、信用危机、劳动冲突与代表权要求。它们可以汇合为大危机，但未必在1848年二月由巴黎以完全相同的方式点火。

若拿破仑活到1848年，他将年近七十九。这个分支的主要问题是授权、健康变化、宫廷与军队的代际更替，而不是仍以1805年的个人指挥方式统治欧洲。更可能出现的是由大臣、皇储和军政集团承担实际治理、老皇帝保有象征与最终裁断权的安排；权责不清则会增加继承前的派系争斗。

若拿破仑已经去世，危机的对象可能是幼主摄政、成年继承人，或旁支王朝。法国行政国家即使仍然有效，王朝形式也可能被迫改变。**最有可能继续存在的，是法律、税收、官僚与经济联系；最需要重新争取的，是个人王朝对这些制度的独占。**"
N06,阶段叙事没有稳定的权力主体与终点状态,P1,M004/M016–M022/M025–M030/M036/M038,/Users/makiko/Documents/exam/final/r_5b1357a9c6-revised/chapters/05_大西洋与美洲.md,481,491,"| 地区 | 最可能的主线结果 | 需要额外条件的备选 | 法国的实际抓手 |
|---|---|---|---|
| 美国 | 扩张中的自主共和国，保持英法间商业选择 | 英美有限战争；因法国美洲驻军而明显转向反法 | 港口准入、停止扣船、商人与信用 |
| 海地 | 独立国家与法国达成贸易、安全安排 | 派系性军事合作；再次敌对 | 承认、市场、债权清算，而非可靠征服收入 |
| 圣多明各东部 | 西班牙主权或地方自治下维持跨境贸易 | 海地统一全岛；地方独立；法国有限据点 | 法西协议、地方贸易与补贴 |
| 古巴 | 留在西班牙体系的可能性最高，同时扩大对外贸易 | 外国干预或独立压力上升 | 王朝担保、有限海防、商业妥协 |
| 墨西哥 | 较长的波旁连续性，自治与财政协商压力加深 | 同君王国；财政危机引发独立与社会战争 | 降低征敛、承认代表、维护信用 |
| 秘鲁及部分安第斯据点 | 本地保王力量延续较久 | 自治王国；战争透支后独立 | 军官军火、可持续财援、区域议和 |
| 拉普拉塔 | 通商开放与地方自治走在前面 | 松散同君；多个自主或独立政体 | 允许贸易、协调港口，而非重建独占 |
| 委内瑞拉、新格拉纳达、智利 | 政治转变不同步，社会联盟决定战争方向 | 保王、自治、独立并存 | 有限援助与调解，影响有限 |
| 巴西 | 取决于宫廷是否迁都，均以本地利益为主 | 王朝分立、同君安排或更强地区分化 | 伊比利亚和平，有限商约 |"
N07,末章结语再次提升联合结论的确定性,P1,M001/M009,/Users/makiko/Documents/exam/final/r_5b1357a9c6-revised/chapters/00_导论.md,15,19,"本书的核心判断是：**若要保住1807年已经取得的优势，法国应当选择有限直辖、盟国合作与对外妥协，而不是继续追求全欧洲行省化。**这是本书为法国争取持久大陆主导权所选的首要道路：避免重演1812—1814年的崩溃，保存较大的直辖核心，让外围国家保留本国财政、军队和王朝，接受俄国仍是独立强国、英国仍有主要海上优势。巴黎由此争取成为欧洲大陆最重要的政治中心，而非所有欧洲政府的上级机关。

这一路径有真实的军事、财政和制度构件，却尚未因此成为一个已经证明可以持续运行至1848年的完整方案。**本书的判断是它优于继续扩张，不是它已经排除了失败。**陆军减负若被新的海军任务吃掉，和平就未必产生可供铁路和海外援助使用的结余；盟国若只在少缴现金与少出兵之间二选一，法国也须相应缩小任务。遇到这些约束，主线首先削减新增兼并和远洋远征，再放慢舰队追赶，而不默认靠更多征发填平缺口。法国争取的是可以续存的优势，不是同时兑现每一项扩张愿望。

这不是把“控制整个欧洲”换个名字后宣告成功。若“控制”要求英国服从法国的海上规则、俄罗斯接受法国支配其外交军备、所有大陆王国都失去最终决定权，那么答案是否定的。若目标是阻止反法同盟摧毁法国优势，使邻国在大多数重大问题上不得不与巴黎议价，那么答案是有条件的肯定。**这两种胜利，必须从第一页起就分开。**"
N07,末章结语再次提升联合结论的确定性,P1,M001/M009,/Users/makiko/Documents/exam/final/r_5b1357a9c6-revised/chapters/09_另一条十九世纪.md,101,105,"仍留下的争点包括安特卫普、荷兰沿海、海军扩建、地中海基地和殖民安排。法国若要求最大舰队、完整保留全部前进基地、全面大陆排他权，同时又要求英国削减海军并承认这些结果，便是在同一协议中追求互相冲突的目标。

**本书把两种终局并列，但有先后顺序。**较稳健的规划底线，是长期武装共存：英国没有足够有利的大陆伙伴发动决定性战争，法国也不再把入侵英国当作日常政策，两国通过有限许可或阶段协定恢复部分贸易。较好的结果，是逐步达成包括基地、盟友、商业和殖民安排的正式和约。

英国是否签字具有不确定性；法国的成功不应全部押在一次签字上。但这也限制“胜利”的含义：武装共存可以保护法国大陆优势，不能被称作英国已经被法国控制。"
N07,末章结语再次提升联合结论的确定性,P1,M001/M009,/Users/makiko/Documents/exam/final/r_5b1357a9c6-revised/chapters/09_另一条十九世纪.md,196,200,"前面的比较将本书的选择落在有限大陆霸权上：保住法国能够持续组织的资源，以较少的占领任务换取较稳定的盟国合作。下面的十九世纪沿这条选择展开，讨论一个幸存并继续成长的法国帝国，会把世界引向何处。它是一条有史实支点的条件主线，不是已经通过全部财政、外交与继承检验的既成秩序。

这里先作三项取舍。**大陆防务和既有偿付先于海军扩张，区域海权先于全球制海权，保存盟国合作先于取得更多直辖省。**第一章的年度预算已说明选择为何必要：中位收入下同时维持两军目标，会留下9,000万法郎缺口；依赖较高收入和4,000万盟约现金才恰好平衡的方案，在扣除计划储备后也没有额外余额。第三章则已显示，英国保持较高准备程度、安特卫普造舰条件受限，都会压低法国追赶的上限。这些不是给乐观结局加几条注脚，而是决定哪些结局还能同时成立的约束。〔终6〕

因此，下文把法国保有西中欧首要地位、英国保有全球海上优势列为首选格局；更快的舰队追赶、更大的共同财政和更广的海外影响，均须在这套秩序中另行支付代价。若收入或盟约不足，法国先退回较小的军事与外交任务；若连有限防务、偿债和地方合作也维持不住，则应转入缩减霸权的竞争分支。**这仍是明确的路径排序：先保存能持续议价的法国，再讨论它能扩大多少影响。**以下地区与社会判断据此展开，新的证据可以改变它们的排序。"
N07,末章结语再次提升联合结论的确定性,P1,M001/M009,/Users/makiko/Documents/exam/final/r_5b1357a9c6-revised/chapters/09_另一条十九世纪.md,316,324,"## 十、结语：能长久的，不会是最大的拿破仑帝国

拿破仑并非输在从来没有足够力量。他曾拥有欧洲最强的陆军、一个正在成熟的税收国家、有效的行政工具，以及能使不少地方精英接受新秩序的法律和财产安排。

他所缺少的，是把这些优势转换成有限而可信承诺的意愿和制度。法国越能证明自己不会把每一次合作都变成下一次兼并的起点，越容易取得本来必须靠占领才能取得的安全。相反，帝国越把一切主权都当作尚未完成的征服，就越需要同时养活军队、警察、债务与恐惧。

**另一条历史确实存在于当时的能力和选择之中：一个更大的法国，一个由法国主导但并非全部属于法国的大陆，一场没有赢家能够独占一切的英法和平，以及一个在继承和改革中逐渐改变形态的帝国。**

这不是最耀眼的地图，却是最值得拿破仑赢下来的战争结果。"
N08,重述和编辑过程侵入叙事，包括本轮新补内容,P2,S002/S003,/Users/makiko/Documents/exam/final/r_5b1357a9c6-revised/chapters/01_法国的能力与代价.md,140,158,"戈丹1811年4月30日对最近兼并的判断更直接：新增收入至多约1.05亿，分项包括荷兰5,500万、先并入的莱茵河口和斯海尔德河口等地700万、汉萨2,000万、伊利里亚1,000万、罗马与特拉西梅诺1,250万。他特别指出，辛普朗的税收甚至不够本地行政费用；兼并它是为了通往意大利的交通，而非赚钱。

**这不是对行省制的全盘否定，而是要求区分盈利地区与战略补贴地区。**山口可以值得支付补贴，港口也可能因安全而重要；问题是补贴必须在别处找到真实收入，不能因为地图涂上法国颜色就被改称财政贡献。

### 毛税、现金与年度，不可随意互换

财政账自身还有时间差。马里翁记共和十三年某项收入按会计年度为172,763,591法郎，同一十二个月实际入库149,627,795法郎，约为前者86.6%。这不是同一笔钱突然减少，而是应计与现金期间不同。

烟草专卖同样显示毛净区别。1812年约4,300万收入中，有约2,600万费用；将毛额全部视为军费会严重高估空间。1810年约6,104.6万特别关税，又含兼并地区存货处置、加税、许可与罚没，其中一次性收入不能每年重复。〔法13〕

这些细节足以否定“法国每年稳定有某个精确数额可以同时养陆军、追英国海军并修铁路”的简便结论。比较合理的量级，是在疆域、税制与和平条件不同的方案间，分别核算可支配资源。

## 六、一个较小的战争预算，会不会养出一个较强的帝国

账期与现金之间，还隔着征收时间。马里翁列共和十三年登记、印花及地产等收入，按账期计为172,763,591法郎，该年十二个月实际入库149,627,795法郎，两数之比约86.61%。这并不等于其余13.39%永远收不到，也不是整个法国的通用收税成功率；它说明已经列入国库权利的收入，仍可能赶不上本年的支付日期。〔法13〕

1811年4月30日，高丹估计最近并合地区可带来“至多1.05亿”法郎：荷兰5,500万，莱茵河口、斯海尔德河口及布雷达等新增地区700万，三个汉萨省2,000万，伊利里亚1,000万，罗马与特拉西梅诺1,250万，列项合计1.045亿。辛普朗的税收甚至不够支付自身行政；其价值主要是通往意大利的交通。这里的数字是增收预期，还未扣清各地旧债、驻军与工程。〔法13〕

拿破仑对罗马的要求，则展示另一种算法。1810年7月26日的财政安排，把陆军3.5亿、海军1亿、民用表3,000万、外交850万、财政中央800万合计为4.965亿法郎，按3,700万人口分摊，每百万人约需1,342万，文书取整为1,400万。罗马地区约80万人遂被要求承担约1,100万，再扣当地民用表150万和教皇120万，目标净贡献约800万。**巴黎是先算帝国需要多少钱，再向地方分摊；这不能代替地方究竟付得起多少的调查。**〔法17〕"
N08,重述和编辑过程侵入叙事，包括本轮新补内容,P2,S002/S003,/Users/makiko/Documents/exam/final/r_5b1357a9c6-revised/chapters/09_另一条十九世纪.md,35,43,"### 3．谁能让皇帝的退让留下来

拿破仑并非从不纠正自己的控制政策。1811年12月13日，他在国务会议批评出版管制过密；内政部长也向审查机关施加宽缓压力。Coffin据出版总局周报统计：1811年审查669份稿件，要求修改163份、禁止76份；1812年第一季度的185份中，修改39份、禁止10份，4—6月及9—12月的386份中，则修改4份、禁止11份；1813年的585份中，修改2份、禁止14份。1812年7—8月周报缺失，不计作没有审查。这里后段的禁稿数是原刊所印的11，不是后来网页转录的1；放宽确实发生，幅度却不宜因漏掉一位数字而夸大。〔终9〕

这场纠偏也显出制度边界。出版总局属于内政部，其非定期出版物审查同警察部的监控既分立又冲突；上述数字不代表法国所有出版物的受禁比例。审查者须听从上级放宽尺度，作者却没有因此取得独立于皇帝意志的政治权利。**皇帝可以放松行政管制，同时保留决定何时收紧的权力。**这一真实先例，使“选择性让步而非全面限权”比“永远只有加压”更适合作为他的行为起点。〔终9〕

一旦要求进入政治保证，阻力便更加明显。1813年底，莱内代表立法团委员会提出：法国人若确信战争只为保卫祖国与法律，便会重新集结；政府因此须保障“自由、安全与财产的权利”（*les droits de la liberté, de la sûreté, de la propriété*）。这不是先推翻皇帝再讨论国防，而是把支持国防同权利保证联系起来。拿破仑的回应却是扣押报告、停止立法团会期。**连军事危机也未必足以换来改革；一个提出要求的机构，还须有使拒绝变得昂贵的力量。**〔终7〕

1815年的《帝国宪法附加法》则说明，皇帝重建统治时可以接受此前不愿兑现的限制。第34条规定一般直接税每次表决只及一年；第35—37条把征税、借款、征兵等事项置于法律之下，并要求税款、借款和征兵提案以及年度预算、过去收支账目先提交代表院。不过，直接税在代表院解散期间仍可延征，间接税可以一次批准多年；皇帝仍能解散代表院，政府保有立法提案权。这是保留强大皇权的代表制度，不是现成的议会内阁制，更不是已经经受数十年考验的稳定宪政。它证明约束有当时的制度形式，不证明1807年的胜利者会主动照搬。〔终8〕"
N08,重述和编辑过程侵入叙事，包括本轮新补内容,P2,S002/S003,/Users/makiko/Documents/exam/final/r_5b1357a9c6-revised/chapters/09_另一条十九世纪.md,138,154,"原研究提出过第三方担保，却没有把它发展为可运行的制度。这里可以给出一个明确方案，但须说明它是本书的政策推演，而非已发现的拿破仑计划。

法国可与盟国约定定期会议，处理军费、通行、贸易和边界争议；争端先由双方官员组成委员会核账，再交共同选择的仲裁者或保证国；紧急军事措施须限期复核；任何领土转隶均需要正式文书，而非把财政欠款直接改写成兼并理由。

这种机制有真实的历史构件：外交会议、共同委员会、条约保证和国际河流安排在当时都存在。1815年以后列强的定期会晤，也显示大战后的秩序能够形成协商机制。但维也纳体系同时包含强制、排斥与胜利者优势，绝非所有国家平等合作的范本。〔终5〕

法国主导的机制同样不会完全平等。关键进步是：**巴黎不再同时充当争端的一方、唯一法官和唯一执行者。**这会限制皇帝在某次争执中取得最大利益，却增加其他国家在整个体系中下注的意愿。

如果拿破仑不愿交出这部分解释权，较弱的秩序仍可存在，但应按需要不断重新讨价还价的霸权管理，而不宣称它已经成为稳定的欧洲宪制。

### 5．共同财政可能先于共同国旗

还可以作出一个更进取的判断：**到1830—1848年，法国主导秩序最有希望出现的中央集权，不是先取消各国王冠，而是先建立各国都退出不起的共同财政。**入口可以很窄：为跨境河运、铁路、要塞和共同防务设立常设基金，由参加国按约定缴款，以指定关税收入偿付共同工程债。法国承担较大份额和部分担保，盟国换取市场准入与融资条件。

债权人随后会要求统一账目、公布收入，并限制成员国任意截留已抵押税源；各国政府则会要求，既然共同偿债，新增支出就须共同表决。财政委员会因而可能从核账机关逐渐变成议事机关：决定谁出钱、钱花在哪里，以及谁有权增加负担。**一部有限的财政宪法，可能先于统一国籍出现。**巴黎仍握有最大的军队和主要税源，却不再独占共同事务的解释权。

这是从莱茵共同航行、国家债务登记、军费分担和市场整合等既有制度推出的可能道路，不是已经发现的拿破仑计划。它也为更广的中央主权打开了一扇门：一些成员可进一步把共同税源、军队指挥和最终裁判权交给中央，保留地方语言、官员和军团。走到这一步，便不再只是松散同盟；是否仍称“省”，反而是次要问题。"
N09,材料保存和引注结构检查不等于证据覆盖及书目验收,P1,S001/S004/S005及未关闭引注项,/Users/makiko/Documents/exam/final/r_5b1357a9c6-revised/chapters/00_导论.md,35,43,"叙述中的史实，是已经发生、并有文书、统计或研究支持的事件。推演则回答：改变某项法国政策之后，其他行动者为了自身利益，更可能采取什么行动。对有明确争议的地方，本书给出有顺序的结论群：最有根据的结果、能够改变结果的条件，以及条件不满足时的退路。资料尚未证明、但从已知利益与制度可以推出的判断，也明确写入正文；反事实史的任务不只核实已经发生过什么，还要判断没有发生的道路会通向哪里。证据约束推演的起点，不替作者免除作出判断的责任。

数量承担两种不同任务。人口、税额、船数、征募人数和货物重量，是重建历史能力的材料；假设驻军密度、军费分配或服役年限所得的数字，是压力测试。后一类数字可以揭示“这一安排靠什么才能成立”，不能变成“历史有多少概率按此发生”。以小数点后两位表示拿破仑的克制、英国的议和意愿或1848年的革命机会，并不会使主观判断更可靠。

因此，本书不编造一个精确的“法国胜率”。它给出比胜率更可用的结论：哪些组合已有现实先例，哪些组合在同一预算内互相挤占，哪些安排虽可画在地图上，却要求盟友先失去合作的理由。

材料也不是越堆越多越有说服力。一本书、一份档案和三个研究笔记，若都追溯到同一张征兵表，仍只有一组原始证据。来源没有读到正文，就不能用书名填补论证；模型没有观测数据，就不能把设定重述成发现。相反，一份原来因网页障碍没有读到的研究，若说明兼并地区存在大量协商和逐渐适应，就必须纳入，即使它削弱“外圈必然反抗”的整齐论断。

全书先考察法国能够持续支付多少权力，再转向海峡两岸、大陆诸国、美洲和印度；随后把材料收回最重要的行省化问题，最后推演1815—1848年的经济、社会与继承。读者若先看结论，可读“行省化的边界”与末章；若要判断结论是否站得住，则应特别留意那些改变叙事方向的细节：到营而非征令上的人数，汇到巴黎而非在当地吃掉的税款，真正可出海而非船厂账上的战舰，以及一项条约究竟赋予了什么权利。"
N09,材料保存和引注结构检查不等于证据覆盖及书目验收,P1,S001/S004/S005及未关闭引注项,/Users/makiko/Documents/exam/final/r_5b1357a9c6-revised/chapters/09_另一条十九世纪.md,328,338,"〔终1〕本书导论及法国、英国诸编所引1801—1807年条约、海军和战争资料。1803年和平分支与1807年后整固分支，分别保留其真实前提，不借用被移除战争的成果。

〔终2〕本书大陆诸国编所引塔列朗1805年意见、普雷斯堡与提尔西特安排、奥地利和普鲁士财政军备材料。有限战争及条约复审为本书推演，不是未发生的协议原文。

〔终3〕1810年波兰公约草案、拿破仑未批准的后续过程、俄法外交往来及涅谢尔罗迭1811年备忘录，见大陆诸国编。内部备忘录不等于已获批准并交付法方的正式提议。

〔终4〕Bassano于1812年4月17日的建议与Castlereagh于4月23日的答复，同期转载于1813年3月13日*Java Government Gazette*，本书英国编已核对原报图像与全文。其条件用于判断西班牙合法性在谈判中的分量，不证明改变一项条件便必然缔约。

〔终5〕1815年11月20日四国同盟，尤其有关会议、波拿巴与军事安排的条款；1804年莱茵共同航行及工程协调安排。法国主导的争端委员会、限期复核与共同担保，是根据这些同时代制度构件提出的反事实方案。

〔终6〕本段比较的是本书方案，不是历史决算。第一章“陆军与海军，必须从同一笔钱中付款”表第一案，以百万法郎计，750－300－25－300－195－20＝－90；第三案800＋40－300－25－300－195－20＝0。4,000万是另收盟约现金的假设，20百万为当年储备积累；余额为零不表示完全没有准备储备。第三章第五节第3小节分别列英国维持战时准备及撤去安特卫普优势的敏感性；它们是不同条件试算，不应相乘或相加为一个未经重算的联合结果。此处只据这些已列方案规定任务优先级，没有宣称联合预算已经验证。"
