id,severity,kind,title,problem,repair,status,locations,source_candidates,quotations
M001,高,结论强度越界,“条件可行”在总论中被升级成“已经能够运作”,舰队实付预算、盟国现金与兵额、英国海上安排仍未联合确定；这些会改变可行分支本身，不只是小数精度。第十章先承认缺口，后又把影响统称为精度与时点，轻化了承重缺口。,全书主结论暂定为有历史构件支持的条件方案；选定一套疆域、预算、外交状态后再检验持续运作。附编逐项标明哪项缺口会改变方向、哪项只改变精度。,已确认写作或论证缺口；不等同于已证明历史判断错误,00_导论.md:15；09_另一条十九世纪.md:168；10_资料附编.md:417,V001；V324；V363,"本书的核心判断是：**法国存在保住较大的大陆优势、避免1812—1814年崩溃并建立持久主导秩序的可信路径；把整个欧洲长期改造成法国直辖省，则不是这一时期可执行的主线。**可行的帝国会有一个较大的直辖核心，外围保留本国财政、军队和王朝，俄罗斯仍是独立强国，英国仍拥有主要海上优势。巴黎可以成为欧洲大陆最重要的政治中心，却不会成为所有欧洲政府的上级机关。
前面的推演已经给出一条能够运作的主线。还可以再向前一步：不只问法国避免了什么灾难，而问一个幸存并继续成长的法国帝国，会给十九世纪留下什么不同。以下是本书根据已知制度和利益关系作出的进一步判断，尚非资料已经证明的结果；它们有明确方向，也允许新证据改变排序。
这些空缺仍然是空缺，没有被空洞的“待研究”填满，也没有被想象数值掩盖。它们限制的是精确范围和时点；现有材料已经足以排序主要政策，识别相互冲突的目标，并否定若干过强的结论。"
M002,高,条件替代结果,应当自限与实际上更可能自限，叙述时没有始终分开,正文知道克制违背皇帝惯常偏好，后半书却渐把立宪化当成最看好的发展；缺少促使统治者接受约束的利益联盟与阻力比较。合理的政策建议尚未成为有排序的行为预测。,把主动改革、危机迫改、拒绝改革三线排序；交代大臣、军队、债权人、王室各以何种权力推动或阻止转向。作者可以裁量排序，但须标出理由与改判条件。,已确认写作或论证缺口；不等同于已证明历史判断错误,00_导论.md:27；01_法国的能力与代价.md:229；09_另一条十九世纪.md:31；09_另一条十九世纪.md:152；09_另一条十九世纪.md:206,V005；V026；V308；V320；V331,"在这一主线里，拿破仑不需要突然变成自由主义者。他需要的是把已经拥有的能力用于不同目的：以贸易准入换同盟，以可预期的兵额换稳定兵源，以保留地方王冠换减少驻军，以承认有限边界换取借款和继承的可信度。上述工具并非全由后人发明；专约、附庸宪法、联姻、配额、商业许可证、补贴中立和限制驻军，都有当时的实践。**新的，是把它们组成一套持续执行的政策，而不是一次危机中的临时退让。**
**最可能存续得更久的，是法国建立的行政、法律和财产制度；其次才是法国的对外优势；最脆弱的是要求一切都依附于同一支王朝的个人统治。**若波拿巴王朝愿意以预算参与、地方权利和宪制约束换取继承支持，胜利帝国有机会逐渐成为保留强大军队的立宪君主国。若把这些要求一概理解成对皇帝权威的背叛，继承就会把本来可以分开解决的财政、宗教与地方问题压在同一个危机时刻。
所以，主线不是一组按下之后自动产生和平的开关。它需要用财政预算、盟约、复员安排和商业补偿，把反对力量逐一转化。拿破仑有足够权力启动这个转向，却需要以自己的权力为代价使转向可信。
如果帝国将这些要求吸收进代表机构、预算和地方权利，它有机会成为一个军事实力很强的立宪国家；如果继续依赖审查和警察，诉求便更可能在秘密社团、军官行动和民族自治中结合。
**本书更看好一种逐渐立宪、区域差异显著、仍有强烈王朝色彩的大陆秩序，而不是直到1848年都丝毫不变的个人军事帝国。**它可能出现由皇帝维系的多国联盟，也可能在若干核心地区发展出真正的共同财政和代表机构。法国文化会更强势，地方语言和政治认同也可能更清晰；两者并非只能一消一长。"
M003,高,问题覆盖不足,1803年的选择，被1807年已经获胜的条件取代,主线起点透明，并非时间写错；但用户问从1803年怎样取胜，最详细答案却以四场大陆胜利已经实现为条件。1803和1808支线只获得短说明，缺少与主线对称的行动—代价比较。,补1803决策关口，明确此后每一关键行动是否沿用史实、为何当时可选择、失败后如何退回有限目标；并说明为何选择1807整固而非1803和平。,已确认写作或论证缺口；不等同于已证明历史判断错误,00_导论.md:21；00_导论.md:25；09_另一条十九世纪.md:17,V003；V004；V306,"最值得推演的主线，把1803年至1807年7月的已发生历史作为起点：法国赢得乌尔姆、奥斯特里茨、耶拿—奥尔施泰特和弗里德兰，取得莱茵左岸及意大利既有地位，建立莱茵邦联、威斯特法利亚王国和华沙公国，与俄国签订提尔西特条约。特拉法加的损失也随之保留，胜利的果实和取得果实的代价一起进入推演。
这里另保留两条支线。其一是1803年即维持亚眠和平：它可能少死人、少负债，却也没有后来战胜奥普所得的王冠与疆土。其二是1808年春才止损：法军已经进入伊比利亚、葡萄牙王室已经出走，此时仍可不废西班牙国王，但撤军、修复信任和处理英国介入的成本都更高。两条支线不能借用主线里没有付出代价的战果，主线也不能同时拥有“没有入侵葡萄牙”与“葡萄牙王室已迁巴西”两套互相排斥的前提。
主线从1807年7月出发。法国已经付出特拉法加与大陆战争的代价，也已经取得真实的军事优势。此时应当优先防止三条新的战争链同时形成：伊比利亚的王朝危机、封锁执法引发的沿海兼并，以及波兰与俄国关系的持续升级。"
M004,高,核心概念未定,“持久主导”缺少统一验收标准,正文清楚区分控制全欧与大陆议价优势；但“持久”“多数重大问题”“主导”未固定到可观察的外交、军事实绩或终点，可能把法国幸存与欧洲霸权混为不同层级成功。,在1815、1830、1848三个观察点统一检查：直辖核心、盟约履约、第三方结盟、王朝继承和海上通行。说明哪一种失败只削弱王朝，哪一种终止法国霸权。,已确认写作或论证缺口；不等同于已证明历史判断错误,00_导论.md:15；00_导论.md:17；07_行省化的边界.md:236,V001；V002；V274,"本书的核心判断是：**法国存在保住较大的大陆优势、避免1812—1814年崩溃并建立持久主导秩序的可信路径；把整个欧洲长期改造成法国直辖省，则不是这一时期可执行的主线。**可行的帝国会有一个较大的直辖核心，外围保留本国财政、军队和王朝，俄罗斯仍是独立强国，英国仍拥有主要海上优势。巴黎可以成为欧洲大陆最重要的政治中心，却不会成为所有欧洲政府的上级机关。
这不是把“控制整个欧洲”换个名字后宣告成功。若“控制”要求英国服从法国的海上规则、俄罗斯接受法国支配其外交军备、所有大陆王国都失去最终决定权，那么答案是否定的。若目标是阻止反法同盟摧毁法国优势，使邻国在大多数重大问题上不得不与巴黎议价，那么答案是有条件的肯定。**这两种胜利，必须从第一页起就分开。**
**因此，法国最可信的霸权道路，是扩大并稳固直接核心，以制度而非不断吞并控制盟国，再以有限承诺与外部强国共存。**这个结论既承认省化真正做到过的事，也拒绝把半个成功实验夸大为整个欧洲的宿命。"
M005,高,跨章假设未统一,人口、疆域与收入没有落在同一个主线年度,第八章地图以38.25百万人起步并含帕尔马等，第一章收入是帝国尺度的规划数；文字警告算法不同，却未给出统一的1807主线—后续疆域—税基对照。,将模型地图逐地区映射到主线取得时间；未并合地区的税、债、军费留在盟国账，取消以不相同疆域互证可行性。,已确认写作或论证缺口；不等同于已证明历史判断错误,01_法国的能力与代价.md:67；07_行省化的边界.md:196；07_行省化的边界.md:232,V016；V268；V272,"这组战区筛查与后文行省化章的逐地区模型，地图和算法都不同，不应将名称相近的档位逐项等同。它们不是从档案直接加总得到的欧洲驻军数。地区人口、驻军密度和边防任务包含情景设定，而且所谓最广方案还没有全面纳入英国、欧洲俄国、奥斯曼腹地、葡萄牙和西西里。它们应被读成一道压力题：**法国在尚未吞下整个欧洲之前，就已经要解释为何它能长期支付超过通常可用军力的任务。**
这表明，有限省化不是纯粹幻想。但其余量不大：额外任务、较高军价、更多税收损失或者盟军失约，都可能吃掉它。主线因此不是“先吞并，再设法找钱”，而是先取得政治和财政承诺，再决定是否吞并。
**第二层：有条件可行。**邻接、小规模、行政传统较强、拥有利益支持者的若干地区，可以分批并入。扩大到更大人口范围，数学上存在有利组合；政治上必须证明地方合作、财政贡献和军事服从能够同时保持。"
M006,高,多变量未闭合,陆海优先级已有方向，分期实施账仍未完成,第一章已明确先大陆后海军，亦列四案预算；但没有说明何时从1.65/1.70亿海军预算升到1.95亿及2.20—2.60亿，也没有把1830舰员流量并入陆军退伍与招募。,补可复算的分期预算与兵员账；基准线只采用负担得起的舰队，高投入另列并写出税收增长、裁军或借款的代价。,已确认写作或论证缺口；不等同于已证明历史判断错误,01_法国的能力与代价.md:150；02b_英国海权与和平_舰队海峡与帝国.md:207；02b_英国海权与和平_舰队海峡与帝国.md:225；02b_英国海权与和平_舰队海峡与帝国.md:542；02b_英国海权与和平_舰队海峡与帝国.md:544；09_另一条十九世纪.md:228,V021；V065；V067；V101；V102；V336,"这些细节足以否定“法国每年稳定有某个精确数额可以同时养陆军、追英国海军并修铁路”的简便结论。比较合理的量级，是在疆域、税制与和平条件不同的方案间，分别核算可支配资源。
原模型还要求法国每年向海军事业净补入约八千至一万二千人，其中每年形成或吸收四千至六千名合格人员。后者含新兵晋级与有经验商渔民转入，不能在前者之外再加一次；同一批人也不应同时算作陆军的新兵。这个流量尚未由完整个人履历序列校准，和平下能否实现，取决于商船规模、工资、死亡和被俘损失。
长期模型曾以每年约 1.95 亿法郎为基准、1.70 亿至 2.20 亿为常用范围，并另试 2.20 亿至 2.60 亿的高投入情景。问题在于，和平分支后期约 132 艘舰体、接近十三万总人员的规模，未必还能由最初的 1.95 亿预算支撑。必须重新核算薪饷、维修、训练航次、巡航舰与基地费用。没有完成这种跨部门预算闭合之前，不能把高舰队规模与低财政负担同时列为既得好处。
若和平维持，法国可以将部分陆军资源转入海军，但不应同时维持最大大陆驻军、最高海军扩张和最低税负。造船、商船、职业海员与基地维修需要成套发展。英国则可能减少大陆陆军，保留较强舰队；海军竞争比实际历史更激烈，但总战争费用未必更高。
法国到 1830 年在舰体上接近英国，具有条件可行性；在每一个海区、每一种舰种和每一段航路上同时追平，则并无同样依据。若英国发现法国正把和平变为下一次入侵的准备，它会增加编制和寻找伙伴。维持和平要求法国海军成长与有限政治目标相配套。
**法国可以从受封锁的挑战者，成长为在欧洲近海有力争夺优势的第二海上强国；英国的全球部署优势仍较可能保持。**1830年舰体接近英国的某些模型结果，只在稳定预算、训练、商船人力、基地和英国反应等条件下成立。"
M007,高,资源约束未闭合,海军、铁路、盟国补偿和信用担保仍在争用未分配的余额,铁路每年5800万—9300万压力测试、共同基金与海外援助已有材料，但没有统一列入第一章年度用途；书中提醒会挤占，不等于已确定挤掉谁。,建立同年度现金支出与或有担保两张表，明确保留、延期、取消的项目；不得把贷款本金当新增税收，也不得把担保当免费。,已确认写作或论证缺口；不等同于已证明历史判断错误,08_新秩序的经济与社会.md:137；08_新秩序的经济与社会.md:321；09_另一条十九世纪.md:122；08_新秩序的经济与社会.md:317,V281；V295；V316；补充上下文,"这套网络支持一个重要反事实判断：法国不必拥有全球制海权，才可能获得海外金融资源；但它必须给中介留下利润，并尊重足以使汇票被接受的产权与偿付安排。大陆和平后，巴黎最有价值的海上盟友，可能不是一艘新增战舰，而是一张能在伦敦、阿姆斯特丹和汉堡兑现的商业票据。
本书给出的路线判断是：通商、有限驻军和信用稳定的法国，最有希望先建设北法—比利时—莱茵以及巴黎—里昂等高需求走廊；持续封锁和全面行省化占领，会挤压这些投资。**和平不是铁路自动提前的保证，却是让技术进步真正转化为帝国力量的必要政策条件之一。**
还可以作出一个更进取的判断：**到1830—1848年，法国主导秩序最有希望出现的中央集权，不是先取消各国王冠，而是先建立各国都退出不起的共同财政。**入口可以很窄：为跨境河运、铁路、要塞和共同防务设立常设基金，由参加国按约定缴款，以指定关税收入偿付共同工程债。法国承担较大份额和部分担保，盟国换取市场准入与融资条件。
旧稿用每公里25万—40万法郎、总长3,500公里，得到总投资8.75亿—14亿、十五年平均每年约5,800万—9,300万。这一算术成立，但单位造价尚非逐线决算，路线难度也不一样；它是**预算压力试算**，不是预测1848年一定铺成3,500公里。"
M008,高,同盟负担未分配,盟军自养、盟约现金与本国改革的负担缺少逐国验算,有限方案借助约25万自养盟军，另一预算又收4000万盟约现金。正文坦承二者未必兼得，但没有给出可兼得的国家组合。,按意大利、那不勒斯、南德、荷兰、波兰逐一列养兵、驻军、现金与改革支出，择定能同时履约的组合。,已确认写作或论证缺口；不等同于已证明历史判断错误,07_行省化的边界.md:196；01_法国的能力与代价.md:179,V268；补充上下文,"这表明，有限省化不是纯粹幻想。但其余量不大：额外任务、较高军价、更多税收损失或者盟军失约，都可能吃掉它。主线因此不是“先吞并，再设法找钱”，而是先取得政治和财政承诺，再决定是否吞并。
陆军3亿若按每人700法郎折算，约供养42.86万在册者；3.5亿对应50万。若实际兵均成本接近900法郎，前者便只能供养33.33万。盟国自养部队另列，不从这3亿中再扣一次；但“自养部队”与另缴4,000万现金能否兼得，须逐国订约，不能默认盟国的钱无限可取。〔法13〕"
M009,高,外交状态含混,“武装共存”究竟是和平、停战还是继续海战，仍未定义,终章把不签和约的共存作为底线，海军追赶却依赖开放航运和连续训练。阶段许可贸易与无封锁海上训练不是同一状态。,明确主线是否停止捕获商船、近海封锁和敌产扣押；若海战继续，使用持续海战分支，武装和平的训练红利另设门槛。,已确认写作或论证缺口；不等同于已证明历史判断错误,02a_英国海权与和平_国家财政与社会.md:11；02b_英国海权与和平_舰队海峡与帝国.md:534；09_另一条十九世纪.md:77,V028；V100；V313,"因此，本编给出的结论是有顺序的：**先争取一个有边界、能兑现的和平，继而用和平积累海军与财政能力；不要把先赢得全球海权，设成欧洲秩序成立的前提。**英国海军确是障碍，但它也提示法国应该在哪里止步。
主线不是等待英国按财政模型破产，而是在不进攻葡萄牙、不废立西班牙王室、不持续扩张封锁边界的条件下，使英国更难为继续大陆战争找到有效且可信的伙伴。奥地利、俄国仍有自己的安全利益，法国仍须处理它们的疑惧；减少战争并不意味着它们自动永远合作。
英国是否签字具有不确定性；法国的成功不应全部押在一次签字上。但这也限制“胜利”的含义：武装共存可以保护法国大陆优势，不能被称作英国已经被法国控制。"
M010,高,有区间无主线落点,“海军接近英国”仍缺少主线尺度,吨位、舰体、训练权重和全球部署已有区分，范围也诚实公开；问题在于0.552—1.012等跨情景结果未选择与总主线相容的一组，因而尚未回答基准世界究竟缩小多少。,先选可负担的基准预算及英方反应，再给舰体、可动员吨位、近海持续部署三个量级；若只适合定性，明确基准为第二强国且高位追平仅属上行分支。,已确认写作或论证缺口；不等同于已证明历史判断错误,02b_英国海权与和平_舰队海峡与帝国.md:187；02b_英国海权与和平_舰队海峡与帝国.md:211；02b_英国海权与和平_舰队海峡与帝国.md:556；09_另一条十九世纪.md:228,V063；V066；V104；V336,"**到 1830 年，若有持续和平、开放航运、稳定海军预算和可用基地，法国有条件接近英国的主力舰体规模，并显著削弱英国在欧洲近海的绝对优势。**若海战长期持续、港口继续被封锁，即使多造船，实际差距也较难缩小。
所以，原来 1830 年持续海战下约 0.449、武装和平下约 0.876 的“效能比”，这里只保留为模型演示，不作为结论标题。若不乘训练系数，仅比较可动员舰的假定吨位，同年约为 0.628 与 0.899。持续海战的高低参数组合给出舰体吨位比约 0.552—0.926、加权效能比约 0.282—0.644；武装和平对应约 0.769—1.012、0.747—0.974。区间之宽本身就表明，结果由条件主导，而非已经测得。
英国在这样的欧洲中，仍会是海上强国、工业中心和法国的外交竞争者。法国可能在 1830 年前后接近英国的主力舰体规模，在 1848 年前形成较强区域海权；英国全球航路与持续部署优势大体仍存。这个结论比“法国终将完全取代英国”狭窄，却更有历史支撑。
**法国可以从受封锁的挑战者，成长为在欧洲近海有力争夺优势的第二海上强国；英国的全球部署优势仍较可能保持。**1830年舰体接近英国的某些模型结果，只在稳定预算、训练、商船人力、基地和英国反应等条件下成立。"
M011,高,对手反应未反馈,英国增加舰队是口头反应，没有回到法国追赶结果,承认对手会应对是优点，但固定英舰规模的试算与内生扩军叙事之间没有再计算或明确的定性回调。,列英国不加码、保近海相对优势、保全球任务三种响应，说明各自压低法国追赶幅度多少，至少给排序及财政代价。,已确认写作或论证缺口；不等同于已证明历史判断错误,02b_英国海权与和平_舰队海峡与帝国.md:240；02b_英国海权与和平_舰队海峡与帝国.md:544,V069；V102,"这张表的重要用途是防止分母偷换：法国“一年内可动员六十艘”不等于同一天集中六十艘；英国“和平现役四十五至七十艘”也未必够同时封锁法国所有港口、维持地中海和海外任务。随着法国改善准备，英国更可能收缩某些远端活动、采用远距离监视，或增加编制，而不是永远维持 1805 年式的每港近封锁。
法国到 1830 年在舰体上接近英国，具有条件可行性；在每一个海区、每一种舰种和每一段航路上同时追平，则并无同样依据。若英国发现法国正把和平变为下一次入侵的准备，它会增加编制和寻找伙伴。维持和平要求法国海军成长与有限政治目标相配套。"
M012,高,同一资产用途冲突,安特卫普既承担商业和解，又承担海军跃升，取舍未落实,将商业置于入侵象征之上是明确主张，但未决定限制哪些舰种、驻舰数量或出海活动，因而英方接受条件与法方海军收益仍可各取最优。,拟定一个有限基地协议的核心条款，再回填造舰、训练、荷兰通航和英国反应；不用“有限安排”四字替代实际让步。,已确认写作或论证缺口；不等同于已证明历史判断错误,08_新秩序的经济与社会.md:307；09_另一条十九世纪.md:77；09_另一条十九世纪.md:73,V293；V313；补充上下文,"最明确的结论是：**安特卫普的商业价值应当高于把它永久作为对英入侵象征的价值。**法国若能接受有限海军安排换取稳定商路，所得不仅是港口收入，也是比利时、莱茵与北法更紧密的经济联系。
英国是否签字具有不确定性；法国的成功不应全部押在一次签字上。但这也限制“胜利”的含义：武装共存可以保护法国大陆优势，不能被称作英国已经被法国控制。
仍留下的争点包括安特卫普、荷兰沿海、海军扩建、地中海基地和殖民安排。法国若要求最大舰队、完整保留全部前进基地、全面大陆排他权，同时又要求英国削减海军并承认这些结果，便是在同一协议中追求互相冲突的目标。"
M013,中,比较基准含混,英国“更穷”比较的是哪一个世界，没有固定,开放和平可能改善英国相对真实战争史的绝对经济表现，同时降低其相对大陆的领先；正文把绝对收入、工业规模与相对地位置于同一方向判断。,明确三个比较基准：真实历史、永久封锁线、开放和平线；分别裁定英国绝对繁荣和相对份额，不把法国相对获益写成英国必然绝对受损。,已确认写作或论证缺口；不等同于已证明历史判断错误,02a_英国海权与和平_国家财政与社会.md:238；08_新秩序的经济与社会.md:419；08_新秩序的经济与社会.md:421,V046；V303；V304,"**长期结论是：一个法国优势更大的欧洲，可以让英国比真实历史更穷、工业规模更小、改革压力更重；它仍很可能保留欧洲最重要的煤炭、机械、金融和远洋航运中心之一。**工业化依赖国内资源、技术、组织与全球联系，并不只依赖进入法国海关的权利。反过来，法国若通过开放和平追赶，也有机会获得机器、工匠、资本和较稳定的海员训练，比永久封锁更有利于缩小实际海军差距。
**第一，有限霸权、恢复贸易的欧洲，整体经济表现最可能好于反复大陆战争与全面封锁。**减少人员、马匹、资本和商业网络的破坏，是证据最强的收益。收益不会全部归法国，英国、荷兰、德意志商人也会分享。
**第二，法国及其直接核心有望成为规模更大的大陆经济体，但英国在蒸汽、煤炭、海运与国际信用方面仍保有显著优势。**拥有比利时和莱茵的总量，不等于每个居民都比英国人生产率更高。"
M014,中,结论含混,马耳他与爱奥尼亚只列谈判因素，未给各自归属排序,两处拥有不同主权与条约起点，却合并成“取决于和谈年份”；没有基准安排。,分两行裁定主线主权、驻军和港口使用权；备选写清需要法国或英国额外付出的交换。,已确认写作或论证缺口；不等同于已证明历史判断错误,02b_英国海权与和平_舰队海峡与帝国.md:505,V096,| 马耳他、爱奥尼亚 | 地中海部署、地区政治 | 取决于和谈年份、盟国安排与替代基地，不宜预判全部归英或全部归法 |
M015,中,结论含混,新加坡只解释真实1819年不能照搬，未推到替代终局,指出荷兰、公司及当地统治者都重要，仍未回答英国更可能取得何种海峡节点，法国保荷政策如何改变它。,给主线节点竞争的结果排序：新加坡式协约据点、其他海峡据点、延迟设站，并以当地政治和海路需求说明首选。,已确认写作或论证缺口；不等同于已证明历史判断错误,02b_英国海权与和平_舰队海峡与帝国.md:508,V098,| 新加坡 | 马六甲通道、印度—中国贸易 | 1819 年以后是否按真实方式建立，取决于荷兰、公司及区域统治者关系 |
M016,中,结论含混,西班牙的波旁延续已经明确，1848年的宪制形态仍悬置,“有限改革”与“某种宪政化”按顺位排列，却未说明排序属于1808、1820还是1848；用户追问的最终王朝—宪制组合尚未完整回答。,分别给短期王朝、中期财政代表、1848终局；明确波旁立宪是否最终首选、如否则何种非立宪制度能承受税债压力。,已确认写作或论证缺口；不等同于已证明历史判断错误,04_西班牙与意大利.md:133；04_西班牙与意大利.md:137；09_另一条十九世纪.md:234,V148；V149；V337,"**第一顺位的结果，是波旁君主制下的有限改革；第二顺位，是财政危机与精英协商推动的某种宪政化；波拿巴王朝则需要重新走上废立和占领道路，因而退出最优主线。** 共和国不是逻辑上被禁止，而是缺乏当时支持它的王权崩解、组织联盟与法国政策意愿，故不宜列为最可能终点。
1812年加的斯宪法尤其不能直接搬进这个世界。它产生于王位真空、战争、代表制重建及美洲主权争议。没有1808年危机，西班牙仍可能走向宪政，却未必采用同样的单院结构、同样的国民主权表述，也未必把君主同革命议会置于相同的对立位置。较可信的法国政策，是支持渐进的财政代表与法律保障，而不是指定一部尚未在该情境中产生的宪法。
**主线是保留波旁君主制，较长时期内由行政改革、宫廷政治和有限宪制要求共同塑造，而不是立即变成共和国。**波旁立宪是可发展的分支，但不应把史实加的斯宪法原样提前或强制复制。"
M017,中,政策清单替代执行,伊比利亚和南意大利改革仍以“把问题一起处理”收束,多个必要条件列得充分，但实施者、受损者及妥协次序未确定；教会保障、债权、农地和军饷之间可能冲突。,选择最低改革包并说明谁获益谁付账；明确遇教廷或地主反对时优先保军饷、税源还是土地改革，不能把共同满意当默认。,已确认写作或论证缺口；不等同于已证明历史判断错误,04_西班牙与意大利.md:143；04_西班牙与意大利.md:301；04_西班牙与意大利.md:373,V151；V167；V172,"在实际战争中，政府军到1837年超过二十万人，又有民兵和约一万八千名外国志愿者参与自由派一方；这些是持续战争后的动员结果，不是1807年西班牙已有的现成国家能力。法国胜利世界未必发生同一继承争端，却仍会面对一个选择：改革若只帮助大土地购买者，会制造地方反抗；完全冻结税制和产权，又会延长财政危机。可以降低冲突的不是只给堂区神父发工资，而是把教会保障、地方代表、产权争议和军饷一起处理。
稳定的方案因此相当明确：限制法国驻军数量及费用，停止无限的境外供兵要求，允许可征税的贸易，保留本国官员和王室的政策空间。这样那不勒斯更可能成为法国秩序的支柱。若继续用并省威胁迫它履约，法国反而会把自己需要的王国推向其他保护人。
也不应反过来神化教廷，断言它在任何压力下都不可能妥协。1801年协定、1808年港口安排和1813年讨论本身，已经证明妥协不断发生。真正的结论是：**能够持久的协议，要给教皇留下可公开辩护的宗教权威和制度地位；单凭拘禁取得的签字，很难代替它们。**"
M018,高,分支回避裁决,巴西在总结表中重新悬置已确定的主线前提,正文已把1807停止入侵、宫廷短期留里斯本列为主线，汇总却再写“取决于宫廷是否迁都”，并列地区分化、同君、王朝分立而不排序。,主线表固定无1807迁都，给截至1848最看好的政治形态；迟迁都另设分支，不用真实与反事实两线并列代替主线判断。,已确认写作或论证缺口；不等同于已证明历史判断错误,04_西班牙与意大利.md:387；05_大西洋与美洲.md:455；05_大西洋与美洲.md:475；05_大西洋与美洲.md:491,V173；V216；V218；V221,"西班牙保留波旁王朝，法国通过同盟与财政—军事协议施加影响；改革和宪政存在空间，却不预订1812年宪法或1820年起义。葡萄牙维持有条件的中立，英国继续拥有商业影响，但少了一场把整个国家改造成英军基地的战争。巴西因此不自动成为逃亡宫廷的中心，其王朝与独立路线另待条件展开。
由此得到的不是“巴西必定更晚独立”一个单向答案。留在里斯本的宫廷可能更坚持殖民垄断，激化地方不满；也可能在西葡两帝国改革的压力下逐步开放。缺少里约王朝中心，会使一个保持大体领土统一、由原王朝王子主持独立的方案较难复制。更大的地方分化风险与更晚的政治断裂，可以同时存在。
**巴西的主要备选因此有两个：无迁都时，渐进改革与地方自治竞争，领土统一的王朝支点较弱；已迁都时，巴西政治升级难以倒转，王朝分立或松散同君安排更有条件。** 两种都不等于法国殖民地，也都可能继续维持奴隶制及出口依赖。
| 巴西 | 取决于宫廷是否迁都，均以本地利益为主 | 王朝分立、同君安排或更强地区分化 | 伊比利亚和平，有限商约 |"
M019,中,结论含混,墨西哥“更久保王”没有推进到本书终点,延长王朝连续性是有根据的方向；“殖民地—自治王国—同君国家—独立国家”在1848究竟哪种最可能仍未选定。,给1848首选法律地位和次选，说明财政代表、官职及对美边疆需求如何促成这个结果；不要求虚构精确独立日。,已确认写作或论证缺口；不等同于已证明历史判断错误,05_大西洋与美洲.md:277；09_另一条十九世纪.md:188,V203；V327,"**最可能的主线，是新西班牙比实际历史更久留在波旁体系内，同时逐步要求自治和政治代表。** 条件性备选有两种：若马德里及巴黎以征税压倒改革，危机仍可走向社会战争；若王室主动承认美洲王国地位、地方议会及财政协商，墨西哥有机会转成同君或松散帝国成员。它不需要永远是殖民地，才算西班牙没有全盘失败。
**法国胜利最可能改变的，是美洲国家形成的方式，而不只是独立年份。**若西班牙王朝没有在1808年被摧毁，墨西哥和秘鲁的地方保王联盟就少了一次围绕最高主权的剧烈分裂。它们有机会沿着自治王国、同君关系或谈判独立的道路形成国家，保留更多原有税务、军队和司法组织。第六章所列墨西哥财政、利马军需与地方捐输，说明这些组织并非空壳。"
M020,中,结论含混,秘鲁“保住核心”没有划清空间与政治边界,利马、库斯科、上秘鲁、基多、智利与拉普拉塔成本不同；选择保核心是建议，但核心到底包括什么以及与马德里的关系未裁定。,定义优先保存区域及放弃争夺区域，给王权/自治关系和财政援助上限；将被舍弃地区写回邻章终局。,已确认写作或论证缺口；不等同于已证明历史判断错误,05_大西洋与美洲.md:353,V207,**主线结论：秘鲁是最有希望在法国间接支持下长期保王的大陆区域之一，但其维持条件是财政妥协与区域协商，而不是再添一支欧洲占领军。** 若同时试图压住基多、上秘鲁、智利和拉普拉塔，胜利将迅速转为借债与征收；法国必须选择保住核心，或持续支付扩大统治的代价。
M021,中,结论含混,拉普拉塔有商业自治判断，却缺少政治结果首选,同君自治王国、联邦与脱离西班牙均被留下，关键差别仅归结为“让步充分”，没有判断王室是否更可能让步及港口与内陆怎样分权。,选择主线地位，并把布宜诺斯艾利斯、内陆、巴拉圭和东方省的利益拆开；其余方案写成条件分支。,已确认写作或论证缺口；不等同于已证明历史判断错误,05_大西洋与美洲.md:401,V208,因此，拉普拉塔比墨西哥、秘鲁更难长期维持旧垄断。在没有王朝真空的主线上，自治与商业开放仍很可能持续推进；若王室让步充分，可出现同君下的自治王国或联邦式安排；若坚持以战争恢复贸易独占，英国商人与海军便更容易找到当地盟友。
M022,中,结论含混,委内瑞拉、基多、智利以“取决于社会联盟”结束,章节拥有分区材料，收束句却没有分别选出联盟和政体结果，地区差异变成列名而不是完成推演。,为三地分别给主线统治联盟、与西班牙关系及改判条件；允许同一地区出现两项排序结论，避免以“独立自治保王并存”替代三份答案。,已确认写作或论证缺口；不等同于已证明历史判断错误,05_大西洋与美洲.md:411,V209,**较可能的长期图景不是“全部不独立”，而是独立、自治与保王并存，彼此出现的先后次序改变。** 墨西哥与秘鲁有较强的帝国连续性条件；拉普拉塔的商业自治压力更强；委内瑞拉及安第斯地区的结果更依赖战争中的社会联盟。法国若执意把这些差别抹成一套行省制度，反而会制造原先并不存在的共同敌人。
M023,中,反向机制未合成,英国转向美洲的两个相反效应没有进入最后排序,补段正确说明省兵与减少紧迫感同时发生；但原段“暂停理由减弱”和补段“无自动替代战场”未合成对亲法西班牙的实际英国政策。,按有限贸易开放/排他法国体系分线，明确英国支持商业、自治、独立或直接军事干预的优先次序，再修正各地区保王结论。,已确认写作或论证缺口；不等同于已证明历史判断错误,05_大西洋与美洲.md:423；05_大西洋与美洲.md:445,V211；V213,"1808年西班牙转为英国反法盟友后，卡斯尔雷暂缓进一步介入南美的部分计划。若法国始终保住一个亲法西班牙，这个暂停理由反而减弱。**避免半岛战争固然保全西班牙，也可能释放英国支持美洲自治的外交空间。** 这是主线真实需要承担的代价，不应只列收益。
英法在美洲争夺的，并不只是“西班牙殖民地”与“独立共和国”两个整齐选项。1808 年，威尔斯利对米兰达的共和宪制计划持怀疑态度，更偏好一位君主与代表机构共存的政体：上院可由君主任命的贵族和地主终身组成，旧制度先保留，再依经验渐次改革。它既不同于旧式殖民直辖，也不同于后来实际出现的多数共和国。威尔斯利同时意识到，友好而独立的美洲国家会主张与欧洲自由贸易；英国对中立友邦施加的限制，将比对敌国殖民地更加难以维持。**这为法国开出另一条路径：不必吞并每一片美洲领土，只要在西班牙、美洲自治政体和英国商人之间促成贸易与债务安排，就可能把英国的商业利益与其封锁政策分开。** 一个法国占优势的欧洲，因而可以与多个亲商、立宪而未必亲法的美洲国家并存；这种外部秩序较少服从巴黎，却也较不容易被伦敦完整动员为反法资源。〔补6〕"
M024,高,能力判断未落地,法国援助美洲有四层工具，缺少被主线选中的强度,外交优先和大规模平叛不优先很清楚；军官、军械及有限护航的常态承诺仍无人数、支出、基地或续援频率的可说明量级。,基准只承诺可持续交付的层级；用现有远征和补给案例约束一个标明作者估计的援助包，写清英国截断后止损条件。,已确认写作或论证缺口；不等同于已证明历史判断错误,05_大西洋与美洲.md:3；05_大西洋与美洲.md:429；05_大西洋与美洲.md:431；05_大西洋与美洲.md:433,V176；V212；补充上下文；补充上下文,"**本章结论。** 拿破仑有理由帮助西班牙维持美洲帝国，也有能力提供外交担保、军官、军火和有限海上支援；最有价值的帮助，却是不要摧毁西班牙王朝的合法性，不要把墨西哥白银视作法国战争的无限提款机。保住波旁王室、开放适度贸易并让殖民地分享政治权力，可以延长西班牙统治，甚至保留若干跨大西洋王国。它最可能保住的是古巴等岛屿和一部分保王据点，而不是把从墨西哥到拉普拉塔的大陆永远冻结在1803年。
第一层是外交与经济：承认合法王朝，停止强索非常补贴，鼓励海外代表与地方议会，允许有条件对英美通商。它不需要赢得全大西洋制海权，却会损害法国想实行的严密大陆封锁。两者之间必须作选择。
第二层是军官、工匠、军火与情报。由西班牙名义接收，结合当地军队和港口，可强化秘鲁、古巴等现存体系。法国的经验有用，但军官受谁任命、谁发军饷、武器能否持续补充，要写入实际协议，而不是只写“法军先进”。
第三层是有限护航、临时分舰队与局部登陆。法国可以选择窗口，保护某一次运输或某一要港；英国仍有能力截击、再集结或转攻别处。局部成功不等于为韦拉克鲁斯、哈瓦那、加拉加斯、卡塔赫纳、蒙得维的亚和卡亚俄同时提供永久海上安全。"
M025,中,结论含混,希腊只给初始法国政策，没有给1848的政治结果,支持奥斯曼完整是法国偏好，自治或独立是结果选项；二者没有完成冲突裁决，标题“危机仍会发生”比后文的条件结论还强。,区分运动产生、危机升级与国家形成，给自治/独立/镇压的排序，说明俄英行动到哪一步会使法国改策。,已确认写作或论证缺口；不等同于已证明历史判断错误,06_东方与印度.md:59；06_东方与印度.md:61,V226；V227,"因此，不宜断言“法国胜利，所以不会有希腊独立、不会有纳瓦里诺”。较可能的初始法国政策是维持奥斯曼完整，以自治、地方保证或国际协商缓和危机，因为完整的奥斯曼有利于限制俄国。但如果俄、英与地方力量形成新的联合，法国仍须在保全帝国、保护基督徒的声望和避免大战之间取舍。
**主线的东方欧洲秩序，是一个自主的奥斯曼帝国，而不是法国的巴尔干行政区。** 条件性备选包括受到列强保证的希腊自治或独立、塞尔维亚等地更强地方权利，以及中央改革与地方协议并行。法国可以决定是否助长危机，难以决定所有民族运动是否存在。"
M026,中,结论含混,埃及与叙利亚的冲突识别准确，调停结果仍是空位,“最稳选择是调停”只确定外交方式，不确定苏丹与阿里各得何地何权，因而没有关闭共同盟友提出相反领土要求的矛盾。,明确主线中阿里保有的世袭权与是否取得叙利亚，必要时分短期占领与最终承认；写明法国舍弃哪一项要求。,已确认写作或论证缺口；不等同于已证明历史判断错误,06_东方与印度.md:97；06_东方与印度.md:121,V230；V231,"法国若真要购买阿里对印度远征的合作，阿里最可能要求的是世袭权、埃及安全、对叙利亚诉求的支持、财政补偿与不被法国占领的保证。问题随即出现：支持阿里取得叙利亚，会伤害法国承诺保护的奥斯曼完整。两项“亲法盟友”不能在同一块土地上同时得到全部许诺。
**主线结论是一个更能同法国合作、却坚持自主的埃及王朝，处于奥斯曼法统与事实自治之间。** 若法国的欧洲优势足以提高其外交分量，阿里可能保住更多地方权利；但“没有法国战败，因此1840年外部干预不会发生、埃及必然吞并叙利亚”并不成立。英、俄、奥和苏丹仍可反对。法国最稳的选择是调停，不是同时保证苏丹全部领土与阿里全部扩张。"
M027,中,结论含混,旁遮普到1848的存续判断被继承条件替代,指出法国援助不是征服踏板很清楚，但延缓吞并、保存自主或仍遭英国控制没有排序；“更稳定继承”尚只是愿望。,以现有继承联盟和财政材料判断其最可能终局，法国技术援助能改变什么、改变不了什么分开，别把稳定继承直接送给分支。,已确认写作或论证缺口；不等同于已证明历史判断错误,06_东方与印度.md:189,V234,实际历史中1839年后的继承与军事政治危机，深刻影响英锡战争。反事实推演可以判断英国仍会关注旁遮普，也可能继续扩张，却不应规定1845—1849年的战争及吞并原样发生。稳定继承、较早财政改革、不同英法关系，足以改变时间与结局。**旁遮普是法国支持地区均势的合理对象，不是征服全印度的现成踏板。**
M028,中,阶段机制未完成,公司财政国家化、限制战争和预防扩张的关系尚未串成阶段,末章倾向英国更重视预防性控制，但印度章仍把扩张变慢/加快并列；没有分出短期削支与中期夺基地的不同方向。,给阶段机制：哪类压力导致削支、哪类威胁触发夺基地，基准采用哪种组合；据此修改1848印度及海岛终局。,已确认写作或论证缺口；不等同于已证明历史判断错误,06_东方与印度.md:384；06_东方与印度.md:467；09_另一条十九世纪.md:200,V248；V253；V330,"从这条财政史可作明确判断：在法国欧洲胜利、而英国仍控制印度海路与主要税源的主线上，东印度公司更可能经削支、借贷和政治改组继续存在，而非因早期赤字自动瓦解。法国压力可能使英国更谨慎扩张，也可能促使英国提前投入国家资源；方向取决于压力是否真正触及领地收入和供应线。
在本书主线中，商业开放和国家监督加深仍较可能发生，但不宜要求两项特许状改革必在同一年、以完全相同条款通过。公司可能更早依赖英国财政，也可能通过限制战争改善账目。最稳定的方向判断是：英国在印度的统治越来越不只是一家公司的私人事业。
印度、东南亚与中国的后续冲突仍会发生，但不会只由法国胜负决定。公司财政、茶叶支付、鸦片贸易、地方抵抗与伦敦议会改革，都有自己的动力。本书倾向判断：英国全球帝国的扩张更曲折、更重视预防性控制，却不会因此全面收缩；法国得到的则是更多议价支点，而非一座现成的第二印度帝国。"
M029,中,结论含混,中国被从过度推演中剥离后，留下的全球推演过薄,不由巴黎决定清朝内政是合理限制；但鸦片、茶、白银和英法力量均已进入材料，最后仍没有裁定这些变量对通商冲突及法国角色的净影响。,补有限范围的结论：英中矛盾是否更可能延续、法方介入排序及海军资源约束；不扩写无材料支撑的全部清朝史。,已确认写作或论证缺口；不等同于已证明历史判断错误,06_东方与印度.md:443；09_另一条十九世纪.md:200,V251；V330,"较可信的东方反事实是：英国保持印度主要财政基础，亚洲贸易继续发展，法国争取商站、航运与技术市场的一部分。中国并不因为法国赢得欧洲就成为法国的外交附属；清朝的广州贸易制度、银流和边疆政策仍按其自身约束行动。本研究的资料足以判断英法贸易竞争的渠道，不足以替清朝整个19世纪内政写出一张由巴黎决定的时间表。
印度、东南亚与中国的后续冲突仍会发生，但不会只由法国胜负决定。公司财政、茶叶支付、鸦片贸易、地方抵抗与伦敦议会改革，都有自己的动力。本书倾向判断：英国全球帝国的扩张更曲折、更重视预防性控制，却不会因此全面收缩；法国得到的则是更多议价支点，而非一座现成的第二印度帝国。"
M030,高,主线地图空缺,印度洋基地使用“力争保留若干”，没有给组合,法兰西岛、波旁岛、爪哇对英方价值、主权与粮食条件不同；“若干基地”把外交取舍留给读者。,逐岛给主线归属、设防权、补给来源；剔除不保留的据点后重做法国巡航和印度援助路线。,已确认写作或论证缺口；不等同于已证明历史判断错误,05_大西洋与美洲.md:5；06_东方与印度.md:473；06_东方与印度.md:482,V177；V254；补充上下文,"法国控制美洲的边界也很清楚：**海地应承认而非再征服；美国应争取其中立运输而非命令其参战；巴西的命运取决于葡萄牙王室是否迁都；西属美洲必须分区议价。** 英国即使承认法国的欧洲优势，仍有舰队、商业信用和当地伙伴。欧洲霸权不会自动变成大西洋主权。
| 地区或目标 | 最可能的主线 | 条件性备选 | 决定性约束 |
| 法国印度洋岛屿 | 力争保留或归还若干基地，开展商贸和巡航 | 增援维持较强区域骚扰 | 海军补给、粮食、奴隶社会与英方反攻 |"
M031,高,行省化路径未具体化,有限省化的下一批名单仍停在“这类地区”,提出三年审计与财政/兵员指标是进步，托斯卡纳和贝格却依然只是类型例子；主线保西班牙、保意大利权利后能否取得它们尚无最终选择。,分保有核心、候选整合、仅同盟三张名单；给每一候选最早谈判阶段与权利人补偿，不以技术适合替代政治取得。,已确认写作或论证缺口；不等同于已证明历史判断错误,07_行省化的边界.md:222；07_行省化的边界.md:232,V270；V272,"由此形成的，可能是一个比现实法国更大的、以巴黎为中心的多语言国家。其边界较可能沿相邻的西欧行政与经济网络扩展，而不是一口吞并所有王国。**托斯卡纳式的渐进整合、贝格式的利益驱动整合，均比西班牙式的战争中省化更有希望。**
**第二层：有条件可行。**邻接、小规模、行政传统较强、拥有利益支持者的若干地区，可以分批并入。扩大到更大人口范围，数学上存在有利组合；政治上必须证明地方合作、财政贡献和军事服从能够同时保持。"
M032,高,跨章政治权利冲突待解,意大利小规模并合、独立王冠与未来合冠没有共用一张权利图,欧仁、约瑟夫及法国皇储的优先分冠方案明确；但托斯卡纳候选并省和“北中进一步整合”涉及同一领土，尚未说明由法国并省还是由意大利王国吸收。,以土地—统治者—继承权表统一第一章税基、第八章扩展、第五章王冠及末章；主线舍弃一种互斥的领土取得方式。,已确认写作或论证缺口；不等同于已证明历史判断错误,07_行省化的边界.md:153；04_西班牙与意大利.md:399；09_另一条十九世纪.md:244,V265；V174；V340,"但是，1807年主线若保留西班牙波旁、放弃葡萄牙分割，埃特鲁里亚安排亦需要重新谈判；史实上的托斯卡纳兼并不能无条件挪到新时间线上。这里说的是**这类地区具备较好的整合条件**，不是宣布它们已经自动属于法国。
这需要主动修改既有继承条件。拿破仑必须承认，即使后来有亲生男性后嗣，也不因此撤销欧仁已经取得的意大利权利；并且要妥善处理1805年分冠条文中的外军撤出条件。如此，法国皇储继位时便不必同时争夺米兰与巴黎的忠诚。所谓“罗马王统一中南意大利”，未必是对这位继承人最有利的安排：给他更多尚未解决的王冠，可能只是给下一代增加更多需要重新谈判的国家。
如果出现亲生继承人、王朝协商和新的领土交换，北中意大利进一步整合比贯通那不勒斯并夺得西西里更可行。包含中南部的统一需要安置教皇、欧仁、约瑟夫及其他权利人，处理奥地利与英国反应；它是远端条件分支，不是当然结局。主线不把约瑟夫送去西班牙，也就不自动把缪拉安到那不勒斯。"
M033,高,反例未完成裁判,大范围整合的有利角点被展示，但四条件联合可信度没有排序,正文已承认数学可行不等于政治可行；仍需判断保税、保兵、降驻军、保地方接受能否靠同一制度达到，而不是读者看完“须证明”自行决定。,逐条件列历史类比与代价，判断哪项最先失败、能否补救；给该角点“可推荐/进取试验/仅算术反例”的明确等级。,已确认写作或论证缺口；不等同于已证明历史判断错误,07_行省化的边界.md:202,V269,**这个结果推翻了“该规模在任何技术条件下都不可能”的说法。**它没有证明方案现实可行，因为同时保留军事贡献、获得税余、降低驻防并维持地方接受，是四项需要政治证据的条件。但它必须被读者看见：严肃的论证应当承认最有利的反例，而不是只展示支持结论的一列。
M034,高,机制跳跃,共同财政的制度构件被跳接成“退出不起”,共同工程债与不可退出的政治联合之间，还差税收执行、担保分摊、违约及退出规则；现有类比证明可以合作，不直接证明不可逆中央集权。,给最小基金规模、缴款与表决、违约时谁付、退出怎样清算；把财政合作作为首选，中央主权作为需新增条件的分支。,已确认写作或论证缺口；不等同于已证明历史判断错误,09_另一条十九世纪.md:122；09_另一条十九世纪.md:124,V316；补充上下文,"还可以作出一个更进取的判断：**到1830—1848年，法国主导秩序最有希望出现的中央集权，不是先取消各国王冠，而是先建立各国都退出不起的共同财政。**入口可以很窄：为跨境河运、铁路、要塞和共同防务设立常设基金，由参加国按约定缴款，以指定关税收入偿付共同工程债。法国承担较大份额和部分担保，盟国换取市场准入与融资条件。
债权人随后会要求统一账目、公布收入，并限制成员国任意截留已抵押税源；各国政府则会要求，既然共同偿债，新增支出就须共同表决。财政委员会因而可能从核账机关逐渐变成议事机关：决定谁出钱、钱花在哪里，以及谁有权增加负担。**一部有限的财政宪法，可能先于统一国籍出现。**巴黎仍握有最大的军队和主要税源，却不再独占共同事务的解释权。"
M035,中,因果链过简,经济成长到立宪化之间缺少竞争政治联盟,有产者可要求可预测制度，也可支持保护关税、强行政和限制参与；正文从产业成长向预算限制皇权推进较快，反向联盟缺少同等处理。,明确何种税债争执把工业家与地方代表联合起来，军官和地主如何站队；比较威权工业化与有限立宪，不把工业化当单向民主化。,已确认写作或论证缺口；不等同于已证明历史判断错误,08_新秩序的经济与社会.md:341；09_另一条十九世纪.md:152；09_另一条十九世纪.md:182；09_另一条十九世纪.md:184,V297；V320；V325；V326,"他们不必热爱波拿巴王朝的每一位成员。他们只须判断：维持这个制度，比重新战争和政权更替更能保护自身利益。帝国的长期性来自这种分散判断，而不是一次永远有效的加冕。
如果帝国将这些要求吸收进代表机构、预算和地方权利，它有机会成为一个军事实力很强的立宪国家；如果继续依赖审查和警察，诉求便更可能在秘密社团、军官行动和民族自治中结合。
由此可以作出比“和平有益经济”更具体的判断：帝国中的制造商、铁路投资者、工程人员和城市有产者会更有能力要求统一商业规则、可靠法院和预算监督。拿破仑为增强国家而保存的产业核心，最终也会成为限制皇权的社会基础。
法国主导地位未必因此衰落。相反，王朝若承认议价，可能把军事胜利变成更坚实的国家共同体；若仍把每次预算异议当作背叛，就会在最有钱、最有组织、也最值得保有的地区制造政治敌人。帝国的下一场决定性较量，可能发生在预算和代表权上，而非新的奥斯特里茨。"
M036,中,结论含混,工业铁路有走廊与方向，缺少1848可检验的主线落点,正文已拒绝无依据的提前二十年，但尚未用已有煤铁、资本和造价材料确定基准究竟完成哪些连接、哪些产业差距最难缩小。,按煤、铁、机械、运输分别给等级性终局与核心走廊，成本区间留作压力测试；不强求单一虚假GDP数，也不止步于“有利”。,已确认写作或论证缺口；不等同于已证明历史判断错误,08_新秩序的经济与社会.md:240；08_新秩序的经济与社会.md:321；08_新秩序的经济与社会.md:421,V287；V295；V304,"最合理的产业推演是：**若比利时留在稳定、通商的法国核心内，瓦隆可以成为帝国煤铁与机械中心；其崛起有较强的资源和技能基础，但具体速度取决于资本与市场。**长期封锁、任意债务处置和不断抽走资金用于战争，会让法国拥有煤田却迟迟不能充分利用它。
本书给出的路线判断是：通商、有限驻军和信用稳定的法国，最有希望先建设北法—比利时—莱茵以及巴黎—里昂等高需求走廊；持续封锁和全面行省化占领，会挤压这些投资。**和平不是铁路自动提前的保证，却是让技术进步真正转化为帝国力量的必要政策条件之一。**
**第二，法国及其直接核心有望成为规模更大的大陆经济体，但英国在蒸汽、煤炭、海运与国际信用方面仍保有显著优势。**拥有比利时和莱茵的总量，不等于每个居民都比英国人生产率更高。"
M037,中,规范建议替代事件推演,1816危机写了正确政策，没有推演政府是否执行,开放粮路、信用救济和少征军粮是建议；粮价、出口禁令、地方截留与军队优先权会使它们冲突，缺少一次主线制度受压时的实际裁决。,把1816作为制度压力场景：谁有权开放粮贸、谁借款救济、哪地先缺粮；给较真实历史改善/局部仍恶化的分区判断及理由。,已确认写作或论证缺口；不等同于已证明历史判断错误,08_新秩序的经济与社会.md:405,V300,在和平主线中，帝国应允许跨区调粮、临时降低粮食进口壁垒、提供救济信用，并避免军队优先征走地方余粮。这里的判断很具体：**气候冲击仍然发生，开放商路和较低军事负担有望减轻人祸部分。**不必编造一个全国少死多少人的数字，才能判断哪种政策更好。
M038,中,结论含混,两种继承分支仍未选出书的基准王朝,不固定拿破仑自然死亡年份是合理的；但活到1848与已去世的两线并列后，读者仍不知主线由谁决定财政与外交。,基准采用明确的摄政/成年继承制度，而非随意指定死亡日期；长寿皇帝列敏感性支线，主线各阶段权力主体须明确。,已确认写作或论证缺口；不等同于已证明历史判断错误,09_另一条十九世纪.md:160；09_另一条十九世纪.md:162,V322；V323,"若拿破仑活到1848年，他将年近七十九。这个分支的主要问题是授权、健康变化、宫廷与军队的代际更替，而不是仍以1805年的个人指挥方式统治欧洲。更可能出现的是由大臣、皇储和军政集团承担实际治理、老皇帝保有象征与最终裁断权的安排；权责不清则会增加继承前的派系争斗。
若拿破仑已经去世，危机的对象可能是幼主摄政、成年继承人，或旁支王朝。法国行政国家即使仍然有效，王朝形式也可能被迫改变。**最有可能继续存在的，是法律、税收、官僚与经济联系；最需要重新争取的，是个人王朝对这些制度的独占。**"
M039,中,跨尺度推断缺桥,墨西哥更能抵御美国扩张，国家连续性到边疆实力之间缺桥,保存中央税务军队有理由改善能力，但边疆人口、移民土地、地方自治、补给和美国决策并未进入比较；“更有持续性的对手”尚未推出疆界变化。,区分美国扩张更慢、局部战争代价更高、保住某些地区三种强度，选最有材料支持的一档并列决定性边疆条件。,已确认写作或论证缺口；不等同于已证明历史判断错误,09_另一条十九世纪.md:190,V328,这样的国家未必更民主，却可能比长期内战之后的继承国家更早恢复信用和军饷。由此可以大胆判断：美国向墨西哥北部扩张会遇到更有持续性的对手，边疆也更可能成为长期议价和局部战争的地带，而非顺着史实节奏迅速改色。但这一判断仍受人口、移民、边疆驻防和地方离心牵制；法国援助是放大当地国家能力，不是替墨西哥守住每一条边界。
M040,高,缺口处置未闭环,缺数据之后有方向判断，但“还应做什么”与“已经完成什么”混杂,并非全部拒答：枪械和税兵段有明确裁决。真正问题是仍以“若找到…”结束若干承重任务，未把现有材料可完成的替代检验与只能新增资料完成的任务分开。,给每项缺口标三态：现存材料待提取、外部资料待取得、反事实作者裁量；先完成前者，后两者给有排序的暂定结论及改判条件。,已确认写作或论证缺口；不等同于已证明历史判断错误,10_资料附编.md:396；10_资料附编.md:400；10_资料附编.md:407；10_资料附编.md:411,V358；V359；V361；V362,"研究摘录还提出“约十八个月建成纸面行政”的判断，并举汉堡糖厂约435家减至约40家、失业逾4.5万人，以及阿姆斯特丹人口十年减少约两成等数。这些材料试图揭示一个重要反差：行政接管很快，贸易与社会承受却可能恶化。但这些数的起讫年、城市边界、工厂单位与失业统计方式尚未逐项对齐；本书保留其作为待核指标，而不据此声称所有新省十八个月便完成行政整合，也不把城市十年变化全部归因于兼并。〔资8〕
在各种可能改变本书结论的新证据中，最重要的是：拿破仑是否曾主动提出并准备执行一种**自己也受约束、不得单方撤回的对等安排**。若能找到1810—1812年这样一项实质提案，有限霸权的可行性会明显上升。原模型把影响设为路径概率翻倍，只是敏感性测试；历史论证所需的是提案内容、履行保障与对手反应，而不是“翻倍”本身。汉诺威谈判书面草案、俄国关税承诺、英国保险与入侵动员实绩、抵抗下降究竟来自和解还是镇压，分别检验同一条道路的其他环节。〔资6〕
| 指定五家兵工厂1803—1814逐厂年度验收峰值 | 单厂瓶颈与增产节奏 | 全国新造流量不能替代消耗掉的多年库存；枪、炮、火药分别判断 |
| 全部海军编制、维修与训练实付账 | 1830年财政与舰队规模的联合闭合 | 区域海权追赶有路，全球压倒英国不是主线 |"
