id,file,line,section,text,cues,related_defects,review
V001,00_导论.md,15,### 引言：征服一片大陆，然后呢？,本书的核心判断是：**法国存在保住较大的大陆优势、避免1812—1814年崩溃并建立持久主导秩序的可信路径；把整个欧洲长期改造成法国直辖省，则不是这一时期可执行的主线。**可行的帝国会有一个较大的直辖核心，外围保留本国财政、军队和王朝，俄罗斯仍是独立强国，英国仍拥有主要海上优势。巴黎可以成为欧洲大陆最重要的政治中心，却不会成为所有欧洲政府的上级机关。,判断、主线,M001；M004,已关联具体缺陷，见问题主账
V002,00_导论.md,17,### 引言：征服一片大陆，然后呢？,这不是把“控制整个欧洲”换个名字后宣告成功。若“控制”要求英国服从法国的海上规则、俄罗斯接受法国支配其外交军备、所有大陆王国都失去最终决定权，那么答案是否定的。若目标是阻止反法同盟摧毁法国优势，使邻国在大多数重大问题上不得不与巴黎议价，那么答案是有条件的肯定。**这两种胜利，必须从第一页起就分开。**,有条件,M004,已关联具体缺陷，见问题主账
V003,00_导论.md,21,### 一条主线，两个不同的出口,最值得推演的主线，把1803年至1807年7月的已发生历史作为起点：法国赢得乌尔姆、奥斯特里茨、耶拿—奥尔施泰特和弗里德兰，取得莱茵左岸及意大利既有地位，建立莱茵邦联、威斯特法利亚王国和华沙公国，与俄国签订提尔西特条约。特拉法加的损失也随之保留，胜利的果实和取得果实的代价一起进入推演。,主线,M003,已关联具体缺陷，见问题主账
V004,00_导论.md,25,### 一条主线，两个不同的出口,这里另保留两条支线。其一是1803年即维持亚眠和平：它可能少死人、少负债，却也没有后来战胜奥普所得的王冠与疆土。其二是1808年春才止损：法军已经进入伊比利亚、葡萄牙王室已经出走，此时仍可不废西班牙国王，但撤军、修复信任和处理英国介入的成本都更高。两条支线不能借用主线里没有付出代价的战果，主线也不能同时拥有“没有入侵葡萄牙”与“葡萄牙王室已迁巴西”两套互相排斥的前提。,不能借用主线里没有付出代价的战果，主线也不能,M003,已关联具体缺陷，见问题主账
V005,00_导论.md,27,### 一条主线，两个不同的出口,在这一主线里，拿破仑不需要突然变成自由主义者。他需要的是把已经拥有的能力用于不同目的：以贸易准入换同盟，以可预期的兵额换稳定兵源，以保留地方王冠换减少驻军，以承认有限边界换取借款和继承的可信度。上述工具并非全由后人发明；专约、附庸宪法、联姻、配额、商业许可证、补贴中立和限制驻军，都有当时的实践。**新的，是把它们组成一套持续执行的政策，而不是一次危机中的临时退让。**,主线,M002,已关联具体缺陷，见问题主账
V006,00_导论.md,31,### 怎样读这部反事实史,叙述中的史实，是已经发生、并有文书、统计或研究支持的事件。推演则回答：改变某项法国政策之后，其他行动者为了自身利益，更可能采取什么行动。对有明确争议的地方，本书给出有顺序的结论群：最有根据的结果、能够改变结果的条件，以及条件不满足时的退路。资料尚未证明、但从已知利益与制度可以推出的判断，也明确写入正文；反事实史的任务不只核实已经发生过什么，还要判断没有发生的道路会通向哪里。证据约束推演的起点，不替作者免除作出判断的责任。,更可能、结论、退路、尚未、判断,,本次核读未单列含混缺陷：可能为口径限定、已有排序、说明性文字或非结论；非史实/引注验收通过
V007,00_导论.md,33,### 怎样读这部反事实史,数量承担两种不同任务。人口、税额、船数、征募人数和货物重量，是重建历史能力的材料；假设驻军密度、军费分配或服役年限所得的数字，是压力测试。后一类数字可以揭示“这一安排靠什么才能成立”，不能变成“历史有多少概率按此发生”。以小数点后两位表示拿破仑的克制、英国的议和意愿或1848年的革命机会，并不会使主观判断更可靠。,判断,,本次核读未单列含混缺陷：可能为口径限定、已有排序、说明性文字或非结论；非史实/引注验收通过
V008,00_导论.md,35,### 怎样读这部反事实史,因此，本书不编造一个精确的“法国胜率”。它给出比胜率更可用的结论：哪些组合已有现实先例，哪些组合在同一预算内互相挤占，哪些安排虽可画在地图上，却要求盟友先失去合作的理由。,结论,,本次核读未单列含混缺陷：可能为口径限定、已有排序、说明性文字或非结论；非史实/引注验收通过
V009,00_导论.md,39,### 怎样读这部反事实史,全书先考察法国能够持续支付多少权力，再转向海峡两岸、大陆诸国、美洲和印度；随后把材料收回最重要的行省化问题，最后推演1815—1848年的经济、社会与继承。读者若先看结论，可读“行省化的边界”与末章；若要判断结论是否站得住，则应特别留意那些改变叙事方向的细节：到营而非征令上的人数，汇到巴黎而非在当地吃掉的税款，真正可出海而非船厂账上的战舰，以及一项条约究竟赋予了什么权利。,结论、判断,,本次核读未单列含混缺陷：可能为口径限定、已有排序、说明性文字或非结论；非史实/引注验收通过
V010,01_法国的能力与代价.md,5,## 一、皇帝的桌上，已经摆着另一种欧洲,1805年10月17日，塔列朗在斯特拉斯堡向拿破仑提出一种与继续削弱奥地利不同的安排。他警告皇帝：哈布斯堡君主国可以被打碎，但一旦碎裂，连胜利者自己也未必有能力把它重新拼起。保留一个能够合作的奥地利，通过补偿与保证把它拉向法国，比使它永远等待复仇，更有利于建立秩序。〔法1〕,未必,,本次核读未单列含混缺陷：可能为口径限定、已有排序、说明性文字或非结论；非史实/引注验收通过
V011,01_法国的能力与代价.md,11,## 一、皇帝的桌上，已经摆着另一种欧洲,从这些经历最稳妥地得出的，不是某个“克制概率”，而是一条政治判断：拿破仑能够改变手段，却很少愿意承认一种自己不能单方面重开谈判的边界。未来秩序最难购买的，并非一次妥协，而是妥协之后不再加价。,判断,,本次核读未单列含混缺陷：可能为口径限定、已有排序、说明性文字或非结论；非史实/引注验收通过
V012,01_法国的能力与代价.md,15,### 好情报为什么没有阻止坏决策,帝国并不缺少收集消息的机关。警务报告、外交使馆、截信和军队侦察，为巴黎提供了大量信息。困难发生在汇总与判断：报告人知道皇帝期待什么，代理人有自己的野心，皇帝又常把对手的政治决心还原为一张可以击败的兵力表。,判断,,本次核读未单列含混缺陷：可能为口径限定、已有排序、说明性文字或非结论；非史实/引注验收通过
V013,01_法国的能力与代价.md,19,### 好情报为什么没有阻止坏决策,西班牙的误判也不是单纯少了一份正确报告。缪拉对王位的期待、使者的奉承、巴黎对波旁宫廷的轻蔑，与把宫廷危机误当成整个国家无主的判断叠加在一起。占领首都与取得社会服从之间的距离，被决策中枢压缩掉了。,判断,,本次核读未单列含混缺陷：可能为口径限定、已有排序、说明性文字或非结论；非史实/引注验收通过
V014,01_法国的能力与代价.md,43,### 征召令不是已经到营的人,这组反差不是细枝末节。它说明地方社会可能拒绝让某些青年入伍，同时让已经进入军队的人形成稳定服役关系。替身市场、逃往河对岸的机会、家庭财产和地方官员的处置，都参与了筛选。由此得出的结论是：法国能够在异语地区建立有效兵源，但这种能力依赖地方合作与执法，不能只用“民族忠诚”解释。,结论,,本次核读未单列含混缺陷：可能为口径限定、已有排序、说明性文字或非结论；非史实/引注验收通过
V015,01_法国的能力与代价.md,47,### 有归期的军队，需要另一种补兵账,战争死亡也须先确定统计人口。Houdaille依据军籍登记研究的是法国陆军中的法国人与外国人，不包括所有保留本国军籍的盟国部队。他将约119万死亡与失踪总量按返乡者作修正，得到约87万；另以不同返乡估计得到约89万。这是同一重建中的修正差别，不是统计置信区间，更不是约90万全由旧法国出生人口组成的结论。海军与某些未进入军籍的损失亦不在其中。〔法14〕,结论,,本次核读未单列含混缺陷：可能为口径限定、已有排序、说明性文字或非结论；非史实/引注验收通过
V016,01_法国的能力与代价.md,67,### 一支军队不能同时驻在两个地方,这组战区筛查与后文行省化章的逐地区模型，地图和算法都不同，不应将名称相近的档位逐项等同。它们不是从档案直接加总得到的欧洲驻军数。地区人口、驻军密度和边防任务包含情景设定，而且所谓最广方案还没有全面纳入英国、欧洲俄国、奥斯曼腹地、葡萄牙和西西里。它们应被读成一道压力题：**法国在尚未吞下整个欧洲之前，就已经要解释为何它能长期支付超过通常可用军力的任务。**,尚未,M005,已关联具体缺陷，见问题主账
V017,01_法国的能力与代价.md,75,### 库存可以救急，不能年年重来,"让—弗朗索瓦·布兰的研究列出一组尤其重要的枪械账：1812年4月1日，仓库有约811,000支步枪；此后至1813年7月1日制造约159,000支，同期耗用约880,000支。后三者若属于同一库存边界，算术余额只有90,000支；但修复、缴获与调拨项目未全部列明，90,000只能作为残差，不能冒充实查库存。较稳固的结论是，帝国在十五个月中动用了多年积累，新增生产只覆盖同期耗用的一小部分。〔法8〕",结论,,本次核读未单列含混缺陷：可能为口径限定、已有排序、说明性文字或非结论；非史实/引注验收通过
V018,01_法国的能力与代价.md,91,### 马匹损耗也是人力损耗,1813年可以继续买到马，却未必同时买到足够的熟练骑手、车夫和兽医。道森研究中的累计采购与配装数，反映一段时期的重建流量，不是某日同在战场上的存量。这正是避免1812年灾难比事后再多征几十万人更有价值的地方：它保存了人员、动物和组织之间已经形成的配合。〔法10〕,未必,,本次核读未单列含混缺陷：可能为口径限定、已有排序、说明性文字或非结论；非史实/引注验收通过
V019,01_法国的能力与代价.md,107,### 荷兰的账，为什么与巴黎不同,这一研究强化了两层判断。第一，法国确实依赖其政治优势取得资源，不能把贡赋轻描淡写地删去。第二，**保留一个替法国养兵的荷兰政府，与把荷兰吞成法国省，财政效果不同。**前者把部分支出留给盟国预算，后者可能把旧债、行政责任和社会冲突一并带回巴黎。,判断,,本次核读未单列含混缺陷：可能为口径限定、已有排序、说明性文字或非结论；非史实/引注验收通过
V020,01_法国的能力与代价.md,140,## 五、新省的税额，究竟是谁的钱,"戈丹1811年4月30日对最近兼并的判断更直接：新增收入至多约1.05亿，分项包括荷兰5,500万、先并入的莱茵河口和斯海尔德河口等地700万、汉萨2,000万、伊利里亚1,000万、罗马与特拉西梅诺1,250万。他特别指出，辛普朗的税收甚至不够本地行政费用；兼并它是为了通往意大利的交通，而非赚钱。",判断,,本次核读未单列含混缺陷：可能为口径限定、已有排序、说明性文字或非结论；非史实/引注验收通过
V021,01_法国的能力与代价.md,150,### 毛税、现金与年度，不可随意互换,这些细节足以否定“法国每年稳定有某个精确数额可以同时养陆军、追英国海军并修铁路”的简便结论。比较合理的量级，是在疆域、税制与和平条件不同的方案间，分别核算可支配资源。,结论,M006,已关联具体缺陷，见问题主账
V022,01_法国的能力与代价.md,187,### 陆军与海军，必须从同一笔钱中付款,另一个容易漏掉的转向，已经藏在赠产制度里。1810年3月3日法令要求境外赠产尽早出售，最迟前二十年出售一半、后二十年出售余半，所得转入帝国内部地产或公债年金。森科夫斯卡—格卢克的研究据此揭示，帝国精英的财富并不只能永久依附外国贡赋；它也存在转回国内财产和国家信用的制度出口。该制度尚未完成帝国便已瓦解，住宅条款未实行又是另一项问题，不宜把它们混写成整个转移方案从未被采纳。〔法16〕,尚未,,本次核读未单列含混缺陷：可能为口径限定、已有排序、说明性文字或非结论；非史实/引注验收通过
V023,01_法国的能力与代价.md,195,### 农民并非天然反对国家，但关心儿子何时回来,征兵抵抗与王朝态度不是同一个变量。家庭可能接受民法、土地所有权和秩序，却仍藏匿儿子；也可能反感官府，却在工资、失业和服役机会的权衡下送出青年。福雷斯特提醒，判决名册更适合说明警察活动，而不应直接当作民意测量。〔法14〕,可能接受民法、土地所有权和秩序，却仍藏匿儿子；也可能,,本次核读未单列含混缺陷：可能为口径限定、已有排序、说明性文字或非结论；非史实/引注验收通过
V024,01_法国的能力与代价.md,211,### 精英忠于财产、职位和国家，并不等于忠于每一位波拿巴,1814年倒戈说明这种条件忠诚，却不证明一次和平继承必然引发同样结局。当时巴黎陷落、军队溃败、波旁替代方案得到盟国支持，与皇帝是否在首都、家属是否撤离共同发生。把这些条件称为所有倒戈的“五个必要条件”，超出了单一危机的证据；较合理的判断是，它们在1814年同时削弱了继续效忠的预期回报。,判断,,本次核读未单列含混缺陷：可能为口径限定、已有排序、说明性文字或非结论；非史实/引注验收通过
V025,01_法国的能力与代价.md,223,## 八、继承：皇帝必须留下的，不止一个儿子,这不是一部现成的议会宪法，却是**把最高权力分配给多个有法定地位的参与者**的真实先例。皇太后的娘家、在外国当王的叔伯与法国大臣，并非可以随时挪动的一组家庭席位。主线若提前建立同类规则，就应同步规定军队宣誓、预算授权和成年交接，而不是等皇帝死亡的消息传来，再问欧洲究竟应听谁的命令。,主线,,本次核读未单列含混缺陷：可能为口径限定、已有排序、说明性文字或非结论；非史实/引注验收通过
V026,01_法国的能力与代价.md,229,## 八、继承：皇帝必须留下的，不止一个儿子,**最可能存续得更久的，是法国建立的行政、法律和财产制度；其次才是法国的对外优势；最脆弱的是要求一切都依附于同一支王朝的个人统治。**若波拿巴王朝愿意以预算参与、地方权利和宪制约束换取继承支持，胜利帝国有机会逐渐成为保留强大军队的立宪君主国。若把这些要求一概理解成对皇帝权威的背叛，继承就会把本来可以分开解决的财政、宗教与地方问题压在同一个危机时刻。,最可能,M002,已关联具体缺陷，见问题主账
V027,02a_英国海权与和平_国家财政与社会.md,7,## 一、胜利的边界，不在多佛的白崖上,法国可以在战场上打散一支联盟，却难以把英国支持新联盟的意愿永久清除。英国同样可以守住海峡，却未必能够随时在大陆找到愿意承担主战场的盟友。因此，1807 年以后确实存在另一条道路：法国停止把一次次胜利扩展为新的吞并；英国承认经过限定的大陆安排；双方以贸易、海军和外交竞争替代长期总动员。真正的问题不是英国是否“害怕”拿破仑，而是伦敦是否相信，今天接受的边界，不会成为巴黎明天索取下一块领土的出发点。,未必,,本次核读未单列含混缺陷：可能为口径限定、已有排序、说明性文字或非结论；非史实/引注验收通过
V028,02a_英国海权与和平_国家财政与社会.md,11,## 一、胜利的边界，不在多佛的白崖上,因此，本编给出的结论是有顺序的：**先争取一个有边界、能兑现的和平，继而用和平积累海军与财政能力；不要把先赢得全球海权，设成欧洲秩序成立的前提。**英国海军确是障碍，但它也提示法国应该在哪里止步。,结论,M009,已关联具体缺陷，见问题主账
V029,02a_英国海权与和平_国家财政与社会.md,17,### 1. 谁能够决定和谈,1803 年的英国既不是国王独断的旧式君主国，也不是普选制国家。国王、内阁、上下两院、借款承销人、地方地主、商人及城市政治共同构成决策结构，但权力并不平均分配。军费需要议会支持，国债依赖稳定的征税与偿付安排；任命大臣、王室立场和宗教政治，又会限制一个看似拥有议会多数的政府。,既不,,本次核读未单列含混缺陷：可能为口径限定、已有排序、说明性文字或非结论；非史实/引注验收通过
V030,02a_英国海权与和平_国家财政与社会.md,25,### 1. 谁能够决定和谈,和谈也不必等待一个全新的和平党夺权。1803 年 11 月，阿丁顿已承认接受俄国调停，只是交涉尚未形成可期待的解决。1804 年反对他的格伦维尔一派此前还批评过《亚眠和约》；福克斯又曾被国王否决进入联合内阁。1807 年议会史研究所作阵营估计为政府约 384 席、反对派 218、独立 28、存疑 16、中立 12；这些是政治分类，不是普选民意，更不是和平与战争的点名票数。1812 年 5 月 21 日以 174 对 170 通过的更换内阁动议，同样不是对法议和表决，随后交涉僵局仍由利物浦组阁。[英政7],尚未,,本次核读未单列含混缺陷：可能为口径限定、已有排序、说明性文字或非结论；非史实/引注验收通过
V031,02a_英国海权与和平_国家财政与社会.md,27,### 1. 谁能够决定和谈,这里还有一个空间差异。全国总量可以尚未崩溃，某个棉纺城市却已经陷入失业；伦敦金融家可能从公债和转口贸易中获益，地方制造商却承受市场中断。法国若想利用这种分歧，最有效的工具是提出可信的市场开放，而不是假定所有受苦者都会欢迎法国军队。,尚未,,本次核读未单列含混缺陷：可能为口径限定、已有排序、说明性文字或非结论；非史实/引注验收通过
V032,02a_英国海权与和平_国家财政与社会.md,33,### 2. 1806 年的机会，为什么没有变成和平,英国谈判者不能简单地把盟友的领地视为本国可以出售的资产。法国也不能一面以王朝独立作为和约承诺，一面保留随时改变其王位与宪制的权力。亨利·巴特菲尔德利用劳德代尔的私人通信指出，谈判破裂后呈现给公众的责任叙事，与交涉者实际追求的政治效果并不完全相同。劳德代尔 1806 年 9 月 26 日的信尤其提醒我们：所谓“因俄国问题而失败”，同时也是一种需要被安排、被展示的外交结果，而不只是事件的透明记录。[英政2],不能简单地把盟友的领地视为本国可以出售的资产。法国也不能,,本次核读未单列含混缺陷：可能为口径限定、已有排序、说明性文字或非结论；非史实/引注验收通过
V033,02a_英国海权与和平_国家财政与社会.md,35,### 2. 1806 年的机会，为什么没有变成和平,由此得出的结论不是“只要拿破仑态度温和，和平必成”，而是：**英国承认法国在大陆的大幅扩张，在当时并非不可想象；但承认扩张与承认法国可以继续任意扩张，始终是两回事。**若法国在汉诺威、西西里和盟国保障上形成可执行的让步，1806 年的和平机会会明显改善。它仍须穿过俄国政策、王室政治及双方互不信任的阻力。,结论,,本次核读未单列含混缺陷：可能为口径限定、已有排序、说明性文字或非结论；非史实/引注验收通过
V034,02a_英国海权与和平_国家财政与社会.md,43,### 3. 1812 年的往返信件，给出了更清楚的底线,这两封信的同期刊印文本，见 1813 年 3 月 13 日《爪哇政府公报》第 8 页。它支持一个明确判断：**英国在 1812 年拒绝的，是把约瑟夫王朝当作和约既成前提，并非否认任何与法国达成和平的可能。**它同样证明，若拿破仑已在 1808 年废黜西班牙波旁王朝，那么“现在愿意议和”还不够；他必须处理自己先前制造的合法性和盟约问题。[英政3],判断,,本次核读未单列含混缺陷：可能为口径限定、已有排序、说明性文字或非结论；非史实/引注验收通过
V035,02a_英国海权与和平_国家财政与社会.md,89,### 1. 先把债务、税收和利息放回同一本账,"表中最重要的不是债务“很大”，而是国家仍能将持续征税转化为证券偿付。1811 年收入从 7,300 万下降到 7,100 万英镑，利息由 2,440 万上升到 2,460 万。这是压力，不是收入消失。利息约占收入 34.6%，尚未吞没全部财政。1797 年这一比例反而约为 62.4%，国家依然继续战争。这并不证明 60% 永远安全，而是说明不能把某个自设比例直接命名为“破产线”。",尚未,,本次核读未单列含混缺陷：可能为口径限定、已有排序、说明性文字或非结论；非史实/引注验收通过
V036,02a_英国海权与和平_国家财政与社会.md,99,### 2. 1811 年借款确实更贵，但旧债没有一起改价,这既不是整笔交易包含分期缴款时间的完整内部收益率，也不是英国全部存量债务的利息突然提高到 4.7458%。旧有固定票息债券在市场上跌价，会提高新买家的收益率，却不会直接增加政府对这张旧券承诺的现金支付。若把新借款利率乘上全部旧债，模型将大幅夸大短期财政危机。,既不,,本次核读未单列含混缺陷：可能为口径限定、已有排序、说明性文字或非结论；非史实/引注验收通过
V037,02a_英国海权与和平_国家财政与社会.md,105,### 3. 纸币不是免费的资源，黄金紧张也不是军队立刻停摆,1797 年暂停英格兰银行纸币兑金，使英国得以避免在黄金外流时立即全面收缩信用。到 1803 年，这已经是运行中的制度，不是拿破仑可以期待尚未触发的“最后一道保险”。银行资产资料显示，1796 年末黄金和铸币约 255.9 万英镑，1797 年 2 月末降至约 110.9 万，1798 年末又回升至约 583.1 万；相应时期纸币数量增加。兑金暂停改变了流动性约束，但没有创造无限的海外购买力。[英财4],尚未,,本次核读未单列含混缺陷：可能为口径限定、已有排序、说明性文字或非结论；非史实/引注验收通过
V038,02a_英国海权与和平_国家财政与社会.md,123,### 4. 1811 年商业救济：批准额度不等于实际支出,**这里的结论应是：1811 年国家信用充当了私人信用的支架，代价上升但支架仍然有效。**实际救济提款总额目前仍需执行账簿核定。这个缺口不妨碍判断政策的方向，却限制了把救济效果精确折算为新增出口或“挽救了多少企业”。,结论、判断,,本次核读未单列含混缺陷：可能为口径限定、已有排序、说明性文字或非结论；非史实/引注验收通过
V039,02a_英国海权与和平_国家财政与社会.md,131,### 1811 年的修补：救助政策可以在战争中学习,1810 年危机的严重性，并不意味着英国只能在放任倒闭和无条件救济之间二选一。1811 年 2 月，英格兰银行制定特殊贷款规则，针对的是财产暂时收不回来、而非已经破产的商号。至少两名检查人须核验账目，确认贷款足以帮助商号了结当前困难，并分担担保；全额贷款须有担保人覆盖。检查人既不得是银行董事，也不得是申请人的债权人或债务人。这种安排把应急流动性与私人风险承担结合起来，也试图纠正早期内部人贷款的弊病。它与议会最高 600 万英镑的商业国库券救助，是两套有关联却不可混为一笔的机制；这些银行规则没有给出后者的实际发放总额。对法国而言，重要教训是：**封锁面对的并非一套僵死制度。英国能够在承压时修改规则；法国若追求数十年的竞争，也应把商业信用、港口保险和可靠合同纳入海权建设，而不只是增加舰船预算。** 这是有历史制度先例支持的政策推演，不意味着拿破仑已有一份照此实施的计划。〔补2〕,既不,,本次核读未单列含混缺陷：可能为口径限定、已有排序、说明性文字或非结论；非史实/引注验收通过
V040,02a_英国海权与和平_国家财政与社会.md,155,### 2. 把财政推演写成条件，而不是预言,英国政府有理由在接近压力区间之前争取贸易、加税、裁军、转换债务或重新结盟；它也可能因党争、误判与既有承诺而延误。法国政府也会改变封锁范围与海军预算。因此，本模型最有价值的结论，是排除“按 1813 年战时费用永远烧钱”的静态设定，而不是为一个替代世界制造伪精确债务表。,结论,,本次核读未单列含混缺陷：可能为口径限定、已有排序、说明性文字或非结论；非史实/引注验收通过
V041,02a_英国海权与和平_国家财政与社会.md,163,### 1. 一处一千万英镑的错误，会改变整场讨论,"因此，这一工作序列应将美国项改为约 143.2 万，北美区域合计改为约 334.2 万，世界总额由约 3,745.9 万改为 **2,745.9 万英镑**。这是对指定系列的源表校正，不是宣称所有近代出口资料都错了。错误如何进入后来的电子表，尚未追溯到每一道转录；但影印原表足以证明，1811 年的美国市场没有表现出那笔虚构的 1,000 万英镑缓冲。",尚未,,本次核读未单列含混缺陷：可能为口径限定、已有排序、说明性文字或非结论；非史实/引注验收通过
V042,02a_英国海权与和平_国家财政与社会.md,165,### 1. 一处一千万英镑的错误，会改变整场讨论,这个修订使商业危机更加清楚，却不支持“于是英国财政破产”。海关官方价格、商人申报现价、转口贸易、财政关税收入和国内工业增加值是不同对象。先修正数字，再跨过中间机制，结论才有意义。,结论,,本次核读未单列含混缺陷：可能为口径限定、已有排序、说明性文字或非结论；非史实/引注验收通过
V043,02a_英国海权与和平_国家财政与社会.md,193,### 3. 替代市场既救过英国，也有明显上限,巴西开港尤其不是一块早已存在、与欧洲政治无关的市场。1808 年 1 月 28 日葡萄牙王室敕函把准入宣布为临时措施，向与王冠和平友好的国家开放，通常进口税为 24%，巴西木等专卖品仍除外。若法国不入侵葡萄牙、王室不以真实历史方式迁往巴西，便不能无条件复制同一天的开港；但欧洲贸易中断和财政需要仍可能推动另一次开放。因此，反事实既不应白送英国整个巴西市场，也不应把巴西对英贸易设为永远为零。[英贸9],既不,,本次核读未单列含混缺陷：可能为口径限定、已有排序、说明性文字或非结论；非史实/引注验收通过
V044,02a_英国海权与和平_国家财政与社会.md,195,### 3. 替代市场既救过英国，也有明显上限,**较妥当的结论是：海外市场能显著缓冲欧洲封锁，某些年份甚至足以抵消特定区域损失；它们却不保证每个年份、每个行业、每条回款链都被补齐。**英国的韧性与它遭受的严重痛苦，可以同时成立。,结论,,本次核读未单列含混缺陷：可能为口径限定、已有排序、说明性文字或非结论；非史实/引注验收通过
V045,02a_英国海权与和平_国家财政与社会.md,213,### 5. 卢德运动不是等待法国登陆的革命军,所以，法国封锁确能增加英国国内政治压力，但它所催生的第一要求通常是调整贸易政策、减轻税负或改善治理，而不是接受法国统治。若法国提出恢复贸易的有限和平，这些压力可能成为议和资源；若它要求解除舰队、改换王朝，压力也可能被重新组织为抵抗的理由。,可能成为议和资源；若它要求解除舰队、改换王朝，压力也可能,,本次核读未单列含混缺陷：可能为口径限定、已有排序、说明性文字或非结论；非史实/引注验收通过
V046,02a_英国海权与和平_国家财政与社会.md,238,### 2. 出口推演不能冒充国内生产总值,**长期结论是：一个法国优势更大的欧洲，可以让英国比真实历史更穷、工业规模更小、改革压力更重；它仍很可能保留欧洲最重要的煤炭、机械、金融和远洋航运中心之一。**工业化依赖国内资源、技术、组织与全球联系，并不只依赖进入法国海关的权利。反过来，法国若通过开放和平追赶，也有机会获得机器、工匠、资本和较稳定的海员训练，比永久封锁更有利于缩小实际海军差距。,结论,M013,已关联具体缺陷，见问题主账
V047,02a_英国海权与和平_国家财政与社会.md,250,### 3. 改革、粮食与政治秩序的另一条时间线,1842 年宪章派请愿约 330 万个署名，说明政治动员广泛，不等于 330 万合法选民，更不等于 330 万亲法者。粮价下降也不只取决于海上有没有粮船，还取决于收入、运输、地方救济和购买能力。法国若想建立长期稳定的大陆秩序，必须承认英国社会会自行演化，而非把它冻结成 1803 年的敌国肖像。,取决于,,本次核读未单列含混缺陷：可能为口径限定、已有排序、说明性文字或非结论；非史实/引注验收通过
V048,02a_英国海权与和平_国家财政与社会.md,285,### 1. 公债价格购买的是偿付，不是某个统治者的寿命,为与日常波动比较，下列事件研究选取了 100 个避开指定事件附近月份的两月窗口，绝对价格变化中位数约为英国 2.17%、法国 2.36%。提尔西特英债 −2.15% 与这一量级接近。入侵恐慌和英美战争的描述窗也没有钉住单一消息抵达日，不能因其接近零就宣称相关威胁无效。这不是随机化检验，也不产生一个可信的“法国胜率”；它只是说明，一个约 2% 的月度变化尚不足以独立支撑国家即将崩溃的强结论。,结论,,本次核读未单列含混缺陷：可能为口径限定、已有排序、说明性文字或非结论；非史实/引注验收通过
V049,02a_英国海权与和平_国家财政与社会.md,299,### 3. 一张个人保险单，不是帝国寿命表,但 3.15% 的保费中可能包含承保利润、信息差、信用风险和交易费用；死亡与被俘又被合并为同一触发事件。它既不能直接改写成“拿破仑有 96.85% 的概率活到月底”，也不能用来估计波拿巴王朝能否存续至 1848 年。,既不,,本次核读未单列含混缺陷：可能为口径限定、已有排序、说明性文字或非结论；非史实/引注验收通过
V050,02a_英国海权与和平_国家财政与社会.md,301,### 3. 一张个人保险单，不是帝国寿命表,旧模型还曾预设坏状态先验 10%—30%、坏状态支付差 20%—60%、价格变化归因比例 25%—100%，再从价格变化反推风险区间。保留这种试算的意义，在于展示：只要改变先验、支付差和归因比例，就能得到很不相同的所谓概率。**这些输入不是市场观测；最终报告不把其输出当作史料结论。**公债、黄金、汇兑与海险共同支持的较稳健判断，是英国有持续战争的信用能力，同时也会为战争付出更高融资与交易成本；它们不支持“英国永不动摇”，也不支持“大陆战败立即财政投降”。,结论、判断,,本次核读未单列含混缺陷：可能为口径限定、已有排序、说明性文字或非结论；非史实/引注验收通过
V051,02b_英国海权与和平_舰队海峡与帝国.md,39,"### 2. 145,000 人不是 145,000 名熟练水手","复员后的数字又有年度长度问题。1817 年约 19,000 人、其中 6,000 名陆战队员的表决，只覆盖六个阴历月；1820 年约 23,000 人、其中 8,000 名陆战队员的安排，则按十三个阴历月计。1826 年约 30,000 人、其中 9,000 名陆战队员；1830 年目标约 29,000，实际因舰船尚未回国而一度超过 32,000。把所有表决数都当作同样长度的全年平均，会把政策变化夸大或缩小。",尚未,,本次核读未单列含混缺陷：可能为口径限定、已有排序、说明性文字或非结论；非史实/引注验收通过
V052,02b_英国海权与和平_舰队海峡与帝国.md,41,"### 2. 145,000 人不是 145,000 名熟练水手","员额骤降也不等于海军经验一夜消失。威尔科克斯的研究摘要指出，战后皇家海军遣散约124,000人，到1818年约九成委任军官没有现役职务、领取半薪。这既是和平给海军家庭造成的生计危机，也是国家保留部分军官联系与身份的制度背景；半薪军官却不等于随时齐装满员的舰队，复员水手也未必能够立即召回。〔海补1〕",未必,,本次核读未单列含混缺陷：可能为口径限定、已有排序、说明性文字或非结论；非史实/引注验收通过
V053,02b_英国海权与和平_舰队海峡与帝国.md,75,### 3. 大陆封锁确实威胁海军物资，但替代路线也真实存在,**结论是：封锁能迫使英国更换来源、增加成本、接受质量与航程上的折衷，但不保证在可预定日期使舰队停航。**若法国希望依赖这种战略获胜，就要同时维持对俄国、北德、斯堪的纳维亚及中立运输的控制；这恰恰又扩大了它在大陆的政治负担。,结论,,本次核读未单列含混缺陷：可能为口径限定、已有排序、说明性文字或非结论；非史实/引注验收通过
V054,02b_英国海权与和平_舰队海峡与帝国.md,81,### 4. 纪律问题说明制度有裂缝，不说明舰队等待倒戈,强征海员带来深刻不满，但它在 1815 年后不再实际使用，不等于相关权力立即从法律上废除。若法国舰队长期威胁英国，政府可能延长征募压力，也可能通过提高待遇、扩大志愿招募和保留骨干来降低成本。法国应期待英国在这两端之间调整，而不是期待每次欠饷自动变成一次革命。,可能延长征募压力，也可能,,本次核读未单列含混缺陷：可能为口径限定、已有排序、说明性文字或非结论；非史实/引注验收通过
V055,02b_英国海权与和平_舰队海峡与帝国.md,87,### 海上优势是一条有时刻表的补给管线,英国舰队能长期留在敌人海岸，靠的不只是船多，还靠补给到达的节奏。詹姆斯·戴维依据粮秣委员会文书和航海日志，重建了 1808—1809 年部分补给航次。从下达命令到货物抵达，哥德堡—温戈锚地四个可辨样本的平均时间为 43 天；哈讷湾、博恩霍尔姆和卡尔斯克鲁纳一组的五个样本为 64.4 天；芬兰湾纳尔根岛四个样本为 75.75 天。这三列并非同一批运输船依次经过全部地点的连续追踪，而是不同到达记录的局部样本，仍清楚显示越深入波罗的海，补给所需提前量越大。英国随后改用预先规划的大批运输：1810—1812 年把两批主要补给预定在 6 月 1 日和 8 月 1 日启航；1812 年又安排货船利用 7 月至 10 月约每十四天一次的护航。**法国若要在和平期真正缩小海军差距，必须复制的是这种提前数月安排雇船、装货、护航和目的地仓储的能力。** 将部分运输船和商港组织起来，持续保障近海训练、地中海巡航和海外据点，比单纯把造舰目标提高若干艘更可能转化为可用战力。〔补3〕,更可能,,本次核读未单列含混缺陷：可能为口径限定、已有排序、说明性文字或非结论；非史实/引注验收通过
V056,02b_英国海权与和平_舰队海峡与帝国.md,91,### 健康不是附属问题，而是战备存量,"海军的有效人数还取决于有多少人在航行数月以后仍能工作。戴维整理的波罗的海舰队月报显示，1809 年 7 月在站人员 17,398 人，病员 225 人，登记坏血病患者为零；同年 10 月在站 15,764 人，病员 300 人，坏血病患者一人。这是各统计时点的现患和在站人数，不是全年患病概率；它也没有证明舰队免于发热、风湿、事故或其他疾病。其意义在于，坏血病已不必然成为长期出海的宿命。柠檬汁、糖、给养配送和医疗记录共同保护了受训水手这项昂贵资产。**因此，法国和平期的海军复兴，应把“每年保存多少熟练船员”放到“每年下水多少舰体”旁边。** 即使暂时没有舰数优势，少损耗、常出海、形成稳定骨干，也可能在一代人的时间里使舰队质量发生比纸面规模更深的改变；前提是长期维持给养、医疗和训练，而非在战争临头时突击征人。〔补4〕",取决于,,本次核读未单列含混缺陷：可能为口径限定、已有排序、说明性文字或非结论；非史实/引注验收通过
V057,02b_英国海权与和平_舰队海峡与帝国.md,105,### 1. 重建确实发生了,"这组资料比“拿破仑只有陆军头脑”复杂得多。他确实投入船厂、招募、内河运输与海军预算，试图改变海上力量对比。穆拉乔勒的原文是 “104 vaisseaux, à flot ou en chantier”，即港口与船厂有 104 艘“浮存或在建”的战列舰；这个合计包含建造阶段，因而既不与 74 艘自动矛盾，也不能改写为法国已拥有 104 艘可战主力舰。[法海2]",既不,,本次核读未单列含混缺陷：可能为口径限定、已有排序、说明性文字或非结论；非史实/引注验收通过
V058,02b_英国海权与和平_舰队海峡与帝国.md,115,### 2. 安特卫普：最大的机会，也是最硬的瓶颈之一,1811 年 3 月 5 日，拿破仑按十八座船台、舰体平均占台三年，推算每年可造六艘；10 月 2 日又要求把六艘提高到八艘，并考虑调配荷兰和布洛涅的人员。**“每年八艘而非六艘”是安特卫普的目标，不是全国已经实现的产量。**将它与其他港口的舰体数相加，既可能重复，也可能把计划错当实绩。[法海3],可能重复，也可能,,本次核读未单列含混缺陷：可能为口径限定、已有排序、说明性文字或非结论；非史实/引注验收通过
V059,02b_英国海权与和平_舰队海峡与帝国.md,135,### 4. 木材很多，不等于合格舰材已在码头,"1810 年 10 月的运输报告比宏大资源总数更能看见工作：沿格斯特河、威悉河运出的有 164 根大桅、149 根小桅、270 块板材；布雷默弗尔德另有 282 根大桅、510 根小桅、213 块板材。它们证明实物流动已经发生，但不是该路线的全年吞吐量。1808 年购买后仍滞留里加的 1,009 根桅材，又说明产权、外交关系和实际运达是不同问题。阿勒河—易北河等运输设想也不能在尚未完成时就贡献运力。[法海4]",尚未,,本次核读未单列含混缺陷：可能为口径限定、已有排序、说明性文字或非结论；非史实/引注验收通过
V060,02b_英国海权与和平_舰队海峡与帝国.md,141,### 法国海军扩张，还需要改变国家怎样购买一棵树,"法国的造舰潜力不只取决于森林面积，还取决于国库能否把合格木材按时变成船厂库存。格雷厄姆研究旧制度法国的舰材采购发现，十八世纪中叶以后的合同已经详细约定品种、数量、质量、价格、交货日期和运输路线，并把多年、多地、多船厂的需求交由较大承包商协调。这说明法国并非缺少采购技术传统；真正的问题还包括拖欠、特权和部门失调。巴拉德森林的一次复查尤其直观：1715 年筛选后尚有约 3,000 棵适用树木，1728 年海军认为仍适用的只剩 724 棵。树木被标记征用，却迟迟不获采运和支付，会把森林所有者的资本冻结在原地。**因此，拿破仑海权政策中最有价值的改革之一，应是按期支付、验收独立、承包履约与产权补偿，而非继续扩大行政征用。** 这是从旧制度经验提炼的可行改革方向，不是把十八世纪的个案偷换为 1811 年所有法国船厂的现状。它仍能解释为什么法国“拥有足够森林”与“拥有可持续的舰队”之间，隔着一整套国家与社会的交易关系。〔补7〕",取决于,,本次核读未单列含混缺陷：可能为口径限定、已有排序、说明性文字或非结论；非史实/引注验收通过
V061,02b_英国海权与和平_舰队海峡与帝国.md,147,### 1. 将军可以征集人，不能立即征集十年的航海经历,1810 年甘托姆估计法国真正的海员约三万人，同一比较中英国约十二万人。托多罗夫在转述时明确使用 “estime”（估计）一词。这是高级海军军官的判断，不是按统一职业定义完成的两国普查。其价值在于揭示法国决策层也知道问题主要在熟练人力，而不仅在舰体数。[法海1],判断,,本次核读未单列含混缺陷：可能为口径限定、已有排序、说明性文字或非结论；非史实/引注验收通过
V062,02b_英国海权与和平_舰队海峡与帝国.md,155,### 1. 将军可以征集人，不能立即征集十年的航海经历,1811 年海岸征募约二万人，其中约 70% 来自今天不属于法国的地区。这一数字说的是一届特定征募、按今日边界回看来源；它既不是全部法国海军七成皆为外国人，也不证明这些人已经熟练并忠诚地服役。,既不,,本次核读未单列含混缺陷：可能为口径限定、已有排序、说明性文字或非结论；非史实/引注验收通过
V063,02b_英国海权与和平_舰队海峡与帝国.md,187,### 1. 先给出可以站得住的结论,**到 1830 年，若有持续和平、开放航运、稳定海军预算和可用基地，法国有条件接近英国的主力舰体规模，并显著削弱英国在欧洲近海的绝对优势。**若海战长期持续、港口继续被封锁，即使多造船，实际差距也较难缩小。,有条件,M010,已关联具体缺陷，见问题主账
V064,02b_英国海权与和平_舰队海峡与帝国.md,193,### 2. 原模型的有用之处：让条件与结果同时出现,沿这条机制向1830年推算，可以比较两个条件分支。两者在 1815 年共享同一起点；“持续海战”假定训练受限制、战损继续；“武装和平”假定贸易与训练环境改善，但两国仍保留海军竞争。舰体数字中的小数是年度存量模型的计算值，不表示现实存在零点几艘船；正文判断应取约数。,判断,,本次核读未单列含混缺陷：可能为口径限定、已有排序、说明性文字或非结论；非史实/引注验收通过
V065,02b_英国海权与和平_舰队海峡与帝国.md,207,### 2. 原模型的有用之处：让条件与结果同时出现,原模型还要求法国每年向海军事业净补入约八千至一万二千人，其中每年形成或吸收四千至六千名合格人员。后者含新兵晋级与有经验商渔民转入，不能在前者之外再加一次；同一批人也不应同时算作陆军的新兵。这个流量尚未由完整个人履历序列校准，和平下能否实现，取决于商船规模、工资、死亡和被俘损失。,尚未、取决于,M006,已关联具体缺陷，见问题主账
V066,02b_英国海权与和平_舰队海峡与帝国.md,211,### 2. 原模型的有用之处：让条件与结果同时出现,所以，原来 1830 年持续海战下约 0.449、武装和平下约 0.876 的“效能比”，这里只保留为模型演示，不作为结论标题。若不乘训练系数，仅比较可动员舰的假定吨位，同年约为 0.628 与 0.899。持续海战的高低参数组合给出舰体吨位比约 0.552—0.926、加权效能比约 0.282—0.644；武装和平对应约 0.769—1.012、0.747—0.974。区间之宽本身就表明，结果由条件主导，而非已经测得。,结论,M010,已关联具体缺陷，见问题主账
V067,02b_英国海权与和平_舰队海峡与帝国.md,225,### 4. 舰队预算要和全帝国预算相容,长期模型曾以每年约 1.95 亿法郎为基准、1.70 亿至 2.20 亿为常用范围，并另试 2.20 亿至 2.60 亿的高投入情景。问题在于，和平分支后期约 132 艘舰体、接近十三万总人员的规模，未必还能由最初的 1.95 亿预算支撑。必须重新核算薪饷、维修、训练航次、巡航舰与基地费用。没有完成这种跨部门预算闭合之前，不能把高舰队规模与低财政负担同时列为既得好处。,未必,M006,已关联具体缺陷，见问题主账
V068,02b_英国海权与和平_舰队海峡与帝国.md,227,### 4. 舰队预算要和全帝国预算相容,"英国方面，1810、1812、1813 年相关海军拨款约为 1,897.5 万、1,930.6 万和 2,009.7 万英镑；1811 年不同汇总出现约 1,982.2 万与 2,027.6 万的差别，仍需对齐拨款、补充费用及会计年度。它们支持约两千万的战争量级，不支持在尚未对齐口径时宣称精确到个位数的成本差。",尚未,,本次核读未单列含混缺陷：可能为口径限定、已有排序、说明性文字或非结论；非史实/引注验收通过
V069,02b_英国海权与和平_舰队海峡与帝国.md,240,### 5. 封锁本身需要多大的英国舰队,这张表的重要用途是防止分母偷换：法国“一年内可动员六十艘”不等于同一天集中六十艘；英国“和平现役四十五至七十艘”也未必够同时封锁法国所有港口、维持地中海和海外任务。随着法国改善准备，英国更可能收缩某些远端活动、采用远距离监视，或增加编制，而不是永远维持 1805 年式的每港近封锁。,未必、更可能,M011,已关联具体缺陷，见问题主账
V070,02b_英国海权与和平_舰队海峡与帝国.md,252,### 6. 1848 年的竞争，已经走进机器时代,到 1848 年，煤站、锅炉维修、机器制造、螺旋桨设计、炮弹与舰体防护开始改变力量计算。早期蒸汽舰仍依赖帆装、续航与煤炭后勤，不能描写成后来的现代舰队。法国可以凭集中投资在某些技术上先行，英国则拥有较大的煤炭、机械与商船体系，能够迅速吸收创新。**最可信的判断不是法国必然追平，也不是英国优势永远不变，而是欧洲近海的优势更可争夺，全球持续部署仍偏向英国。**,判断,,本次核读未单列含混缺陷：可能为口径限定、已有排序、说明性文字或非结论；非史实/引注验收通过
V071,02b_英国海权与和平_舰队海峡与帝国.md,278,### 3. 一小时升帆，是集结之后的一小时,模型中所谓“登陆后第二日”，必须从第一批卸载开始计算，而不是从拿破仑在法国发出启航命令开始计算。否则法国一边被赠送了数天集结时间，英国一边却被假定尚未收到任何警报。,尚未,,本次核读未单列含混缺陷：可能为口径限定、已有排序、说明性文字或非结论；非史实/引注验收通过
V072,02b_英国海权与和平_舰队海峡与帝国.md,292,### 4. 英国会有多少兵赶到海岸,**因此，法国若在英国尚未充分集中兵力前，将四万至八万装备完整的老兵送上同一段海岸，确可造成极严重的战役危险。**英国庞大的登记数字不会自动抵消这一局部优势。1809 年瓦尔赫伦远征的严重疾病又提醒我们，英国同样可能在低地与港口战区损失大量有效兵员；海军把兵送到岸上，并不保证陆军能够健康、迅速地完成任务。这个反例应限制双方的乐观行动表，而不是被用来给法国远征免费增加战力。[陆海9]反过来，法国也不能假定英国所有部队都留在原驻地不动。,尚未,,本次核读未单列含混缺陷：可能为口径限定、已有排序、说明性文字或非结论；非史实/引注验收通过
V073,02b_英国海权与和平_舰队海峡与帝国.md,304,### 5. 警报、道路和车辆决定“援军”何时成为现实,这样的估算支持一个有限结论：先遣法军可能抢在远方英军之前形成局部优势，但要扩大到伦敦，仍在与英国内线交通、警报和补给体系赛跑。将预警设为零至十二小时、二十四至四十八小时、七十二小时以上，适合比较不同情报条件；它们不是已经统计出的英国预警概率。,结论,,本次核读未单列含混缺陷：可能为口径限定、已有排序、说明性文字或非结论；非史实/引注验收通过
V074,02b_英国海权与和平_舰队海峡与帝国.md,308,### 6. 防御工事不能提前从未来搬来,英格兰南岸约七十四座马尔泰洛塔主要建于 1805—1808 年，部分工程延至 1810 年；东岸约二十九座主要建于 1809—1812 年。皇家军事运河从 1804 年动工，约 1809 年完成、1810 年开放，长约二十八英里。1803 年的英国不能享用一条尚未建成的运河和后来才完备的炮塔线。[陆海5],尚未,,本次核读未单列含混缺陷：可能为口径限定、已有排序、说明性文字或非结论；非史实/引注验收通过
V075,02b_英国海权与和平_舰队海峡与帝国.md,320,### 7. 登陆成功以后，法国怎样吃饭,按登陆后形成力量的速度，可分四种规模讨论：二万人的登陆更接近可被围堵的突入；四万人构成取决于双方集中速度的关键规模；八万人若连同炮兵、骑兵及补给在两天左右有效形成，足以取得强大的局部优势；十二万人虽更强，也显著增加运输、饲料与占领负担。这组比较说明兵力、时间和补给怎样互相制约；规模扩大并不会按固定比例提高成功率。,取决于,,本次核读未单列含混缺陷：可能为口径限定、已有排序、说明性文字或非结论；非史实/引注验收通过
V076,02b_英国海权与和平_舰队海峡与帝国.md,324,### 8. 伦敦陷落，与英国行省化之间还有一场战争,乔治三世 1803 年 11 月致赫德的通信表示自己可能率军，王后与公主可前往伍斯特。福蒂斯丘也提到政府撤往该地的安排，但本次尚未取得相应原始执行命令。它们支持“首都受威胁时存在迁移考虑”，不支持完整内阁和国库已制定撤往加拿大的成熟计划。所谓银行已有三十辆运金车的说法，也未得到足够的原始凭据，不写成事实。[陆海7],尚未,,本次核读未单列含混缺陷：可能为口径限定、已有排序、说明性文字或非结论；非史实/引注验收通过
V077,02b_英国海权与和平_舰队海峡与帝国.md,334,### 8. 伦敦陷落，与英国行省化之间还有一场战争,**最终裁决：一次成功登陆可以是高风险迫和工具；把英国稳定行省化不是据现有能力可推荐的主线。**这一判断并非出于英国不可战胜的神话，而是因为跨海运输、战场胜利、政治合法性和全球帝国接管要同时成立，且法国为此会暴露大陆后方。,主线、判断,,本次核读未单列含混缺陷：可能为口径限定、已有排序、说明性文字或非结论；非史实/引注验收通过
V078,02b_英国海权与和平_舰队海峡与帝国.md,344,### 1. 爱尔兰人并未等在岸边，等待法国替他们决定未来,1803 年埃米特起义也暴露情报和组织问题。流亡者希望得到法国资源，法国依赖流亡者了解岛内，双方都有高估可动员力量的诱因；但不能因此宣称每名流亡者必然说谎，或任何时点的法国判断必然偏高。更可靠的做法是比较许诺、组织名册和实际行动。,判断,,本次核读未单列含混缺陷：可能为口径限定、已有排序、说明性文字或非结论；非史实/引注验收通过
V079,02b_英国海权与和平_舰队海峡与帝国.md,360,### 3. 科克的火药厂：本地补给的机会,法国进入爱尔兰后，补给未必只能来自海的另一边。当地已有一项值得争取、也会被英国竭力保护的军需资源。,未必,,本次核读未单列含混缺陷：可能为口径限定、已有排序、说明性文字或非结论；非史实/引注验收通过
V080,02b_英国海权与和平_舰队海峡与帝国.md,364,### 3. 科克的火药厂：本地补给的机会,这一发现不意味着法国一登陆便拥有充分弹药。工厂能否完整夺取、工人是否留任、原料和水力设施是否持续可用、成品怎样运到前线，都须另行判断；火药厂也不等于完整枪炮制造体系。但正确的推演已发生变化：**法国可以把夺取并维持科克周边军需设施作为一项有条件的补给方案，而不是从一开始就假定岛内供给为零。**英国也会相应加强守备、转移库存或破坏设备。,判断、有条件,,本次核读未单列含混缺陷：可能为口径限定、已有排序、说明性文字或非结论；非史实/引注验收通过
V081,02b_英国海权与和平_舰队海峡与帝国.md,370,### 4. 英国在爱尔兰的防御，既比名册复杂，也比纯粹占领更深,一项研究指出，1796—1798 年某一爱尔兰军力统计中的正规军比例仅约 5%—6%。这不能写成英国在全岛武装中只占二十分之一，剩下皆为地方义勇军。该文注释的补充分母主要是爱尔兰民兵、地方防卫团，以及 1798 年中至 1800 年中驻来的英格兰民兵；它不是把全部武装治安力量统一统计后的比例，也不能直接用于 1805 年。[爱4],不能写成英国在全岛武装中只占二十分之一，剩下皆为地方义勇军。该文注释的补充分母主要是爱尔兰民兵、地方防卫团，以及 1798 年中至 1800 年中驻来的英格兰民兵；它不是把全部武装治安力量统一统计后的比例，也不能,,本次核读未单列含混缺陷：可能为口径限定、已有排序、说明性文字或非结论；非史实/引注验收通过
V082,02b_英国海权与和平_舰队海峡与帝国.md,374,### 4. 英国在爱尔兰的防御，既比名册复杂，也比纯粹占领更深,1811 年民兵互调法允许在一定比例内让大不列颠与爱尔兰民兵相互服役，并有自愿转入的赏金安排；爱尔兰一侧约三分之一、大不列颠相应类别约二分之一的限制，又有入侵、叛乱等情形的例外。持续法国威胁不必使此种法律必然失败，也可能成为政府要求扩大调用的理由。具体效果取决于招募条件和政治妥协，而非单向推断。,取决于,,本次核读未单列含混缺陷：可能为口径限定、已有排序、说明性文字或非结论；非史实/引注验收通过
V083,02b_英国海权与和平_舰队海峡与帝国.md,384,### 5. 革命宣言保护财产，未许诺把地主土地分给穷人,这份文件直接切断了“法国胜利—全面土地再分配—贫困消失”的简化链条。某些拥英者的财产可能因政治没收而转手，教产也可能被出售；但如果购买依赖资金和政治关系，获益者更可能是有产支持者，而非无地劳工。即使法国扶植一个天主教优势的新精英集团，租佃、人口压力和食物购买能力仍可能继续恶化。,可能因政治没收而转手，教产也可能、更可能,,本次核读未单列含混缺陷：可能为口径限定、已有排序、说明性文字或非结论；非史实/引注验收通过
V084,02b_英国海权与和平_舰队海峡与帝国.md,406,### 7. 三种终局，哪一种更接近现有证据,**主线：爱尔兰继续属于联合王国，但成为英国必须以改革和军事实力共同维持的脆弱环节。**法国保留远征威胁，可迫使英国分兵，也可能增强争取天主教精英的动力；1807 年国王的抵制又说明，威胁不会自动带来立即解放。较早改革是一条可能路径，不是预定年份。,主线,,本次核读未单列含混缺陷：可能为口径限定、已有排序、说明性文字或非结论；非史实/引注验收通过
V085,02b_英国海权与和平_舰队海峡与帝国.md,408,### 7. 三种终局，哪一种更接近现有证据,**次线：法国成功支持一个爱尔兰国家，但更可能是受保护的王国或具有有限独立性的伙伴，而非容易管理的法国行省。**它需要本地合法性、教会与有产者合作、可持续税收及海上通道。若英国仍拥有海上优势，爱尔兰的安全、进口和移民均受制约；若法国又要求长期驻军与军事征发，最初的解放承诺可能变成新的从属关系。,更可能,,本次核读未单列含混缺陷：可能为口径限定、已有排序、说明性文字或非结论；非史实/引注验收通过
V086,02b_英国海权与和平_舰队海峡与帝国.md,420,### 8. 换一面国旗，是否就没有大饥荒,但反事实推演不能因此断言，所有世界都会在同一年、以完全同样强度发生饥荒。四十年间的土地制度、作物分布、人口、迁移、病害传播和贸易线路可能改变暴露程度。更准确的结论是：**若小块地和贫困结构大体延续，严重作物疫病仍会带来高度灾难风险；政权能否及时购买、运输、分配食物，并保持外迁通道，将影响死亡规模。**,结论,,本次核读未单列含混缺陷：可能为口径限定、已有排序、说明性文字或非结论；非史实/引注验收通过
V087,02b_英国海权与和平_舰队海峡与帝国.md,424,### 8. 换一面国旗，是否就没有大饥荒,外迁尤其重要。奥格拉达指出，迁移是一种粗糙的灾难救济：它使人离开食物与收入极度不足的地方，尽管航程本身也危险。持续英法战争若切断跨海季节劳动或北大西洋迁移，会使法国保护下的爱尔兰未必比英国统治下更安全。[爱10],未必,,本次核读未单列含混缺陷：可能为口径限定、已有排序、说明性文字或非结论；非史实/引注验收通过
V088,02b_英国海权与和平_舰队海峡与帝国.md,426,### 8. 换一面国旗，是否就没有大饥荒,因此，对爱尔兰最有价值的法国政策，未必是占领全岛，而可能是把宗教平等、有限自治与通商机会变成谈判压力。对一项追求长期欧洲秩序的战略而言，爱尔兰适合作为英国必须认真对待的政治问题，不适合作为一个无须支付军费与社会改革成本的反英基地。,未必,,本次核读未单列含混缺陷：可能为口径限定、已有排序、说明性文字或非结论；非史实/引注验收通过
V089,02b_英国海权与和平_舰队海峡与帝国.md,444,### 2. 1848 年的殖民地成本争论，告诉我们什么,这个估算是改革派论证的一部分，不是经过统一合并审计的帝国总账。其海军分摊尤其依赖判断，政府可以反驳：即使撤掉某殖民地，部分舰队任务仍要继续。当地人口“不超过五百万”的说法也没有完整覆盖原住民与被征服人口，不能沿用为帝国实际统治人口。,判断,,本次核读未单列含混缺陷：可能为口径限定、已有排序、说明性文字或非结论；非史实/引注验收通过
V090,02b_英国海权与和平_舰队海峡与帝国.md,462,### 4. 废奴不是种植园自动亏损的结果,德雷舍关于英国奴隶贸易与种植园经济的研究，反驳了以“已经无利可图”简单解释 1807 年废除奴隶贸易的说法。政治、宗教动员与战争环境具有独立作用。法国若继续在加勒比支持奴隶制，英国反奴隶贸易政策的道德和外交含义可能更加鲜明；但具体速度仍取决于国内联盟和国际局势。[帝4],取决于,,本次核读未单列含混缺陷：可能为口径限定、已有排序、说明性文字或非结论；非史实/引注验收通过
V091,02b_英国海权与和平_舰队海峡与帝国.md,488,### 6. 主权与港口使用权可以拆开谈,对法国而言，这提供了一种比“把英国逐出所有海洋”更现实的交易结构：承认部分英国核心据点，交换某些港口开放、中立化、补给平等和限制驻军。对英国而言，只要舰队仍有维修、淡水、粮食与补给通道，未必必须对每一个停泊地拥有完整主权。,未必,,本次核读未单列含混缺陷：可能为口径限定、已有排序、说明性文字或非结论；非史实/引注验收通过
V092,02b_英国海权与和平_舰队海峡与帝国.md,498,### 7. 一个法国胜利的世界，不会照搬真实的 1848 年殖民地图,| 区域或据点 | 对英国的主要作用 | 法国优势下较合理的判断 |,判断,,本次核读未单列含混缺陷：可能为口径限定、已有排序、说明性文字或非结论；非史实/引注验收通过
V093,02b_英国海权与和平_舰队海峡与帝国.md,500,### 7. 一个法国胜利的世界，不会照搬真实的 1848 年殖民地图,| 加拿大、百慕大 | 北大西洋基地、木材、殖民防务 | 较可能保留；地方自治与美英关系仍会演变 |,较可能,,本次核读未单列含混缺陷：可能为口径限定、已有排序、说明性文字或非结论；非史实/引注验收通过
V094,02b_英国海权与和平_舰队海峡与帝国.md,502,### 7. 一个法国胜利的世界，不会照搬真实的 1848 年殖民地图,| 圣赫勒拿 | 大西洋补给与通信 | 较可能保留；不应因真实历史的囚禁拿破仑用途才解释其价值 |,较可能,,本次核读未单列含混缺陷：可能为口径限定、已有排序、说明性文字或非结论；非史实/引注验收通过
V095,02b_英国海权与和平_舰队海峡与帝国.md,504,### 7. 一个法国胜利的世界，不会照搬真实的 1848 年殖民地图,| 锡兰 | 印度洋基地与商业 | 较可能继续经营；地方财政及政治反抗仍需支付成本 |,较可能,,本次核读未单列含混缺陷：可能为口径限定、已有排序、说明性文字或非结论；非史实/引注验收通过
V096,02b_英国海权与和平_舰队海峡与帝国.md,505,### 7. 一个法国胜利的世界，不会照搬真实的 1848 年殖民地图,| 马耳他、爱奥尼亚 | 地中海部署、地区政治 | 取决于和谈年份、盟国安排与替代基地，不宜预判全部归英或全部归法 |,取决于,M014,已关联具体缺陷，见问题主账
V097,02b_英国海权与和平_舰队海峡与帝国.md,507,### 7. 一个法国胜利的世界，不会照搬真实的 1848 年殖民地图,| 澳洲殖民地 | 流放、定居、羊毛与太平洋航路 | 较可能持续扩张；速度、土地占夺和财政安排并非固定 |,较可能,,本次核读未单列含混缺陷：可能为口径限定、已有排序、说明性文字或非结论；非史实/引注验收通过
V098,02b_英国海权与和平_舰队海峡与帝国.md,508,### 7. 一个法国胜利的世界，不会照搬真实的 1848 年殖民地图,| 新加坡 | 马六甲通道、印度—中国贸易 | 1819 年以后是否按真实方式建立，取决于荷兰、公司及区域统治者关系 |,取决于,M015,已关联具体缺陷，见问题主账
V099,02b_英国海权与和平_舰队海峡与帝国.md,520,### 8. 西属美洲：英国首先要的是入口，不一定是立即改旗,这一后来文件不能直接证明 1807 年英国已持完全相同政策。它揭示的是一种可延续的利益结构：伦敦希望防止一个敌对大国把整个西属美洲变成排他的贸易与海军体系。法国若帮助西班牙稳住美洲，同时容许一定开放贸易，英国未必必须为全面独立作战；法国若以保护为名建立排他帝国，则会同时刺激英国、美国和美洲地方精英。,未必,,本次核读未单列含混缺陷：可能为口径限定、已有排序、说明性文字或非结论；非史实/引注验收通过
V100,02b_英国海权与和平_舰队海峡与帝国.md,534,### 1807—1815：把议和窗口建立在具体承诺上,主线不是等待英国按财政模型破产，而是在不进攻葡萄牙、不废立西班牙王室、不持续扩张封锁边界的条件下，使英国更难为继续大陆战争找到有效且可信的伙伴。奥地利、俄国仍有自己的安全利益，法国仍须处理它们的疑惧；减少战争并不意味着它们自动永远合作。,主线,M009,已关联具体缺陷，见问题主账
V101,02b_英国海权与和平_舰队海峡与帝国.md,542,### 1815—1830：和平是法国海军最重要的训练场,若和平维持，法国可以将部分陆军资源转入海军，但不应同时维持最大大陆驻军、最高海军扩张和最低税负。造船、商船、职业海员与基地维修需要成套发展。英国则可能减少大陆陆军，保留较强舰队；海军竞争比实际历史更激烈，但总战争费用未必更高。,未必,M006,已关联具体缺陷，见问题主账
V102,02b_英国海权与和平_舰队海峡与帝国.md,544,### 1815—1830：和平是法国海军最重要的训练场,法国到 1830 年在舰体上接近英国，具有条件可行性；在每一个海区、每一种舰种和每一段航路上同时追平，则并无同样依据。若英国发现法国正把和平变为下一次入侵的准备，它会增加编制和寻找伙伴。维持和平要求法国海军成长与有限政治目标相配套。,有条件,M006；M011,已关联具体缺陷，见问题主账
V103,02b_英国海权与和平_舰队海峡与帝国.md,548,### 1830—1848：霸权经受的考试，从战列线转向工业与合法性,蒸汽推进和新炮术使单纯舰数比较逐渐失效。英国的煤炭、机器、造船市场与海外维修节点仍提供优势，法国则可通过集中投入形成技术和区域竞争。欧洲秩序能否长久，越来越取决于继承、宪制、商业互惠和地方认同，而非拿破仑个人是否还能亲自统率一次会战。,取决于,,本次核读未单列含混缺陷：可能为口径限定、已有排序、说明性文字或非结论；非史实/引注验收通过
V104,02b_英国海权与和平_舰队海峡与帝国.md,556,## 十、最终裁决：海峡不必消失，法国也可以赢,英国在这样的欧洲中，仍会是海上强国、工业中心和法国的外交竞争者。法国可能在 1830 年前后接近英国的主力舰体规模，在 1848 年前形成较强区域海权；英国全球航路与持续部署优势大体仍存。这个结论比“法国终将完全取代英国”狭窄，却更有历史支撑。,结论,M010,已关联具体缺陷，见问题主账
V105,03_大陆诸国.md,3,# 第四章　从莱茵河到涅瓦河：法国胜利之后，欧洲仍有别人的国家,**本章的判断是：法国可以成为大陆最强的裁判者，却很难同时成为所有国家的主人。** 俄国需要的是边界与贸易上的独立；奥地利需要保存王朝的核心领土；普鲁士需要一个不再随下一次争执而缩小的国家；南德诸王需要法国保护他们新取得的王冠与土地。能够容纳这些要求的秩序，比不断削弱每个伙伴的秩序更持久，也更接近拿破仑可以实际赢得的胜利。,判断,,本次核读未单列含混缺陷：可能为口径限定、已有排序、说明性文字或非结论；非史实/引注验收通过
V106,03_大陆诸国.md,5,# 第四章　从莱茵河到涅瓦河：法国胜利之后，欧洲仍有别人的国家,以下采用一个明确的主线：1807年提尔西特会议后，法国保住已经取得的西中欧优势，从此停止把每一项不完全服从都解释为下一次吞并的理由。1808—1814年的史实用于观察各国的能力与反应，不自动作为这个世界仍会发生的事件。尤其是1809年奥地利再战、1810年法奥联姻、1811年皇子出生、1812年俄国远征，都必须重新说明成立条件。胜利首先改变战争发生的机会；它并不让历史日期照常到来，只让胜负颠倒。,主线,,本次核读未单列含混缺陷：可能为口径限定、已有排序、说明性文字或非结论；非史实/引注验收通过
V107,03_大陆诸国.md,15,### 沙皇身后的贵族、商人和宫廷,联姻本身也不是一张由沙皇独自签发的支票。万达尔根据俄法外交材料叙述，保罗的遗命赋予皇太后对女儿婚姻的强大干预权；他用“真正的否决权”形容其实际作用。这里应保留法律文本尚未直接核对的限度：皇太后足以拖延乃至阻断俄婚，已经有外交行为支持；把它写成无可争议的成文宪法条款，则超过现有核验范围。俄婚需要长时间协调年龄、宗教、家族名誉和继承安排，远非拿破仑换一个更和善的求婚措辞便可完成。[1],尚未,,本次核读未单列含混缺陷：可能为口径限定、已有排序、说明性文字或非结论；非史实/引注验收通过
V108,03_大陆诸国.md,21,### 沙皇身后的贵族、商人和宫廷,波兰方面没有给出他所需的合作承诺。1812年4月1日，亚历山大承认此前来信没有给他足够成功希望，因而没有采取行动。这段往来最有力的结论不是俄国先发制人的计划“虚假”，而是它有条件：波兰转向、普鲁士走廊和军事机会要同时出现。法国维护一个有生存希望的波兰伙伴，确实能够提高俄国进攻的门槛；法国把波兰消耗至无以为继，则会为俄国提供另一种入口。,结论、有条件,,本次核读未单列含混缺陷：可能为口径限定、已有排序、说明性文字或非结论；非史实/引注验收通过
V109,03_大陆诸国.md,25,### 封锁没有给俄国装上一只必然破产的钟,封锁给俄国贵族造成严重利益冲突，却没有为法俄同盟设下一个三四年必到的破产期限。贸易资料显示，受损市场、保留通道和国家财政之间存在调节空间。要判断同盟能持续多久，应先看这些空间怎样被政策扩大或挤窄。,判断,,本次核读未单列含混缺陷：可能为口径限定、已有排序、说明性文字或非结论；非史实/引注验收通过
V110,03_大陆诸国.md,27,### 封锁没有给俄国装上一只必然破产的钟,"阿尔弗雷德·克罗斯比记载，喀琅施塔得与圣彼得堡到港船舶从1808年的60艘回升至1809年的376艘；同一叙述中的名义出口值从5,875,896卢布上升至20,314,406卢布。前者是港组船次，后者是尚未统一银币、纸币口径的名义价值。两者足以证明贸易早在1809年已经减压，却不宜换算成全国出口或地主净收入恢复了多少。[2]",尚未,,本次核读未单列含混缺陷：可能为口径限定、已有排序、说明性文字或非结论；非史实/引注验收通过
V111,03_大陆诸国.md,31,### 封锁没有给俄国装上一只必然破产的钟,这项纠正改变政策结论。英国市场很重要，但中立旗号、转口、许可证与执行松弛已经提供替代通道。法国越把封锁写成不可退让的政治忠诚考验，越容易把原本可以通过贸易调整的冲突变成主权争夺。,结论,,本次核读未单列含混缺陷：可能为口径限定、已有排序、说明性文字或非结论；非史实/引注验收通过
V112,03_大陆诸国.md,51,### 信用、港口与改革：法国还有比威胁更有用的工具,报告还说明，预期荷兰资本没有流入；荷兰被并吞、税负加重，促使部分投资者抽回在俄资金；汉堡遭遇征税和政治不确定性后，也缩减乃至停止授信。这是法国政策对俄国财政的负面外溢，不足以证明拿破仑有意设计了一场金融攻击。可是对反事实而言，它给出了一条实在的政策通道：法国若保护荷兰与汉堡的商业信用，可以同时缓和俄国的资金压力，而不必直接从巴黎国库大规模补贴沙皇。[23],不确定,,本次核读未单列含混缺陷：可能为口径限定、已有排序、说明性文字或非结论；非史实/引注验收通过
V113,03_大陆诸国.md,55,### 信用、港口与改革：法国还有比威胁更有用的工具,敖德萨则显示俄国并非只有波罗的海一个出口。赫利希刊出的海运出口名义卢布数，从1807年约33.6万、1810年约314.7万升至1811年约774.8万，1812年又降至约585.5万。币种与全国银值账尚未统一，不能相加为全国出口。俄土战争、粮食禁运、检疫、走私与中欧陆路转运都影响这些数字；它们不证明法国市场已接替英国，却证明不同港区有不同的恢复途径。[24],尚未,,本次核读未单列含混缺陷：可能为口径限定、已有排序、说明性文字或非结论；非史实/引注验收通过
V114,03_大陆诸国.md,59,### 信用、港口与改革：法国还有比威胁更有用的工具,交通仍限制这种转向。1840年代粮食运港多靠牛车，典型运输距离约150—300俄里，可能占用农户约四十天劳力；高价棉织品可以负担陆运费用，低值粮食和木材未必可以。1837年开通的皇村铁路全长约27公里，使用英比机车车辆和有外国经验的工程师，表明俄国能够选择性引进技术；它不等于1848年前已经建成一个把全国出口改道的铁路网。[24],未必,,本次核读未单列含混缺陷：可能为口径限定、已有排序、说明性文字或非结论；非史实/引注验收通过
V115,03_大陆诸国.md,71,### 和平的价格：让俄国重新强大,这里既有希望，也有一笔无法掩藏的代价。若法国避免了西班牙灾难，其军力更完整，俄方更有理由谨慎；但法国也更少受到迫使自己让步的压力。涅谢尔罗迭1811年的判断部分建立在半岛战争消耗法国这一背景之上，故不能把他当年的要价照搬为1807年即可成交的合同。,判断,,本次核读未单列含混缺陷：可能为口径限定、已有排序、说明性文字或非结论；非史实/引注验收通过
V116,03_大陆诸国.md,81,### 兵额首先是一个口径问题,正确的读法不是在几个总数中挑一个最大值。俄国必须同时守芬兰、高加索、黑海与多瑙河；纸面团营还包括病员、训练中的新兵、要塞分遣队和运输人员。法国的机会在于使俄军主力分散时遭到连续击败；俄国的优势则在于，只要干部和地方动员机构保存，前线损失未必意味着战争结束。,未必,,本次核读未单列含混缺陷：可能为口径限定、已有排序、说明性文字或非结论；非史实/引注验收通过
V117,03_大陆诸国.md,99,### “停在双河线”为什么仍是一场长战争,**军事上的结论有三个层次。** 第一，俄国可以在会战中被击败。第二，法国有可能迫使它在某一轮战争后接受不利和约。第三，要使俄国至1848年都无力改变欧洲均势，需长期破坏其自主动员、军工与外交，这已超过一次有限远征的能力。前两项不推出第三项。,结论,,本次核读未单列含混缺陷：可能为口径限定、已有排序、说明性文字或非结论；非史实/引注验收通过
V118,03_大陆诸国.md,107,### 到1848年：没有神圣同盟的俄国，仍有俄国的大国政治,长期的可信形态是：俄国在邻近战区仍很危险，在全欧投送上受财政和运输制约；逐步工业化会增强部分军工，农奴制和低效行政又会拖慢扩张。没有足够依据给它规定一个固定的八十万实有常备军，更没有理由把1850年代的技术落后机械提前到某一年。本章判断的是能力结构：**法国的东界应由缓冲国、外交互制与自己的军事实力守住，而不是以俄国永不恢复的假设守住。**,判断,,本次核读未单列含混缺陷：可能为口径限定、已有排序、说明性文字或非结论；非史实/引注验收通过
V119,03_大陆诸国.md,131,### 一份预算胜过一百句“波兰会支持法国”,"立陶宛的筹军经历使这个判断更具体。萨皮耶哈1812年7月27日直言，因为缺钱与物资，组织十四个团不现实；多数征募委员会到八月下半月才开始工作。七月十六日提出的五十万法郎拨款请求，八月二十四日获准，九月十三日才实际拨到。十二月初五个步兵团、四个骑兵团约12,500人，加入志愿队和其他编队的广义武装逾两万人；后者包含前者，不能再相加。这里缺少的不是“爱国热情”，而是现金、军官、衣服、枪械与时间。",判断,,本次核读未单列含混缺陷：可能为口径限定、已有排序、说明性文字或非结论；非史实/引注验收通过
V120,03_大陆诸国.md,190,### 较持久的法奥交易,主线若从1807年起克制，1809年战争较可能被推迟或避免，但并无必然性。英国的资助、维也纳的复仇期待、法军在其他战区的部署，仍会影响决策。若避免1809年，奥地利保住的领土与经济资源更多，法国对它的政治控制也更弱；若1809年仍打而法国再次取胜，法国可以选择条约修复、伊利里亚交换与有限军役。两条路径都能通向合作，却不可把前一条的和平收益与后一条的领土削弱同时算给法国。,主线、较可能,,本次核读未单列含混缺陷：可能为口径限定、已有排序、说明性文字或非结论；非史实/引注验收通过
V121,03_大陆诸国.md,200,### 到1848年，奥地利会向哪里生长,改革迟滞与民族政治也仍在。王朝若只保护地主，农民不满会累积；若全面攻击地方特权，又可能把各省精英推向联合反对。故到1848年前后，较可信的主线是保存王朝、扩大有限代表机制、处理农民义务；次选是多省同时危机而由军队与阶层重新结盟维持。法国可以提供外交支持，却必须面对一个逐渐恢复议价能力的伙伴。**奥地利越能长久合作，就越不是法国可以任意处置的省。**,主线,,本次核读未单列含混缺陷：可能为口径限定、已有排序、说明性文字或非结论；非史实/引注验收通过
V122,03_大陆诸国.md,222,### 改革不会自动等于1813年,"财政压力也不保证议会胜利。穆劳的研究给1806年末国债约5,350万塔勒，与克拉克转述的约3,500万口径不同；1820年约1.8亿有息债券，另有纸币与省债。两组1806年数字尚未在原账上统一，本章不据此计算增长率。1820年规定新借需等级代表同意，政府却又通过海上贸易公司等名义独立的金融渠道获得表外融资。国家可以在财政危机中作宪制让步，也可以创造绕开让步的办法。[12]",尚未,,本次核读未单列含混缺陷：可能为口径限定、已有排序、说明性文字或非结论；非史实/引注验收通过
V123,03_大陆诸国.md,226,### 普鲁士还会强于奥地利吗,答案取决于法国在何时、以何种领土格局赢得战争。,取决于,,本次核读未单列含混缺陷：可能为口径限定、已有排序、说明性文字或非结论；非史实/引注验收通过
V124,03_大陆诸国.md,228,### 普鲁士还会强于奥地利吗,**提尔西特后克制的主线，倾向于奥地利整体强于普鲁士。** 普鲁士失去1806年前的大量领土，又得不到1815年历史上的莱茵—威斯特法利亚扩张；奥地利若保存波希米亚、摩拉维亚、匈牙利和大部分加利西亚，在人口、财政深度与多战区养兵上更有优势。原工程为残余普鲁士推至1848年所得约620万—810万人口、常备约5.6万—9.7万人，是设定净增长和动员率的规划区间，不能当作观测预测。,主线,,本次核读未单列含混缺陷：可能为口径限定、已有排序、说明性文字或非结论；非史实/引注验收通过
V125,03_大陆诸国.md,248,### 王冠与土地，比民族口号更能解释忠诚,这种交换并非只有抽象的王朝名誉。巴伐利亚人口随领土扩张由1799年约190万增至1806年约320万，1808年约345万；增长主要来自边界，不是短期自然繁殖。拜罗伊特的交易又涉及数千万货币单位：巴伐利亚历史门户列2300万法郎，韦斯的研究注释另列自1808年起支付2000万盾。币种与约定、实付范围尚未对齐，不能拿一个汇率把二者宣布相等。共同的事实是，法国可以出售领土并绑定伙伴，却也使受益国担上接近一整年收入量级的重大负担。[15],尚未,,本次核读未单列含混缺陷：可能为口径限定、已有排序、说明性文字或非结论；非史实/引注验收通过
V126,03_大陆诸国.md,280,### 同一邦联里，几种完全不同的国家,法兰克福在达尔贝格主持下也引入新制度，却缺少足以强迫南德诸王接受邦联中央机构的力量。它的法定兵额约2800，研究所说近7000为累计供兵；梅克伦堡两邦法定配额约2300，另有1812年实际出兵约1700的后出资料，两者不属同一时点的全国军籍。这里保留数字的尺度，不把小邦承诺加总成始终在营的大军。,缺少足以强迫南德诸王接受邦联中央机构的力量。它的法定兵额约2800，研究所说近7000为累计供兵；梅克伦堡两邦法定配额约2300，另有1812年实际出兵约1700的后出资料,,本次核读未单列含混缺陷：可能为口径限定、已有排序、说明性文字或非结论；非史实/引注验收通过
V127,03_大陆诸国.md,282,### 同一邦联里，几种完全不同的国家,梅克伦堡更表明，法国霸权不自动带来社会革命。公爵借主权概念削弱等级会议部分税收特权，但1755年等级制度的许多结构继续存在，农奴身份直到1820年才废除。法国需要的是服从与军役时，完全可能容忍这种旧制度。制度传播的速度取决于各邦统治联盟，而不是地图上统一涂色的速度。[13],取决于,,本次核读未单列含混缺陷：可能为口径限定、已有排序、说明性文字或非结论；非史实/引注验收通过
V128,03_大陆诸国.md,298,### 汉堡：征税什么时候变成毁坏税源,"1813年法国向汉堡课以4,800万法郎惩罚性摊派，拘押富商，没收汉堡银行约7,489,343马克·班科白银，驱逐缺少存粮的居民并毁坏郊区。这些措施发生于军事危机，不能当作1807年后和平主线的必然日常；但它们显示，当控制受到挑战时，帝国会如何动用一座商业城市。[18]",主线,,本次核读未单列含混缺陷：可能为口径限定、已有排序、说明性文字或非结论；非史实/引注验收通过
V129,03_大陆诸国.md,312,### 荷兰：成熟金融社会不是可随意削减的年金账,"史实约15,000人的常驻法军可以压住西荷兰；1813年撤军以后，统治很快瓦解。这不能证明任何软化政策下荷兰永久净亏，也不能证明镇压在所有未来局势都必然成功。它证明的是，**以削债、强征和封锁为核心目的的兼并，会不断制造需要驻军维持的成本。** 如果法国愿意保护债权、降低征兵、容许中立贸易，政治整合可以改善；但这些让步正是重新接近一个有自主性的荷兰伙伴。",不能证明任何软化政策下荷兰永久净亏，也不能,,本次核读未单列含混缺陷：可能为口径限定、已有排序、说明性文字或非结论；非史实/引注验收通过
V130,03_大陆诸国.md,314,### 荷兰：成熟金融社会不是可随意削减的年金账,主线从1807年止步，便不应预设路易1810年仍被废黜、荷兰仍按史实削债。更好的选择是让王国保持本国财政和商业谈判能力，以防务、船厂合作与有限海关承诺换其效忠。法国还须接受殖民地和全球航运并非随着欧洲王位归属自动回归巴黎。,主线,,本次核读未单列含混缺陷：可能为口径限定、已有排序、说明性文字或非结论；非史实/引注验收通过
V131,03_大陆诸国.md,320,### 瑞士：不吞并，反而已经得到许多,"条约兵额不是法国随时可以在瑞士抽取的16,000人，补充营与实际招募也须分别看；但其结构十分重要：兵员成为有条件、付费的国家间合作，不是法国省的征兵义务。瑞士自己的联邦军额15,203人、年度联邦经费490,507瑞郎等，属于调停法定额；它们说明共同机构较薄，不意味着各州所有财政和防务开支只有这一点。",有条件,,本次核读未单列含混缺陷：可能为口径限定、已有排序、说明性文字或非结论；非史实/引注验收通过
V132,03_大陆诸国.md,324,### 瑞士：不吞并，反而已经得到许多,瑞士最有力的长期启示不在“山地必使法国失败”，而在可达目标的选择：在不取消地方共同体的情况下，法国已经能得到交通安全、兵员、边境稳定和排除敌对基地。继续向主权和税兵伸手，收益未必覆盖新敌意。1847年独立同盟战争及1848年联邦宪法可以用来说明地方制度也会自我改革，却不应把具体日期、死伤和结局原封不动搬入法国胜利的时间线。,未必,,本次核读未单列含混缺陷：可能为口径限定、已有排序、说明性文字或非结论；非史实/引注验收通过
V133,03_大陆诸国.md,334,### 波罗的海不是一道落闸即闭的门,法国若要把瑞典西海岸、俄国港口与海峡同时严密封闭，需要海上优势、沿岸军力和当地合作恰好同时存在。拿破仑实际拥有的往往只是其中一两项。因而有泄漏的封锁是结构事实，未必是再换一个更严厉总督便能解决的纪律问题。,未必,,本次核读未单列含混缺陷：可能为口径限定、已有排序、说明性文字或非结论；非史实/引注验收通过
V134,03_大陆诸国.md,342,### 丹麦的忠诚为何越来越昂贵,所以，较优的北欧政策不是再添一份严格通牒，而是许可粮食与中立贸易，降低对瑞典名义参战的实际要求，把丹麦需要的生存通道从忠诚考核中剥离。主线若1807年以后即转向此法，既不能保证哥本哈根袭击一定避免，也不必让1813年的金融崩溃与1814年的领土转让照常发生；应保留英国的独立决策，以及丹麦获得和平减压的可能。,主线、既不,,本次核读未单列含混缺陷：可能为口径限定、已有排序、说明性文字或非结论；非史实/引注验收通过
V135,03_大陆诸国.md,352,### 贝尔纳多特要挪威，不只是要回芬兰,法国胜利世界的优先判断是：如果丹麦未遭史实1813年的军事崩溃，丹挪联合继续存在、同时挪威要求更大自治，较整套照搬基尔安排可信。瑞挪联合仍是条件备选，须以法国改换伙伴、丹麦战败或补偿协议成立为前提；完全独立缓冲国也有逻辑空间，但需要列强同时接受，证据较弱。,判断,,本次核读未单列含混缺陷：可能为口径限定、已有排序、说明性文字或非结论；非史实/引注验收通过
V136,03_大陆诸国.md,358,### 芬兰提供的不是免费模板,芬兰模式说明，保留制度、优待精英和低度汲取可以减轻统治成本；它不证明征服者可同时大幅抽税征兵而得到相同忠诚。法国若欲复制，须愿意为安全付钱而非从新领土赚钱。主线虽然允许芬兰战争仍有可能发生，却不把它视为必然；一旦1809式安排成立，俄国有充分理由维持，而法国没有值得再开大战将之推翻的净利益。,主线,,本次核读未单列含混缺陷：可能为口径限定、已有排序、说明性文字或非结论；非史实/引注验收通过
V137,03_大陆诸国.md,366,## 九、大陆秩序的最后形状,**因此，对“整个欧洲行省化”的回答应直截了当：局部扩展有现实路径，全大陆长期直接统治没有得到相称的行政、财政与政治条件支持；最有可能成功的法国霸权，必须把一部分主权留给被它领导的国家。** 这是一项有内容的否定：它不是说欧洲拒绝一切法国制度，而是说很多制度只有在本国国家仍然存在时，才更容易获得接受。,最有可能,,本次核读未单列含混缺陷：可能为口径限定、已有排序、说明性文字或非结论；非史实/引注验收通过
V138,04_西班牙与意大利.md,3,# 第五章　不要让盟国变成战场：伊比利亚、意大利与罗马,**法国最值得保住的，不是又一顶放在兄弟头上的王冠，而是一个不必由法国士兵维持的西班牙；意大利最有前景的，也不是所有小邦永远冻结，而是几个具有本国行政、财政和合法继承的较大国家。** 两个判断合在一起，才构成一个可持续的地中海秩序。,判断,,本次核读未单列含混缺陷：可能为口径限定、已有排序、说明性文字或非结论；非史实/引注验收通过
V139,04_西班牙与意大利.md,5,# 第五章　不要让盟国变成战场：伊比利亚、意大利与罗马,本章仍以1807年七月后的停止扩张为主线。因此，葡萄牙瓜分、法军大规模穿越西班牙、巴约讷废立、约瑟夫迁往马德里、缪拉继位那不勒斯，都不是预先写好的下一幕。1808年以后实际发生的事情，是检验制度、利益和战争成本的证据，不是另一个世界必须逐项重演的年表。,主线,,本次核读未单列含混缺陷：可能为口径限定、已有排序、说明性文字或非结论；非史实/引注验收通过
V140,04_西班牙与意大利.md,13,### 在国王还没有消失的时候,法国同西班牙从1796年结盟，到1808年危机爆发，已经合作约十二年。这并不意味着民众热爱法国，或戈多伊政府拥有稳固威望；它意味着反法战争并非同盟存在本身的必然后果。把1808年的抵抗向前投射，断言西班牙人天生拒绝一切法国影响，会抹掉这十二年，也会误判拿破仑尚未毁掉的政治资产。,尚未,,本次核读未单列含混缺陷：可能为口径限定、已有排序、说明性文字或非结论；非史实/引注验收通过
V141,04_西班牙与意大利.md,19,### 在国王还没有消失的时候,主线因此不应写成“1808年费尔南多照常即位，然后自动成为法国支持的立宪国王”。阿兰胡埃斯政变同法军深入、西班牙王室对迁往南方乃至美洲的考虑、戈多伊的声誉危机紧密相连。取消军事侵入，就改变了这些诱因。查理四世可能继续在位，父子之间也可能通过退位、婚姻或大臣更替重新安排权力；费尔南多最后继位仍很合理，但月份、程序和条件不再固定。,主线、可能继续在位，父子之间也可能,,本次核读未单列含混缺陷：可能为口径限定、已有排序、说明性文字或非结论；非史实/引注验收通过
V142,04_西班牙与意大利.md,51,### 一个有一千多万人口的王国，为何仍然缺钱,西班牙答应的对法补贴有每月600万法郎、全年名义7200万法郎的口径。不同文献在换算为西班牙货币、计入旧欠和实际支付时并不一致。这里保留承诺与实收的区别，不用一个整齐的汇率掩平差额。政策结论已经足够明确：法国从西班牙取得的边际现金，很可能以西班牙信用进一步恶化为代价。,结论,,本次核读未单列含混缺陷：可能为口径限定、已有排序、说明性文字或非结论；非史实/引注验收通过
V143,04_西班牙与意大利.md,69,### 教会财产不是没有后果的现金箱,1798年以后的教会及慈善财产处置，确实提供了大额收入；本土累计售产的估计约13亿至16.5亿里亚尔，取决于时段与统计范围。美洲的债务集中清收则约1540.2万比索，其中新西班牙约1032.2万，占约三分之二。卡洛斯·马里查尔指出，相关美洲收入中约88%来自资本召回，约12%才来自地产出售。[4],取决于,,本次核读未单列含混缺陷：可能为口径限定、已有排序、说明性文字或非结论；非史实/引注验收通过
V144,04_西班牙与意大利.md,75,### 教会财产不是没有后果的现金箱,在没有废王战争的主线中，最合算的财政交换不是再多征一项补贴，而是减少固定的对法负担，以贸易许可、护航协调和本土税务整顿换取稳定同盟。这样得到的法国利益，未必表现为更大一笔当年国库收入；它表现为少养几十万占领军、少损耗一条漫长的交通线，并留下一个仍能筹款、造船和协商殖民改革的伙伴。,主线、未必,,本次核读未单列含混缺陷：可能为口径限定、已有排序、说明性文字或非结论；非史实/引注验收通过
V145,04_西班牙与意大利.md,83,### 教士到底有多少：一个可以解决的统计缺口,"1797年普查原表列出的俗界、男性修院、女性修院三项机构人口为91,538、61,337、31,400，机械相加是184,275；它同卡拉汉的广义总数仍有分类或汇总上的差别。因此本章采用卡拉汉已明确解释的调整数，同时保留原表的分类问题，不强行把两套广义总数说成已经完全对齐。**可以下的结论是：约14.84万宗教人员的调整估计，比不加区别的“二十万神父”更适合讨论社会力量；精确到个位的全国实有人数，则并未因此获得现代统计意义上的保证。**",结论,,本次核读未单列含混缺陷：可能为口径限定、已有排序、说明性文字或非结论；非史实/引注验收通过
V146,04_西班牙与意大利.md,105,### 抵抗不是神话，但也不是单一的民族意志,这些分歧不宜被压成一个作者替另一个作者作证的引文串。共同的最低结论是：抵抗使法军补给、治安和士气受到长期压力，但法国的最终退出还依赖正规会战、英国军队与1812年后欧洲总体军力变化。由此不能推出“只要拿破仑不进俄国，西班牙抵抗便在某年自动消失”；能推出的是，没有王朝危机与大规模征发，1808式全国战争的条件显著减弱。,结论,,本次核读未单列含混缺陷：可能为口径限定、已有排序、说明性文字或非结论；非史实/引注验收通过
V147,04_西班牙与意大利.md,131,### 王朝结局：最可能是波旁改革，不是法国制造的共和国,在本书主线里，西班牙最可能保留波旁王朝。法国可以要求更可靠的内阁、财政透明度、军事协约和一定的行政改革，却缺乏把共和国强加给西班牙的动机。拿破仑自己的欧洲安排已经转向王朝、贵族和等级秩序；主动输出共和国，既会削弱他用来维持同盟的王朝合法性，也会制造一个未必顺从巴黎的政治动员中心。,主线、最可能、未必,,本次核读未单列含混缺陷：可能为口径限定、已有排序、说明性文字或非结论；非史实/引注验收通过
V148,04_西班牙与意大利.md,133,### 王朝结局：最可能是波旁改革，不是法国制造的共和国,**第一顺位的结果，是波旁君主制下的有限改革；第二顺位，是财政危机与精英协商推动的某种宪政化；波拿巴王朝则需要重新走上废立和占领道路，因而退出最优主线。** 共和国不是逻辑上被禁止，而是缺乏当时支持它的王权崩解、组织联盟与法国政策意愿，故不宜列为最可能终点。,主线、最可能,M016,已关联具体缺陷，见问题主账
V149,04_西班牙与意大利.md,137,### 王朝结局：最可能是波旁改革，不是法国制造的共和国,1812年加的斯宪法尤其不能直接搬进这个世界。它产生于王位真空、战争、代表制重建及美洲主权争议。没有1808年危机，西班牙仍可能走向宪政，却未必采用同样的单院结构、同样的国民主权表述，也未必把君主同革命议会置于相同的对立位置。较可信的法国政策，是支持渐进的财政代表与法律保障，而不是指定一部尚未在该情境中产生的宪法。,未必、尚未,M016,已关联具体缺陷，见问题主账
V150,04_西班牙与意大利.md,139,### 王朝结局：最可能是波旁改革，不是法国制造的共和国,对1820年亦应如此。欠饷、为美洲战争集结的军队、军官网络和复辟后的政治压抑，共同促成了里埃戈起义。删去半岛战争与原样的殖民战争，就删去部分触发条件。西班牙在1815—1830年仍有财政和军队干政风险，但“1820年必然革命”不是从现有证据推出的结论。约瑟普·丰塔纳所讨论的1815年收入3.5亿、支出8.5亿、债务120亿里亚尔，又是埃斯科伊基斯的当时估计，作者本人对其可靠性有保留；更不能把战后破坏后的数字当作没有战争的西班牙预算。[8],结论,,本次核读未单列含混缺陷：可能为口径限定、已有排序、说明性文字或非结论；非史实/引注验收通过
V151,04_西班牙与意大利.md,143,### 王朝结局：最可能是波旁改革，不是法国制造的共和国,在实际战争中，政府军到1837年超过二十万人，又有民兵和约一万八千名外国志愿者参与自由派一方；这些是持续战争后的动员结果，不是1807年西班牙已有的现成国家能力。法国胜利世界未必发生同一继承争端，却仍会面对一个选择：改革若只帮助大土地购买者，会制造地方反抗；完全冻结税制和产权，又会延长财政危机。可以降低冲突的不是只给堂区神父发工资，而是把教会保障、地方代表、产权争议和军饷一起处理。,未必,M017,已关联具体缺陷，见问题主账
V152,04_西班牙与意大利.md,153,### 小国的中立，也是大国的一种收益,拿破仑若决定1807年后停止扩张，保留这类付费中立或经修改的港口协定，并不等于接受一个毫无约束的英国基地。可以谈判军舰停留、军需转运、港口检查和特定货物的规则。它要求法国承认，摧毁英国在每一个港口的商业存在，未必比避免整条伊比利亚战线更重要。,未必,,本次核读未单列含混缺陷：可能为口径限定、已有排序、说明性文字或非结论；非史实/引注验收通过
V153,04_西班牙与意大利.md,155,### 小国的中立，也是大国的一种收益,原来的瓜分方案常被写成一个能够执行到最后的奖品清单。其实，葡萄牙最大的可征税收益来自跨洋流量：巴西商品、里斯本转口与关税。占领海港能取得仓库和一时的征发，却未必取得下一批船货。法国若迫使王室、船队与商人离开，就会同时赶走准备征收的税基。,未必,,本次核读未单列含混缺陷：可能为口径限定、已有排序、说明性文字或非结论；非史实/引注验收通过
V154,04_西班牙与意大利.md,161,### 王室渡海，是法国压力与英国海军共同塑造的事件,这个事件支持一个坚实判断：**法国在葡萄牙陆上获胜，并不等于捕获布拉干萨王朝及其帝国。** 它也提醒反事实写作者：若主线没有入侵，便不应继续照搬王室迁里约、1808年开放巴西港口、1810年英葡商约，以及1822年佩德罗建立独立巴西帝国的原样序列。,判断、主线,,本次核读未单列含混缺陷：可能为口径限定、已有排序、说明性文字或非结论；非史实/引注验收通过
V155,04_西班牙与意大利.md,163,### 王室渡海，是法国压力与英国海军共同塑造的事件,移民宫廷确实使里约成为政治中心，也帮助巴西在独立时保存王朝和较大的领土完整。然而，那是王朝迁移造成的特定路径，不是所有法国胜利世界共有的结局。没有迁移，葡萄牙本土继续从殖民贸易得利的时间可能更长；巴西地方精英的压力则更多指向垄断、官职与税负，未来独立的形式可能更分散，也可能经过一次迟来的王朝调整。其方向可以讨论，年份与国号没有足够理由预填。[10],可能更长；巴西地方精英的压力则更多指向垄断、官职与税负，未来独立的形式可能更分散，也可能,,本次核读未单列含混缺陷：可能为口径限定、已有排序、说明性文字或非结论；非史实/引注验收通过
V156,04_西班牙与意大利.md,193,### 兵役可以制造国家，也可以消耗国家,1802—1814年，意大利王国累计征集约15.5万人；1812年军队约七万人，参加俄国远征约2.7万人，返归者约千人。它们是整个实际战争时期的累计及特定时点数字，不是1807年以后和平主线仍须承担的命运。保留这些数字的意义，是显示法国一旦继续进行远征，会从盟国抽走多大一批受过训练的青年。[12],主线,,本次核读未单列含混缺陷：可能为口径限定、已有排序、说明性文字或非结论；非史实/引注验收通过
V157,04_西班牙与意大利.md,199,### 兵役可以制造国家，也可以消耗国家,1809年威尼托的反抗包含恢复威尼斯的诉求；艾米利亚、罗马涅的骚动又同磨粉税关系密切。这些不是一种整齐的民族主义。它们分别反映地方记忆、消费税压力和宗教关系。现有材料对磨粉税最后是撤销还是局部减轻的表述不同，因此正文采用稳妥而明确的结论：税务退让参与了恢复秩序；不把未经统一核定的税率变化说成全国一致的制度。[12],结论,,本次核读未单列含混缺陷：可能为口径限定、已有排序、说明性文字或非结论；非史实/引注验收通过
V158,04_西班牙与意大利.md,205,### “法国优先”怎样损伤一个亲法国家,法国约占意大利对外贸易的一半，说明双方经济联系深，不说明利益总是一致。意大利原料生产者、法国丝织厂、米兰商人和消费者，对同一项禁令会有不同反应。把共同帝国写成一个没有内部壁垒、各地平等受益的市场，既不符合意大利经验，也不符合荷兰和汉萨地区的经验。,既不,,本次核读未单列含混缺陷：可能为口径限定、已有排序、说明性文字或非结论；非史实/引注验收通过
V159,04_西班牙与意大利.md,215,### 亚得里亚海一侧，也有不同的法国统治,它同马尔蒙的军事指挥之间的摩擦，又显示一项常见问题：民政要稳定税源和获得居民合作，军事当局要立即取得道路、粮食和人力。把所有法国人员写成同一种意志，会把实际治理的冲突删掉。1809年伊利里亚行省的设立依赖新的对奥战争；主线若避免这场战争，就保留达尔马提亚的既有安排与改革可能，而不凭空取得全部后来并合的海岸。[12],主线,,本次核读未单列含混缺陷：可能为口径限定、已有排序、说明性文字或非结论；非史实/引注验收通过
V160,04_西班牙与意大利.md,225,### 三份法律，不是一项统一意大利计划,这不是立即生效的两国分离，也不是“拿破仑去世，长子自动兼并全意大利”。它有明确的战略前提，并把未来的分冠当作建立附属王朝的方式。条件中还包括英国控制的马耳他，执行并非只取决于巴黎的一道命令。,取决于,,本次核读未单列含混缺陷：可能为口径限定、已有排序、说明性文字或非结论；非史实/引注验收通过
V161,04_西班牙与意大利.md,255,### 最可信的意大利终局,本书主线在1807年后停止扩张，不必发生1809年法奥战争，亦不必发生1810年与玛丽·路易丝的婚姻；因此1811年那位历史上的“罗马王”是否出生，本身已有条件。即使拿破仑后来仍获亲生儿子，他给儿子安排王冠的意愿也只能从制度与政策推测，不能以实际出生日期倒推一切必然发生。,主线、有条件,,本次核读未单列含混缺陷：可能为口径限定、已有排序、说明性文字或非结论；非史实/引注验收通过
V162,04_西班牙与意大利.md,257,### 最可信的意大利终局,可以给出的结论有清楚的次序。**最可行的是保存一个较大的北意大利王国与一个独立运作、受法国领导的那不勒斯王国，同时同教皇达成保留其核心世俗地位的安排。** 皮埃蒙特1802年、利古里亚1805年已被并入法国，属于1807年起点的既成困难；托斯卡纳1808年、教皇国1809年的吞并则不自动继续。意大利不会回到旧时代每一个小邦原封不动的拼图，但也不必成为一个国家。,结论,,本次核读未单列含混缺陷：可能为口径限定、已有排序、说明性文字或非结论；非史实/引注验收通过
V163,04_西班牙与意大利.md,261,### 最可信的意大利终局,到十九世纪三四十年代，较大的意大利国家可能积累更多本地官僚、军官、教育和市场联系，使统一诉求比旧制度时期更有组织基础。但这个过程也可能要求摆脱巴黎。法国创造现代化伙伴与法国永久垄断伙伴主权，并不是同一件事。,可能积累更多本地官僚、军官、教育和市场联系，使统一诉求比旧制度时期更有组织基础。但这个过程也可能,,本次核读未单列含混缺陷：可能为口径限定、已有排序、说明性文字或非结论；非史实/引注验收通过
V164,04_西班牙与意大利.md,267,### 不把缪拉自动送上王位,约瑟夫在1806年成为那不勒斯国王。若法国不废黜西班牙波旁王朝，就没有必要按史实把约瑟夫转往马德里，因而也没有理由把缪拉1808年即位写成主线必经步骤。,主线,,本次核读未单列含混缺陷：可能为口径限定、已有排序、说明性文字或非结论；非史实/引注验收通过
V165,04_西班牙与意大利.md,273,### 废除封建，不等于把土地交给农民,1806年八月废除封建制度，1807—1810年封建事务委员会处理纠纷，消除了领主的一部分司法和身份性权力。与此同时，许多原领主保留了被确认为私人财产的土地。农民对公地、放牧、林木和水源的使用，与大地主的新产权发生冲突。改革使法律关系更统一，却未必满足农民最直接的土地要求。[20],未必,,本次核读未单列含混缺陷：可能为口径限定、已有排序、说明性文字或非结论；非史实/引注验收通过
V166,04_西班牙与意大利.md,285,### 收入增长，为什么仍没有盈余,1813年军费预算约5700万里拉，单这一项已等于1808年的全部收入。1812年阿加尔—莫斯堡报告说军费约占总预算80%；格拉布的概括另有约70%的说法。二者不必都错，但统计边界尚未统一，正文不把任何一项推广为1806—1814年恒定比例。已经充分成立的结论是：新增财政能力被军事需求大量吸收。,尚未、结论,,本次核读未单列含混缺陷：可能为口径限定、已有排序、说明性文字或非结论；非史实/引注验收通过
V167,04_西班牙与意大利.md,301,### 一个本地化的国王，为什么会同巴黎冲突,稳定的方案因此相当明确：限制法国驻军数量及费用，停止无限的境外供兵要求，允许可征税的贸易，保留本国官员和王室的政策空间。这样那不勒斯更可能成为法国秩序的支柱。若继续用并省威胁迫它履约，法国反而会把自己需要的王国推向其他保护人。,更可能,M017,已关联具体缺陷，见问题主账
V168,04_西班牙与意大利.md,315,### 卡拉布里亚：镇压不是一笔只有军费的账,可保留的结论仍然有力：镇压曾需要与有限土地税现金规模很不相称的军力，财政净收益须扣除军费、征发、社会破坏与中央补助后另算；1812年反抗再起，也证明军事肃清不等于永久政治整合。我们已经有足够证据否定自动盈利的行省化，却没有理由伪造一个精确亏损率。,结论,,本次核读未单列含混缺陷：可能为口径限定、已有排序、说明性文字或非结论；非史实/引注验收通过
V169,04_西班牙与意大利.md,329,### 西西里不是一条窄海峡就能跨过的障碍,拿破仑在得知成功希望很小后，仍允许准备继续，目的包括迫使英国从伊比利亚抽不出兵。英国也确实一度暂停从西西里调兵并调整舰队。这个例子不能被简化为“远征完全没有战略效果”；它取得了牵制，却没有夺岛，同时耗费那不勒斯自身资源。在没有半岛大战的主线中，这种牵制的收益还会变小，更无须把侵岛列为例行任务。,主线,,本次核读未单列含混缺陷：可能为口径限定、已有排序、说明性文字或非结论；非史实/引注验收通过
V170,04_西班牙与意大利.md,335,### 岛屿宪法与大陆革命，不是同一个故事,驻军消费和货币流入使某些地主与商人受益，却也推高物价；工资与贫民生活未必同步改善。英国撤军后需求下降，又暴露这种战争繁荣的脆弱。西西里被用来讨论法属南意大利时，应把本地社会写进来，而不只保留英国舰队和波旁国王。,未必,,本次核读未单列含混缺陷：可能为口径限定、已有排序、说明性文字或非结论；非史实/引注验收通过
V171,04_西班牙与意大利.md,365,### 枫丹白露协定为什么不是最后一纸胜利,1811年主教会议显示，法国多数主教既不愿轻易同教皇决裂，也未必支持全面对抗皇帝。拿破仑通过压力取得部分让步，教皇又撤回先前同意。双方不断接近一个行政妥协，又被是否自由同意、是否损害教廷权利的问题拉开。,既不、未必,,本次核读未单列含混缺陷：可能为口径限定、已有排序、说明性文字或非结论；非史实/引注验收通过
V172,04_西班牙与意大利.md,373,### 枫丹白露协定为什么不是最后一纸胜利,也不应反过来神化教廷，断言它在任何压力下都不可能妥协。1801年协定、1808年港口安排和1813年讨论本身，已经证明妥协不断发生。真正的结论是：**能够持久的协议，要给教皇留下可公开辩护的宗教权威和制度地位；单凭拘禁取得的签字，很难代替它们。**,结论,M017,已关联具体缺陷，见问题主账
V173,04_西班牙与意大利.md,387,## 七、把这些国家放回同一张地图,西班牙保留波旁王朝，法国通过同盟与财政—军事协议施加影响；改革和宪政存在空间，却不预订1812年宪法或1820年起义。葡萄牙维持有条件的中立，英国继续拥有商业影响，但少了一场把整个国家改造成英军基地的战争。巴西因此不自动成为逃亡宫廷的中心，其王朝与独立路线另待条件展开。,有条件,M018,已关联具体缺陷，见问题主账
V174,04_西班牙与意大利.md,399,### 最稳的王朝安排，是让法国皇储少戴一顶王冠,这需要主动修改既有继承条件。拿破仑必须承认，即使后来有亲生男性后嗣，也不因此撤销欧仁已经取得的意大利权利；并且要妥善处理1805年分冠条文中的外军撤出条件。如此，法国皇储继位时便不必同时争夺米兰与巴黎的忠诚。所谓“罗马王统一中南意大利”，未必是对这位继承人最有利的安排：给他更多尚未解决的王冠，可能只是给下一代增加更多需要重新谈判的国家。,未必、尚未,M032,已关联具体缺陷，见问题主账
V175,04_西班牙与意大利.md,403,### 最稳的王朝安排，是让法国皇储少戴一顶王冠,这是一项有意区别于皇帝实际偏好的政策判断。其依据是前述1805—1806年宪制与授封文书、欧仁的治理基础以及1810年继承协商，而不是一份已经存在的统一意大利蓝图。[15][16]若拿破仑坚持每顶王冠都随亲生子女出生重新分配，地方精英便会一直等待下一场继承争夺，帝国也就难以积累信任。,判断,,本次核读未单列含混缺陷：可能为口径限定、已有排序、说明性文字或非结论；非史实/引注验收通过
V176,05_大西洋与美洲.md,3,# 第六章　海的另一边：法国胜利后，美洲属于谁,**本章结论。** 拿破仑有理由帮助西班牙维持美洲帝国，也有能力提供外交担保、军官、军火和有限海上支援；最有价值的帮助，却是不要摧毁西班牙王朝的合法性，不要把墨西哥白银视作法国战争的无限提款机。保住波旁王室、开放适度贸易并让殖民地分享政治权力，可以延长西班牙统治，甚至保留若干跨大西洋王国。它最可能保住的是古巴等岛屿和一部分保王据点，而不是把从墨西哥到拉普拉塔的大陆永远冻结在1803年。,结论、最可能,M024,已关联具体缺陷，见问题主账
V177,05_大西洋与美洲.md,5,# 第六章　海的另一边：法国胜利后，美洲属于谁,法国控制美洲的边界也很清楚：**海地应承认而非再征服；美国应争取其中立运输而非命令其参战；巴西的命运取决于葡萄牙王室是否迁都；西属美洲必须分区议价。** 英国即使承认法国的欧洲优势，仍有舰队、商业信用和当地伙伴。欧洲霸权不会自动变成大西洋主权。,取决于,M030,已关联具体缺陷，见问题主账
V178,05_大西洋与美洲.md,9,## 一、先把时钟拨准：没有巴约讷，也未必有里约宫廷,本书主线从1803年起保留已经发生的约束，到1807年提尔西特之后尽早转向巩固，不再发动对葡萄牙的瓜分和穿越西班牙的军事行动。这个区别看似只早了几个月，却决定了整个美洲推演的起点。,主线,,本次核读未单列含混缺陷：可能为口径限定、已有排序、说明性文字或非结论；非史实/引注验收通过
V179,05_大西洋与美洲.md,11,## 一、先把时钟拨准：没有巴约讷，也未必有里约宫廷,在这条主线上，1807年11月葡萄牙王室的出走不是既成事实；1808年阿兰胡埃斯政变、巴约讷废立，以及西班牙抵抗法国占领所催生的加的斯议会，也不应被原封不动地带入。查理四世、费尔南多王储与戈多伊之间已有的宫廷冲突仍会延续，但冲突以何种形式爆发，须重新推演。,主线,,本次核读未单列含混缺陷：可能为口径限定、已有排序、说明性文字或非结论；非史实/引注验收通过
V180,05_大西洋与美洲.md,15,## 一、先把时钟拨准：没有巴约讷，也未必有里约宫廷,同样，1810年墨西哥起义、1822年巴西独立、1823年门罗宣言、1833年英国废奴，都是实际历史中供比较的制度试验，不是另一条历史必定在同日出现的日历。能够延续的是贸易利益、税收压力、地方组织和统治冲突；须重新判断的是这些力量何时结盟、用谁的名义行动。,判断,,本次核读未单列含混缺陷：可能为口径限定、已有排序、说明性文字或非结论；非史实/引注验收通过
V181,05_大西洋与美洲.md,25,### 1. 路易斯安那的出让，是收缩也是布置,"这个美国并非1848年版美国的缩小模型。1810年联邦人口普查约724万人，1820年约964万，1830年约1,287万，统计包括被奴役人口；这些人口既不是可自由征调的士兵，也不是一个政治利益一致的市场。南方种植园、北部船主、西部移民和原住民社会，承受的是不同的战争与贸易后果。（美国历次人口普查；Timothy Pitkin，*A Statistical View of the Commerce of the United States*，1835年版。）",既不,,本次核读未单列含混缺陷：可能为口径限定、已有排序、说明性文字或非结论；非史实/引注验收通过
V182,05_大西洋与美洲.md,29,### 2. 一张出口表，比“美国天然亲法”更有解释力,"美国需要维护中立贸易，但其贸易并非均匀依赖英法。布拉德福德·珀金斯指出，1806年美国本国产品输往英国的金额约2,000万美元，输往法国约270万美元。美国商人又替法国、西班牙及其他殖民地搬运糖、咖啡等货物；因此，同一个美国，既不愿接受英国查扣，也承受不起永久失去英国市场。（Bradford Perkins，*Prologue to War: England and the United States, 1805–1812*，1961，第1章。）",既不,,本次核读未单列含混缺陷：可能为口径限定、已有排序、说明性文字或非结论；非史实/引注验收通过
V183,05_大西洋与美洲.md,54,### 3. 拿破仑自己也在破坏中立合作,"1807年的英国枢密院令、法国柏林和米兰法令，都把中立国拉进经济战争。英国强征水手又造成主权冲突，但相关数字须辨明：门罗提交的6,257项案件不是6,257名身份、国籍和服役经过均已核定的人；联邦党人所宣传的极低数字也有政治用途。实际释放记录表明问题真实且规模显著，结论不依赖挑选一个最有利的整数。（Perkins，*Prologue to War*，有关强征水手与外交交涉诸章。）",结论,,本次核读未单列含混缺陷：可能为口径限定、已有排序、说明性文字或非结论；非史实/引注验收通过
V184,05_大西洋与美洲.md,58,### 3. 拿破仑自己也在破坏中立合作,在法国选择欧洲巩固的主线上，英美战争的诱因会减弱，因为法国不再刻意把美国贸易推向对英冲突。但它未必消失：英国强征、加拿大边疆、美国国内党争和西部扩张仍有自身动力。最可能结果是较长的中立竞争，次可能是由英美双边争端引起的有限战争；最不可靠的设想，是巴黎可以准确指定美国参战时间。,主线、未必、最可能,,本次核读未单列含混缺陷：可能为口径限定、已有排序、说明性文字或非结论；非史实/引注验收通过
V185,05_大西洋与美洲.md,106,### 3. 独立海地并不等于没有暴力、没有国家,同一宪法一般条款第12条针对原法国白人财产的没收，不能改写为“海地所有土地已全部国有”。不设国教、国家不支付教士薪俸，也不能证明全部教会资产不存在。这两种误读，曾被用来推断法国绝无可能给某个海地派系提供新利益；该推断的法律前提并不成立。,不能改写为“海地所有土地已全部国有”。不设国教、国家不支付教士薪俸，也不能,,本次核读未单列含混缺陷：可能为口径限定、已有排序、说明性文字或非结论；非史实/引注验收通过
V186,05_大西洋与美洲.md,110,### 3. 独立海地并不等于没有暴力、没有国家,因此，**承认并缔约是最优先的可行选择；扶植客户政权是高成本、结果不稳的备选，而非逻辑上绝对不可能。** 不能用那不勒斯与圣多明各的两个或三个案例，推出一条“凡有外部接管者，小规模驻军必然迅速全损”的普遍规律。当地社会支持、军事资源、继承竞争与外部海军，必须分别判断。,判断,,本次核读未单列含混缺陷：可能为口径限定、已有排序、说明性文字或非结论；非史实/引注验收通过
V187,05_大西洋与美洲.md,120,### 4. 糖退潮，咖啡留下：独立后的生产并非一片空白,海地革命打碎了世界上最富庶的种植园体系之一。但“糖出口变为零”和“自由农民只会种咖啡”都不是准确结论。,结论,,本次核读未单列含混缺陷：可能为口径限定、已有排序、说明性文字或非结论；非史实/引注验收通过
V188,05_大西洋与美洲.md,150,### 5. 一纸承认，比再派一支远征军能买到什么,**主线结论是早日承认，争取贸易而非复奴。** 条件性备选是少量军事援助与安全协定，甚至在当地派系主动邀请下建立有限关系；再征服、恢复大规模奴隶种植园并长期抽税，则与法国保存海军人力、减轻财政和争取美洲合作三项目标同时冲突。,主线、结论,,本次核读未单列含混缺陷：可能为口径限定、已有排序、说明性文字或非结论；非史实/引注验收通过
V189,05_大西洋与美洲.md,164,### 6. 岛的东半部：归还西班牙，也不是把问题从地图上擦去,圣托马斯等中立岛屿、古巴难民与新奥尔良航运，使政策消息跨岛流动。法国在一岛恢复奴隶制，会损害它在另一岛所许自由的可信度；但结论应是差别政策的信用成本极高，而非不同殖民地法律在技术上绝对不可能并存。历史恰恰显示，它们长期并存，只是常由暴力和排斥来维系。,结论,,本次核读未单列含混缺陷：可能为口径限定、已有排序、说明性文字或非结论；非史实/引注验收通过
V190,05_大西洋与美洲.md,168,### 7. 海岛怎样成为欧洲谈判桌上的筹码,法国若要恢复海外位置，未必必须逐岛打回去。1795年的巴塞尔和约，使西班牙用圣多明各东部换取欧洲和平；1802年的亚眠和约，使英国归还马提尼克等地，却保留特立尼达和锡兰。欧洲胜负与海外归属之间，始终隔着一张谈判桌。〔美补1〕,未必,,本次核读未单列含混缺陷：可能为口径限定、已有排序、说明性文字或非结论；非史实/引注验收通过
V191,05_大西洋与美洲.md,170,### 7. 海岛怎样成为欧洲谈判桌上的筹码,"瓜德罗普的经历把这种联系推到极致。1813年3月3日英瑞条约第5条，将该岛让与瑞典，作为反法合作安排的一部分；分立条款同时限制奴隶输入等事务。瑞典尚未实际接管，1814年巴黎和约第9条便规定它同意归还法国。同年8月13日的英瑞专约，又以2,400万法郎处理瑞方失去该岛的权利。英国补偿的是瑞典对**归还法国**的同意，不是付钱把岛买成英国殖民地。款项实际在1815—1816年支付，其归属还引发瑞典国家与王储卡尔·约翰之间的争议，最终与偿还国债、王室年金联系起来。〔美补2〕",尚未,,本次核读未单列含混缺陷：可能为口径限定、已有排序、说明性文字或非结论；非史实/引注验收通过
V192,05_大西洋与美洲.md,172,### 7. 海岛怎样成为欧洲谈判桌上的筹码,同一份1814年和约第8条，把圣多明各东部归还西班牙，同时让英国保留多巴哥、圣卢西亚、法兰西岛及相关属地。岛屿被归还或留下，既取决于海军位置和已有殖民生产体系，也取决于盟约、王朝索赔与谈判交换。仅凭几项结果，很难把其中一种动机宣布为统摄全部交易的规律。〔美补1〕,取决于,,本次核读未单列含混缺陷：可能为口径限定、已有排序、说明性文字或非结论；非史实/引注验收通过
V193,05_大西洋与美洲.md,176,### 7. 海岛怎样成为欧洲谈判桌上的筹码,**法国大陆胜利的海外收益，首先可能表现为谈判恢复商站、岛屿与通商权，而非世界地图重新涂色。**较有价值的交换，是以欧洲安全承诺换英国归还可经营、可补给的据点，再以商业收益维持它们。把海地独立也当作同类筹码，尤其危险：欧洲宫廷可以签字，海地军队与社会未必接受。主权安排只有在当地能够执行时，才真正成为秩序。,未必,,本次核读未单列含混缺陷：可能为口径限定、已有排序、说明性文字或非结论；非史实/引注验收通过
V194,05_大西洋与美洲.md,190,### 9. 胜利的法国，会让大西洋奴隶制更强吗,但“英国未最终击败法国，所以奴隶贸易必定到某年才结束”仍越出了证据。英国废奴运动有宗教、社团、议会与被奴役者抵抗的国内和帝国动力；法国胜利不自动抹掉它们。变化更可能出现在条约压力、海军搜检能力、殖民地竞争和奴隶贸易的改旗转港。,更可能,,本次核读未单列含混缺陷：可能为口径限定、已有排序、说明性文字或非结论；非史实/引注验收通过
V195,05_大西洋与美洲.md,196,### 9. 胜利的法国，会让大西洋奴隶制更强吗,这些数字证明运输重心转移，不能证明英国禁运“只减少了一个微小比例”，因为真实政策效果须与没有禁运的反事实比较。较可信的结论是：**法国长期胜利很可能加强法属及部分盟国殖民地的奴隶主议价能力，延缓若干地区的解放；英国废奴仍可能推进，古巴、巴西与海地将走不同道路。** 没有理由替整个大西洋统一指定1855年、1875年或一个精确延迟年数。,结论,,本次核读未单列含混缺陷：可能为口径限定、已有排序、说明性文字或非结论；非史实/引注验收通过
V196,05_大西洋与美洲.md,208,### 1. 银矿不是国库，国库也不是巴黎的钱箱,"真实的财政转移已有相当规模。马里查尔估计，1760—1810年新西班牙对外汇出税款超过2.5亿比索，其中约1亿供给其他殖民地与菲律宾，约1.5亿流向宗主国；1780—1810年平均每年对外汇出约800万。1800—1810年直接汇往西班牙及其欧洲债权人的合计约7,000万比索。（Marichal，*Bankruptcy of Empire*，结论，第257页附近及相关注释；不同版本页码应依目录定位。）",结论,,本次核读未单列含混缺陷：可能为口径限定、已有排序、说明性文字或非结论；非史实/引注验收通过
V197,05_大西洋与美洲.md,227,### 2. 教会资金被抽走时，反对者不只是教士,因此，法国若想稳定取得海外补贴，第一步恰应是压低非常征收、避免连续逼迫西班牙召回殖民地信用。法国少取一笔，可能保住未来的联盟；多取一笔，也可能促成下一次拒付和叛乱。,可能保住未来的联盟；多取一笔，也可能,,本次核读未单列含混缺陷：可能为口径限定、已有排序、说明性文字或非结论；非史实/引注验收通过
V198,05_大西洋与美洲.md,233,### 3. 补贴条约的“六、四、二”，比一个换算区间更可靠,"这里的网络西班牙文转录省略了货币名称；法国记账文献通常以法郎叙述这笔补贴。如果把四个月的1,600万误当作每月里亚尔额，再以不同币制折成80万—160万比索，就会同时误置期限与单位，得出失真的补贴覆盖率。可靠的实质结论并不依赖这个有问题的区间：**名义义务、留存清算额、实际交付额，必须分开；履约期限也不等于已经交钱。**",结论,,本次核读未单列含混缺陷：可能为口径限定、已有排序、说明性文字或非结论；非史实/引注验收通过
V199,05_大西洋与美洲.md,239,### 4. 英国军舰为什么会运送法国债权背后的银子,"白银能否离开美洲，不仅取决于谁拥有一支战列舰队，也取决于伦敦商人、许可证、债务清算与英国政府的判断。马里查尔记录，戈登—墨菲安排的六次英国军舰运输，在1806年12月至1808年8月运走约8,651,641比索；另有霍普合约涉及“戴安娜”号约3,829,835比索的运输。后者在原书叙述与表格中存在航次日期不一致，宜保留金额及航运机制，不据此编造精确的逐年法国入账。（Marichal，第5—6章，尤其表6.2。）",取决于、判断,,本次核读未单列含混缺陷：可能为口径限定、已有排序、说明性文字或非结论；非史实/引注验收通过
V200,05_大西洋与美洲.md,241,### 4. 英国军舰为什么会运送法国债权背后的银子,"这些钱未必都是法国钱，更不意味着英国在秘密资助自己的战争对手。银行债权、西班牙欠款、英国对贸易的需求和许可政策交错，使同一船银子能够在多处账簿出现。霍普持有1,000万比索面值债权，也不是法国立即收到1,000万现金；合同折价与佣金须按原合同处理。",未必,,本次核读未单列含混缺陷：可能为口径限定、已有排序、说明性文字或非结论；非史实/引注验收通过
V201,05_大西洋与美洲.md,243,### 4. 英国军舰为什么会运送法国债权背后的银子,相关债权若已按75%结算，再任意扣除5%—15%的“运费佣金”，就可能把已含在折价里的成本扣了两遍。这种算法不足以确定法国每年净得多少，更不足以确定它承担法国军费的固定比例。较有支撑的判断是：法国可从该网络得到百万比索量级的非常融资，但不应把它扩展成永久、无波动的年贡。,判断,,本次核读未单列含混缺陷：可能为口径限定、已有排序、说明性文字或非结论；非史实/引注验收通过
V202,05_大西洋与美洲.md,275,### 2. 墨西哥：最有条件延续帝国，也最可能把财政矛盾变成社会战争,到1813年，莫雷洛斯《民族感情》已要求美洲独立，把奴隶制与种姓区分列为应废除对象，并强调美洲人的公职权。它又规定，对外援军应有严格限制，避免外国军队占据国家政治中心。这说明法国即使援助独立者，也未必获得一个愿意接受法国驻军的国家。（José María Morelos，*Sentimientos de la Nación*，1813年9月14日，第1、9、15、16、20条。）,未必,,本次核读未单列含混缺陷：可能为口径限定、已有排序、说明性文字或非结论；非史实/引注验收通过
V203,05_大西洋与美洲.md,277,### 2. 墨西哥：最有条件延续帝国，也最可能把财政矛盾变成社会战争,**最可能的主线，是新西班牙比实际历史更久留在波旁体系内，同时逐步要求自治和政治代表。** 条件性备选有两种：若马德里及巴黎以征税压倒改革，危机仍可走向社会战争；若王室主动承认美洲王国地位、地方议会及财政协商，墨西哥有机会转成同君或松散帝国成员。它不需要永远是殖民地，才算西班牙没有全盘失败。,最可能、主线,M019,已关联具体缺陷，见问题主账
V204,05_大西洋与美洲.md,283,### 3. 古巴：最容易保住，却不是最容易封锁,古巴比大陆更可能长期留在西班牙王室之下。种植园主担心海地式革命，港口和驻军与帝国财政相连，英国与美国也未必希望另一强国直接占有这座岛。维持西班牙名义主权，往往比法国兼并更容易得到外部容忍。,更可能、未必,,本次核读未单列含混缺陷：可能为口径限定、已有排序、说明性文字或非结论；非史实/引注验收通过
V205,05_大西洋与美洲.md,313,### 2. 秘鲁为什么能成为反革命堡垒,"这证明法国若避免西班牙本土崩溃，可以通过有限援助放大一个已经存在的保王体系。然而，当地能力有边界。1810年9月至1811年9月的收入约3,659,000比索，其中原住民贡赋1,235,781，比重约33.8%。实际历史中加的斯改革废除贡赋，会在战争最需现金时制造缺口；在没有占领与加的斯制宪的主线上，这项法律不自动出现，但“平等承诺与财政依赖如何相容”的矛盾仍必须处理。（Hamnett，同上。）",主线,,本次核读未单列含混缺陷：可能为口径限定、已有排序、说明性文字或非结论；非史实/引注验收通过
V206,05_大西洋与美洲.md,327,### 2. 秘鲁为什么能成为反革命堡垒,1815年改革试图提高交易与关税、对不动产净收益及金融收益征税，并整理债务。这显示保王政权也有财政创新能力，而非只能等待法国移植制度；改革加重社会负担，又解释了长期统治为何需要政治协商。（Contreras，同文，改革条目及结论。）,结论,,本次核读未单列含混缺陷：可能为口径限定、已有排序、说明性文字或非结论；非史实/引注验收通过
V207,05_大西洋与美洲.md,353,### 3. 十一年军需与捐输：保王战争怎样落到账簿上,**主线结论：秘鲁是最有希望在法国间接支持下长期保王的大陆区域之一，但其维持条件是财政妥协与区域协商，而不是再添一支欧洲占领军。** 若同时试图压住基多、上秘鲁、智利和拉普拉塔，胜利将迅速转为借债与征收；法国必须选择保住核心，或持续支付扩大统治的代价。,主线、结论,M020,已关联具体缺陷，见问题主账
V208,05_大西洋与美洲.md,401,### 4. 拉普拉塔：海港的利益，并不等于整个流域的利益,因此，拉普拉塔比墨西哥、秘鲁更难长期维持旧垄断。在没有王朝真空的主线上，自治与商业开放仍很可能持续推进；若王室让步充分，可出现同君下的自治王国或联邦式安排；若坚持以战争恢复贸易独占，英国商人与海军便更容易找到当地盟友。,主线,M021,已关联具体缺陷，见问题主账
V209,05_大西洋与美洲.md,411,### 5. 委内瑞拉、基多、智利：不同地形，不同联盟,**较可能的长期图景不是“全部不独立”，而是独立、自治与保王并存，彼此出现的先后次序改变。** 墨西哥与秘鲁有较强的帝国连续性条件；拉普拉塔的商业自治压力更强；委内瑞拉及安第斯地区的结果更依赖战争中的社会联盟。法国若执意把这些差别抹成一套行省制度，反而会制造原先并不存在的共同敌人。,较可能,M022,已关联具体缺陷，见问题主账
V210,05_大西洋与美洲.md,419,### 1. 从征服者到“辅助者”，并非出于抽象自由信念,它不是英国立即、永久支持所有共和革命的证明。备忘录也考虑君主制方案与波旁支系；更早的波帕姆1803年秘密计划带有先夺据点、再组织政治转变的军事思路。英国最稳定的目标是削弱敌人、取得港口与市场，政治形式则取决于当地接受和国际形势。（同卷，第288—293、385—389页。）,取决于,,本次核读未单列含混缺陷：可能为口径限定、已有排序、说明性文字或非结论；非史实/引注验收通过
V211,05_大西洋与美洲.md,423,### 1. 从征服者到“辅助者”，并非出于抽象自由信念,1808年西班牙转为英国反法盟友后，卡斯尔雷暂缓进一步介入南美的部分计划。若法国始终保住一个亲法西班牙，这个暂停理由反而减弱。**避免半岛战争固然保全西班牙，也可能释放英国支持美洲自治的外交空间。** 这是主线真实需要承担的代价，不应只列收益。,主线,M023,已关联具体缺陷，见问题主账
V212,05_大西洋与美洲.md,429,### 2. 法国干预的顺序，应与真实能力一致,第一层是外交与经济：承认合法王朝，停止强索非常补贴，鼓励海外代表与地方议会，允许有条件对英美通商。它不需要赢得全大西洋制海权，却会损害法国想实行的严密大陆封锁。两者之间必须作选择。,有条件,M024,已关联具体缺陷，见问题主账
V213,05_大西洋与美洲.md,445,### 英国支持的拉美也可能是君主国，而且会反过来冲淡封锁,英法在美洲争夺的，并不只是“西班牙殖民地”与“独立共和国”两个整齐选项。1808 年，威尔斯利对米兰达的共和宪制计划持怀疑态度，更偏好一位君主与代表机构共存的政体：上院可由君主任命的贵族和地主终身组成，旧制度先保留，再依经验渐次改革。它既不同于旧式殖民直辖，也不同于后来实际出现的多数共和国。威尔斯利同时意识到，友好而独立的美洲国家会主张与欧洲自由贸易；英国对中立友邦施加的限制，将比对敌国殖民地更加难以维持。**这为法国开出另一条路径：不必吞并每一片美洲领土，只要在西班牙、美洲自治政体和英国商人之间促成贸易与债务安排，就可能把英国的商业利益与其封锁政策分开。** 一个法国占优势的欧洲，因而可以与多个亲商、立宪而未必亲法的美洲国家并存；这种外部秩序较少服从巴黎，却也较不容易被伦敦完整动员为反法资源。〔补6〕,既不、未必,M023,已关联具体缺陷，见问题主账
V214,05_大西洋与美洲.md,451,### 1. 若葡萄牙不被入侵，里约不会自动成为帝国首都,1807年葡萄牙宫廷迁往巴西，既有长期危机准备，也有英国舰队护送和法国入侵的紧迫刺激。没有入侵，不等于王室永远不会考虑海外避难；但最可能的短期结果仍是宫廷留在里斯本，通过中立、补贴和海上贸易求生。,最可能,,本次核读未单列含混缺陷：可能为口径限定、已有排序、说明性文字或非结论；非史实/引注验收通过
V215,05_大西洋与美洲.md,453,### 1. 若葡萄牙不被入侵，里约不会自动成为帝国首都,"在本书较早转向巩固的主线上，巴西因此仍先是一片统治中心位于欧洲的殖民地。它的贸易开放与自治要求不会消失，只是缺少1808年以后宫廷、官署、授勋、消费与城市建设突然集中里约的那条现实路径。（Kirsten Schultz，*Tropical Versailles: Empire, Monarchy, and the Portuguese Royal Court in Rio de Janeiro, 1808–1821*，2001；Kenneth Maxwell，*Naked Tropics*，第8章。）",主线,,本次核读未单列含混缺陷：可能为口径限定、已有排序、说明性文字或非结论；非史实/引注验收通过
V216,05_大西洋与美洲.md,455,### 1. 若葡萄牙不被入侵，里约不会自动成为帝国首都,由此得到的不是“巴西必定更晚独立”一个单向答案。留在里斯本的宫廷可能更坚持殖民垄断，激化地方不满；也可能在西葡两帝国改革的压力下逐步开放。缺少里约王朝中心，会使一个保持大体领土统一、由原王朝王子主持独立的方案较难复制。更大的地方分化风险与更晚的政治断裂，可以同时存在。,可能更坚持殖民垄断，激化地方不满；也可能,M018,已关联具体缺陷，见问题主账
V217,05_大西洋与美洲.md,465,### 2. 若已迁都，法国就很难让它自愿回到旧制度,于是，若法国在王室已迁都之后才恢复伊比利亚稳定，最可能面对的是一个已经改变重心的葡巴帝国。它可促进两边妥协，却难以替里斯本恢复原有独占权。英国也不会因法国在大陆获胜就失去巴西的航运、信贷和外交位置。,最可能,,本次核读未单列含混缺陷：可能为口径限定、已有排序、说明性文字或非结论；非史实/引注验收通过
V218,05_大西洋与美洲.md,475,### 3. 里约的繁荣，同样建立在奴隶劳动之上,**巴西的主要备选因此有两个：无迁都时，渐进改革与地方自治竞争，领土统一的王朝支点较弱；已迁都时，巴西政治升级难以倒转，王朝分立或松散同君安排更有条件。** 两种都不等于法国殖民地，也都可能继续维持奴隶制及出口依赖。,有条件,M018,已关联具体缺陷，见问题主账
V219,05_大西洋与美洲.md,479,## 九、到19世纪中叶，美洲会留下怎样的法国胜利痕迹,法国胜利的痕迹，最可能体现为战争减少、王朝连续性延长、若干殖民关系经谈判改造，而不是美洲地图染成法国颜色。,最可能,,本次核读未单列含混缺陷：可能为口径限定、已有排序、说明性文字或非结论；非史实/引注验收通过
V220,05_大西洋与美洲.md,481,## 九、到19世纪中叶，美洲会留下怎样的法国胜利痕迹,| 地区 | 最可能的主线结果 | 需要额外条件的备选 | 法国的实际抓手 |,最可能、主线,,本次核读未单列含混缺陷：可能为口径限定、已有排序、说明性文字或非结论；非史实/引注验收通过
V221,05_大西洋与美洲.md,491,## 九、到19世纪中叶，美洲会留下怎样的法国胜利痕迹,| 巴西 | 取决于宫廷是否迁都，均以本地利益为主 | 王朝分立、同君安排或更强地区分化 | 伊比利亚和平，有限商约 |,取决于,M018,已关联具体缺陷，见问题主账
V222,05_大西洋与美洲.md,493,## 九、到19世纪中叶，美洲会留下怎样的法国胜利痕迹,这是一组有史料约束的方向判断，不是已经校准的互斥概率，也不为各地区规定一个必然独立年份。真正能够改变排序的证据，应是当地接受改革的政治联盟、可持续的年度财政与军事补给、法国实际承诺的海上资源，而不是再增加几个小数点。,判断,,本次核读未单列含混缺陷：可能为口径限定、已有排序、说明性文字或非结论；非史实/引注验收通过
V223,06_东方与印度.md,3,# 第七章　从多瑙河到印度洋：东方不是通往英国的一条空路,**本章结论。** 拿破仑确实反复设想以东方牵制英国，甚至讨论重新占领埃及、派军穿越波斯和进攻印度。愿望不是疑问；问题是这些目标能否得到同一套盟友、运输、财政和政治条件支持。,结论,,本次核读未单列含混缺陷：可能为口径限定、已有排序、说明性文字或非结论；非史实/引注验收通过
V224,06_东方与印度.md,13,### 1. “衰落帝国”仍有许多能说不的人,1803年的奥斯曼国家既不是整齐的现代官僚机器，也不是等候列强瓜分的尸体。苏丹、宫廷、乌理玛、禁卫军、地方显贵、包税人、商人和粮食供应者，分掌不同资源。中央的命令必须穿过这些组织，才能成为赋税、粮运和真正到营的士兵。,既不,,本次核读未单列含混缺陷：可能为口径限定、已有排序、说明性文字或非结论；非史实/引注验收通过
V225,06_东方与印度.md,57,### 5. 希腊与东方危机，在法国胜利后仍会发生,希腊商业网络、宗教共同体、地方武装与流亡者，拥有独立于拿破仑的历史。友谊社1814年在敖德萨成立，正表现了商贸、帝国边界与政治动员的交错。法国主导欧洲，既可能压低外部支持起义的机会，也可能因法国革命与民族语言的流动产生新的期待。,可能压低外部支持起义的机会，也可能,,本次核读未单列含混缺陷：可能为口径限定、已有排序、说明性文字或非结论；非史实/引注验收通过
V226,06_东方与印度.md,59,### 5. 希腊与东方危机，在法国胜利后仍会发生,因此，不宜断言“法国胜利，所以不会有希腊独立、不会有纳瓦里诺”。较可能的初始法国政策是维持奥斯曼完整，以自治、地方保证或国际协商缓和危机，因为完整的奥斯曼有利于限制俄国。但如果俄、英与地方力量形成新的联合，法国仍须在保全帝国、保护基督徒的声望和避免大战之间取舍。,较可能,M025,已关联具体缺陷，见问题主账
V227,06_东方与印度.md,61,### 5. 希腊与东方危机，在法国胜利后仍会发生,**主线的东方欧洲秩序，是一个自主的奥斯曼帝国，而不是法国的巴尔干行政区。** 条件性备选包括受到列强保证的希腊自治或独立、塞尔维亚等地更强地方权利，以及中央改革与地方协议并行。法国可以决定是否助长危机，难以决定所有民族运动是否存在。,主线,M025,已关联具体缺陷，见问题主账
V228,06_东方与印度.md,69,### 1. 拿破仑的埃及愿望，确实没有在1801年结束,"1810年9月17日，他给德克雷的信讨论一支约4万人的远征军：约3万步兵、4,000炮兵与工兵、6,000骑兵，另列马匹和车辆运输。1811年的命令又涉及尼罗河及湖泊船只、侦察和准备。这些细节不能被一句“东方只是虚张声势”抹掉；同样，纸面兵力与船运计划没有实际启航，也不能作为法国已经具备运送并维持4万人的证明。（Édouard Driault，*Mohamed Aly et Napoléon, 1807–1814*，1925，收入上述往来文书。）",不能被一句“东方只是虚张声势”抹掉；同样，纸面兵力与船运计划没有实际启航，也不能,,本次核读未单列含混缺陷：可能为口径限定、已有排序、说明性文字或非结论；非史实/引注验收通过
V229,06_东方与印度.md,71,### 1. 拿破仑的埃及愿望，确实没有在1801年结束,法国如果在欧洲更早停止扩大战争，确实能腾出一部分资源。但这部分资源也可以用于补强本土海军、降低债务和保障继承。重新占领埃及不是节约出来的钱唯一、甚至未必最合理的用途。,未必,,本次核读未单列含混缺陷：可能为口径限定、已有排序、说明性文字或非结论；非史实/引注验收通过
V230,06_东方与印度.md,97,### 4. 阿里想要叙利亚，不是替拿破仑取得孟加拉,法国若真要购买阿里对印度远征的合作，阿里最可能要求的是世袭权、埃及安全、对叙利亚诉求的支持、财政补偿与不被法国占领的保证。问题随即出现：支持阿里取得叙利亚，会伤害法国承诺保护的奥斯曼完整。两项“亲法盟友”不能在同一块土地上同时得到全部许诺。,最可能,M026,已关联具体缺陷，见问题主账
V231,06_东方与印度.md,121,### 6. 工厂、棉花与舰队，仍受全球市场限制,**主线结论是一个更能同法国合作、却坚持自主的埃及王朝，处于奥斯曼法统与事实自治之间。** 若法国的欧洲优势足以提高其外交分量，阿里可能保住更多地方权利；但“没有法国战败，因此1840年外部干预不会发生、埃及必然吞并叙利亚”并不成立。英、俄、奥和苏丹仍可反对。法国最稳的选择是调停，不是同时保证苏丹全部领土与阿里全部扩张。,主线、结论,M026,已关联具体缺陷，见问题主账
V232,06_东方与印度.md,133,## 三、北非的另一端：阿尔及尔不是缩小版埃及,对主线而言，最便宜的北非政策仍是商业条约、有限威慑与港口合作。若改为直接征服，法国将把欧洲巩固节省的兵力重新投进另一场长期战争。阿尔及尔可以成为备选殖民方向，却不能反过来证明欧洲全面行省化与无限海外扩张可以同时实现。,主线,,本次核读未单列含混缺陷：可能为口径限定、已有排序、说明性文字或非结论；非史实/引注验收通过
V233,06_东方与印度.md,187,### 3. 锡克军队用法国操典，却不替法国打仗,法国若在欧洲长期存在，可以使军官、装备、外交担保的联系更连续，增加旁遮普对英国议价的空间。可是，兰吉特·辛格会按旁遮普利益使用这些资源；他未必愿为法国在孟加拉的计划把本国卷入大战。,未必,,本次核读未单列含混缺陷：可能为口径限定、已有排序、说明性文字或非结论；非史实/引注验收通过
V234,06_东方与印度.md,189,### 3. 锡克军队用法国操典，却不替法国打仗,实际历史中1839年后的继承与军事政治危机，深刻影响英锡战争。反事实推演可以判断英国仍会关注旁遮普，也可能继续扩张，却不应规定1845—1849年的战争及吞并原样发生。稳定继承、较早财政改革、不同英法关系，足以改变时间与结局。**旁遮普是法国支持地区均势的合理对象，不是征服全印度的现成踏板。**,判断,M027,已关联具体缺陷，见问题主账
V235,06_东方与印度.md,197,### 1. 同期文书支持威慑，也支持更远的想象,但同一时期给加尔达纳的训令涉及约2万法军和训练约1.2万波斯军，也有人调查行军道路。因此，把全部方案归为“纯口头虚张声势”同样失之简单。最准确的判断是：**拿破仑认真保留东方军事选项，并利用它施压；他从未完成使最大方案能执行的政治与物质闭合。**,判断,,本次核读未单列含混缺陷：可能为口径限定、已有排序、说明性文字或非结论；非史实/引注验收通过
V236,06_东方与印度.md,219,### 3. 联盟账比粮食账更难合上,**最可能实现的是小规模使团、军官、军械和部分资金到达；条件更好时，可以形成地区性军事合作。** 数万欧洲正规军的陆路印度远征，需要远超实际文书已兑现程度的连续保障；其战略收益主要在迫使英国防备，而不是一条可稳健实现法国征服印度的主线。,最可能、主线,,本次核读未单列含混缺陷：可能为口径限定、已有排序、说明性文字或非结论；非史实/引注验收通过
V237,06_东方与印度.md,249,### 3. 1808年大方案：西班牙不是唯一一道门,"实际增援远小于方案。海军大臣德克雷、德卡恩及远洋舰队指挥官之间有目标与风险判断差异；利努瓦并不简单受当地总督战术指挥。将执行失败全部归为德克雷“胆小”，会忽略部门分权、船只状态、命令延迟与欧洲优先级。（Parkinson，第9章；Henri Prentout，*L’Île de France sous Decaen, 1803–1810*，1901，相关内容在本研究中经Pierre Kaeppelin书评及Sen转述使用，未冒称已核全书。）",判断,,本次核读未单列含混缺陷：可能为口径限定、已有排序、说明性文字或非结论；非史实/引注验收通过
V238,06_东方与印度.md,255,### 4. 私掠能增加成本，却不能替代制海权,但私掠收益依赖商船仍然航行，也依赖基地不被拔除。英国可以把损失分摊到保险、护航和更大财政体系；法国不能由少数丰厚战利品推导出英国印度贸易已断。1804年普洛奥拉行动中，英国东印度商船队的抵抗与欺骗使利努瓦退却，说明武装商船、指挥判断和情报同样重要；有关船货总值的异文不必拿来制造一个巨额“差点获得”的收益。,判断,,本次核读未单列含混缺陷：可能为口径限定、已有排序、说明性文字或非结论；非史实/引注验收通过
V239,06_东方与印度.md,267,### 5. 法国基地的政治软肋，也在奴隶制,马达加斯加的塔马塔夫等地为马斯克林群岛提供粮食、牲畜与被奴役人口，说明基地自持也依赖邻近海岸贸易。缺少这类航线、仓储和库存的逐年材料，就不宜宣布巴黎每年增加几百名士兵便必然让两岛多守18个月或三年。补强可能提高成本，英国也可能因此更早集中力量拔除。,可能提高成本，英国也可能,,本次核读未单列含混缺陷：可能为口径限定、已有排序、说明性文字或非结论；非史实/引注验收通过
V240,06_东方与印度.md,285,### 2. 海得拉巴与迈索尔：1803年之前已经关闭的门,蒂普苏丹1798年向法国要求数千欧洲士兵和更多非洲兵，实际获得的援助却极少；法属岛屿公开的招募与援助宣言，还给英国提供了发动战争的理由。蒂普1799年死亡，迈索尔的政治结构已被改造。法国可以利用旧王朝象征及不满者，却不拥有一个完整、尚未战败的蒂普国家。,尚未,,本次核读未单列含混缺陷：可能为口径限定、已有排序、说明性文字或非结论；非史实/引注验收通过
V241,06_东方与印度.md,293,### 3. 特拉凡哥尔：传闻可以动员，承诺仍须兑现,这个案例支持的不是“法国只需登陆就能点燃全印度”，而是外援预期可能改变地方领导人的冒险意愿。如果法国制造期待却不来，结果可能是盟友遭到更早、更严厉的打击。拿破仑的东方威胁不仅让英国多花钱，也可能让潜在伙伴承受风险。,可能改变地方领导人的冒险意愿。如果法国制造期待却不来，结果可能是盟友遭到更早、更严厉的打击。拿破仑的东方威胁不仅让英国多花钱，也可能,,本次核读未单列含混缺陷：可能为口径限定、已有排序、说明性文字或非结论；非史实/引注验收通过
V242,06_东方与印度.md,303,### 4. 尼泊尔、缅甸、阿曼：共同忌惮英国，不等于共同战略,这些国家最可能利用英法竞争改善自己的条件，而不是同时放弃自主性。法国援助越尊重这种自主，越可能留下长期关系；援助越被当作征服印度的工具，越容易触发英国先发压力和当地反感。,最可能,,本次核读未单列含混缺陷：可能为口径限定、已有排序、说明性文字或非结论；非史实/引注验收通过
V243,06_东方与印度.md,309,### 5. 爪哇：另一个基地，也有自己的殖民社会,"1811年英国从印度组织约12,000人的登陆与后续作战，夺取爪哇；胜利也伴随疾病和占领费用。若法国保留荷兰较多自主权、避免把其殖民地一概变成法国战争工具，爪哇可能有较好的外交回旋。但英国是否接受其作为法国进攻基地，仍取决于战争状态。",取决于,,本次核读未单列含混缺陷：可能为口径限定、已有排序、说明性文字或非结论；非史实/引注验收通过
V244,06_东方与印度.md,321,### 1. 它是一家商公司，也是一部受英国政治控制的战争国家机器,法国在欧洲的威胁越可信，伦敦越有理由把印度防务视为国家事务。这可能加深公司与政府冲突，也可能让公司获得更多支援。因此，“公司赤字增加”与“英国必然失去印度”之间，还隔着借贷、财政转移、削支与政治改组。,可能加深公司与政府冲突，也可能,,本次核读未单列含混缺陷：可能为口径限定、已有排序、说明性文字或非结论；非史实/引注验收通过
V245,06_东方与印度.md,336,### 2. 1803—1806年的亏空是真实的，但三个数字不是同一种账,"资料：英国下院，1806年7月10日，*India Budget*，*Parliamentary Debates*，卷7，约第1044—1083栏。原文另一处孟加拉开支为5,434,291，两种印数相差3英镑；表内分项按较高数相加，比原列合计高3英镑。该微小差别不影响财政判断，但不宜暗中抹平。",判断,,本次核读未单列含混缺陷：可能为口径限定、已有排序、说明性文字或非结论；非史实/引注验收通过
V246,06_东方与印度.md,354,### 3. 伦敦与印度的汇票，将财政困难变成可以延期处理的困难,"印度向伦敦开票，是转移支付、清偿债务和采购的关键。1813年2月22日公司向下院提交的请愿统计，1807年以来有关汇票约13,104,924英镑，其中约10,902,924已结算、2,202,000尚未到期付款。后者大部分将在1814年3月以前到期。应付和已付不可相加后再称“新增债务”。（英国下院辩论，1813年2月22日，第24卷，第676—679栏，公司第二份请愿。）",尚未,,本次核读未单列含混缺陷：可能为口径限定、已有排序、说明性文字或非结论；非史实/引注验收通过
V247,06_东方与印度.md,360,### 3. 伦敦与印度的汇票，将财政困难变成可以延期处理的困难,英国国家信用并非从未介入：1810年的约150万英镑国库券、1812年经议会安排筹得的约250万年金资金，提供了实际缓冲。公司股本面值、溢价实缴、债券上限和流动负债又各有口径。股东、公司军官、印度私人商人和英国本土制造业城市，对保留人事权、开放贸易和分担军费的要求不同；它的政治支持不只取决于某一年商业利润。（1812年续约文书；1813年2月22日请愿。）,取决于,,本次核读未单列含混缺陷：可能为口径限定、已有排序、说明性文字或非结论；非史实/引注验收通过
V248,06_东方与印度.md,384,### 4. 领地收入会恢复，也会再被战争吃掉,从这条财政史可作明确判断：在法国欧洲胜利、而英国仍控制印度海路与主要税源的主线上，东印度公司更可能经削支、借贷和政治改组继续存在，而非因早期赤字自动瓦解。法国压力可能使英国更谨慎扩张，也可能促使英国提前投入国家资源；方向取决于压力是否真正触及领地收入和供应线。,判断、主线、更可能、可能使英国更谨慎扩张，也可能、取决于,M028,已关联具体缺陷，见问题主账
V249,06_东方与印度.md,396,### 1. 英国在亚洲的收入，不全由欧洲买家支付,因此，西班牙美洲白银重要，却不是英国在亚洲全部活动唯一的血液。某时段印度战争急需白银，与同一时期中国贸易的净银流方向，必须分别判断。法国能干扰部分支付，并不意味它掌握了一个关闭英国东方帝国的总阀门。,判断,,本次核读未单列含混缺陷：可能为口径限定、已有排序、说明性文字或非结论；非史实/引注验收通过
V250,06_东方与印度.md,421,### 3. 广州茶出口：英美竞争的实际形状,两个结论同时成立。英国公司拥有稳定的大运输规模；美国船则以波动很大的中立贸易参与欧洲供给。法国若允许中立贸易，可以改变货物到达大陆的方式，却未必能阻止英国获得亚洲贸易与本土税收。若强行把中立运输一并关掉，又会得罪前章所述法国需要争取的美国商人。,结论、未必,,本次核读未单列含混缺陷：可能为口径限定、已有排序、说明性文字或非结论；非史实/引注验收通过
V251,06_东方与印度.md,443,### 4. 鸦片专卖收入有波动，殖民暴力却不会因数字变小而消失,较可信的东方反事实是：英国保持印度主要财政基础，亚洲贸易继续发展，法国争取商站、航运与技术市场的一部分。中国并不因为法国赢得欧洲就成为法国的外交附属；清朝的广州贸易制度、银流和边疆政策仍按其自身约束行动。本研究的资料足以判断英法贸易竞争的渠道，不足以替清朝整个19世纪内政写出一张由巴黎决定的时间表。,判断,M029,已关联具体缺陷，见问题主账
V252,06_东方与印度.md,457,### 2. 明托的判断：两万法国兵是灾难，却未必是征服,明托1807年讨论法国威胁时，承认约两万法军会造成严重战争和眼前灾难，却不认为必然征服英属印度。这是一位负责印度防务者的同期判断，价值正在于同时承认危险和抵抗能力。（明托1807年通信，见其传记文书与公司史材料。）,判断,,本次核读未单列含混缺陷：可能为口径限定、已有排序、说明性文字或非结论；非史实/引注验收通过
V253,06_东方与印度.md,467,### 3. 公司体制会改变，但改革日期不由法国胜利自动确定,在本书主线中，商业开放和国家监督加深仍较可能发生，但不宜要求两项特许状改革必在同一年、以完全相同条款通过。公司可能更早依赖英国财政，也可能通过限制战争改善账目。最稳定的方向判断是：英国在印度的统治越来越不只是一家公司的私人事业。,主线、较可能、可能更早依赖英国财政，也可能、判断,M028,已关联具体缺陷，见问题主账
V254,06_东方与印度.md,473,## 十二、到1848年前后，法国能在东方留下什么,| 地区或目标 | 最可能的主线 | 条件性备选 | 决定性约束 |,最可能、主线,M030,已关联具体缺陷，见问题主账
V255,06_东方与印度.md,484,## 十二、到1848年前后，法国能在东方留下什么,| 夺取全印度 | 不列入具有充分执行条件的主线 | 只有多重独立条件改变后的全新战争，且更可能产生印度自主强权 | 到达不等于长期统治，反英也不等于服法 |,主线、更可能,,本次核读未单列含混缺陷：可能为口径限定、已有排序、说明性文字或非结论；非史实/引注验收通过
V256,06_东方与印度.md,492,## 十二、到1848年前后，法国能在东方留下什么,**能否据此征服印度？本书的主结论是否定。** 原因不是缺少一句有勇气的判断，而是现有证据清楚指向另一种结果：法国每向直接统治多走一步，就要同时扩大运输、财政、地方政治和英国反制的成本；它更可能帮助印度及周边国家保留自主，或换得商业利益，而非把英国的印度原封不动接收为自己的印度。,结论、判断、更可能,,本次核读未单列含混缺陷：可能为口径限定、已有排序、说明性文字或非结论；非史实/引注验收通过
V257,07_行省化的边界.md,13,## 一、帝国地图上的颜色，并不等于国家的边界,本编的结论是：**有限行省化有相当坚实的历史基础；较大范围的扩展有条件成立；整个欧洲在一代人内成为由巴黎日常统治的普通省份，没有得到可行性证据支持。**后一判断不是“欧洲人天生不愿被法国统治”，也不是一张模型算出了永恒的边界，而是军事、财政、地方政治与列强安全利益同时提出了尚无可操作办法解决的要求。,结论、有条件、判断,,本次核读未单列含混缺陷：可能为口径限定、已有排序、说明性文字或非结论；非史实/引注验收通过
V258,07_行省化的边界.md,45,### 3．归附不是热爱，而是可以持续的交易,可是，参加制度不等于服从每一项指令。罗尔省选举团拒绝推举贝尔纳多特，另选地方显贵；后来又越过政府候选人，选中被免职的法官。地方社会接受了投票与任官的框架，也利用这个框架保存自己的判断。,判断,,本次核读未单列含混缺陷：可能为口径限定、已有排序、说明性文字或非结论；非史实/引注验收通过
V259,07_行省化的边界.md,47,### 3．归附不是热爱，而是可以持续的交易,Woolf据此把归附的稳定性与法国统治看起来是否牢固联系起来。这一判断很重要：1814年的迅速倒戈，证明军事失败足以瓦解合作，却不能倒推出此前十余年的合作全属虚构。**一个利益联盟可以是真实的，也可以在保护者失去能力时解散。**把这一现象称作“忠诚为零”，只是用道德词汇替代政治解释。,判断,,本次核读未单列含混缺陷：可能为口径限定、已有排序、说明性文字或非结论；非史实/引注验收通过
V260,07_行省化的边界.md,66,### 1．莱茵：逃避入伍与入伍后逃亡，必须分开,结论非常明确：**莱茵青年在报到之前更倾向于躲避征兵；已经进入军队的人，却表现出相对较低的逃亡记录。**一个地区可以同时难征兵、又能提供可靠士兵。文化差异、边境就业、家庭经济与军队内部纪律，在不同阶段产生不同作用。,结论,,本次核读未单列含混缺陷：可能为口径限定、已有排序、说明性文字或非结论；非史实/引注验收通过
V261,07_行省化的边界.md,68,### 1．莱茵：逃避入伍与入伍后逃亡，必须分开,"原始征兵负担表还有一处容易误读的细节。其人口分母为1,280,942，不是另一处常见的约180万。Rowe在表前明确指出，征兵总局采用的人口估计，较其他调查显著偏低。这不是一个尚待猜测的神秘疆界变化。于是，1810年表列“莱茵负担为帝国平均的142%”，首先是按该行政人口底数算出的比较值；它不能未经调整就当作真实人口人均负担高出42%的最终结论。〔省3〕",结论,,本次核读未单列含混缺陷：可能为口径限定、已有排序、说明性文字或非结论；非史实/引注验收通过
V262,07_行省化的边界.md,113,## 四、抵抗并非一张民族地图,旧稿的抵抗比较，建立了35个地区—时期观察、十六个地区群组，并从中识别五个持续抵抗案例。这项整理的价值，在于把教会政策、经济负担、外援和战争时点放进同一比较框架；它的局限，则是样本由研究者有目的地选择，分类亦包含解释性判断。,判断,,本次核读未单列含混缺陷：可能为口径限定、已有排序、说明性文字或非结论；非史实/引注验收通过
V263,07_行省化的边界.md,119,## 四、抵抗并非一张民族地图,这些数字支持的不是“法国统治受到欢迎”，而是一个更有力量的判断：**抵抗的对象可以是征兵、税收、宗教干预、外来官员，也可以是法国主权本身；它们经常重叠，却不能被压成同一种民族情绪。**,判断,,本次核读未单列含混缺陷：可能为口径限定、已有排序、说明性文字或非结论；非史实/引注验收通过
V264,07_行省化的边界.md,135,### 1．荷兰与汉萨：夺走主权，却没有兑现共同市场,这里的反事实结论仍然明确：**法国若维持荷兰王国和汉萨城市的政治空间，同时换取港口安全与有限军事合作，收益比强行并省更稳；如果坚持并省，就必须付出真正的市场平等、债务安排和地方代表权。**不能既要求这些社会承担法国公民的义务，又永久按被征服者对待它们的商业利益。,结论,,本次核读未单列含混缺陷：可能为口径限定、已有排序、说明性文字或非结论；非史实/引注验收通过
V265,07_行省化的边界.md,153,### 3．托斯卡纳、帕尔马与瓦莱：小规模整合有路可走,但是，1807年主线若保留西班牙波旁、放弃葡萄牙分割，埃特鲁里亚安排亦需要重新谈判；史实上的托斯卡纳兼并不能无条件挪到新时间线上。这里说的是**这类地区具备较好的整合条件**，不是宣布它们已经自动属于法国。,主线,M032,已关联具体缺陷，见问题主账
V266,07_行省化的边界.md,165,### 4．伊利里亚与加泰罗尼亚：边防制度与战争占领不宜冒充普通省,财政材料中某地区未列入巴黎的普通收入清单，也不等于该地区没有任何收入。加泰罗尼亚可以征到供当地军队使用的钱，而未形成稳定上缴；这两种情况必须区分。**“没有找到全账”应当阻止精确净额的编造，不应阻止作出战略结论：一片需要持续作战才能取用其资源的土地，不宜当成和平帝国的财政支柱。**,结论,,本次核读未单列含混缺陷：可能为口径限定、已有排序、说明性文字或非结论；非史实/引注验收通过
V267,07_行省化的边界.md,186,### 1．为什么吞并盟国有时反而削弱法国,一个自养军队、按条约出兵的盟国，在法国账上不等于零价值。吞并以后，法国可能获得更多税与兵，也可能接下它的债务、行政费用和原有军队支出。倘若又降低地方合作，新增人口并不立即变成新增实力。,可能获得更多税与兵，也可能,,本次核读未单列含混缺陷：可能为口径限定、已有排序、说明性文字或非结论；非史实/引注验收通过
V268,07_行省化的边界.md,196,### 2．有限扩展并非天然收支平衡，但确实存在闭合办法,这表明，有限省化不是纯粹幻想。但其余量不大：额外任务、较高军价、更多税收损失或者盟军失约，都可能吃掉它。主线因此不是“先吞并，再设法找钱”，而是先取得政治和财政承诺，再决定是否吞并。,主线,M005；M008,已关联具体缺陷，见问题主账
V269,07_行省化的边界.md,202,### 3．有利反例必须保留,**这个结果推翻了“该规模在任何技术条件下都不可能”的说法。**它没有证明方案现实可行，因为同时保留军事贡献、获得税余、降低驻防并维持地方接受，是四项需要政治证据的条件。但它必须被读者看见：严肃的论证应当承认最有利的反例，而不是只展示支持结论的一列。,结论,M033,已关联具体缺陷，见问题主账
V270,07_行省化的边界.md,222,## 七、真正现实的省化路线：先使边界停止移动,由此形成的，可能是一个比现实法国更大的、以巴黎为中心的多语言国家。其边界较可能沿相邻的西欧行政与经济网络扩展，而不是一口吞并所有王国。**托斯卡纳式的渐进整合、贝格式的利益驱动整合，均比西班牙式的战争中省化更有希望。**,较可能、更有希望,M031,已关联具体缺陷，见问题主账
V271,07_行省化的边界.md,228,## 八、最终裁定：可扩展的法兰西，不等于可吞并的欧洲,对最重要的原问题，本书给出三层结论。,结论,,本次核读未单列含混缺陷：可能为口径限定、已有排序、说明性文字或非结论；非史实/引注验收通过
V272,07_行省化的边界.md,232,## 八、最终裁定：可扩展的法兰西，不等于可吞并的欧洲,**第二层：有条件可行。**邻接、小规模、行政传统较强、拥有利益支持者的若干地区，可以分批并入。扩大到更大人口范围，数学上存在有利组合；政治上必须证明地方合作、财政贡献和军事服从能够同时保持。,有条件,M005；M031,已关联具体缺陷，见问题主账
V273,07_行省化的边界.md,234,## 八、最终裁定：可扩展的法兰西，不等于可吞并的欧洲,**第三层：不宜作为现实主线。**将西班牙、南德、奥地利、俄国、英国等不同体系一并取消主权，在1803—1848年间建成由巴黎直接治理的普通省份，要求法国连续赢得多场高风险战争，同时放弃足以换取和平的妥协，还要求新领土迅速补足征服成本。现有证据不足以支持这种链条。把时间延长到数代人，可以讨论一种逐渐联邦化、宪政化的欧洲，但那已经是另一个政治工程，不是拿破仑凭一次正确决策即可兑现的胜利方案。,主线,,本次核读未单列含混缺陷：可能为口径限定、已有排序、说明性文字或非结论；非史实/引注验收通过
V274,07_行省化的边界.md,236,## 八、最终裁定：可扩展的法兰西，不等于可吞并的欧洲,**因此，法国最可信的霸权道路，是扩大并稳固直接核心，以制度而非不断吞并控制盟国，再以有限承诺与外部强国共存。**这个结论既承认省化真正做到过的事，也拒绝把半个成功实验夸大为整个欧洲的宿命。,结论,M004,已关联具体缺陷，见问题主账
V275,08_新秩序的经济与社会.md,9,## 一、胜利的第一项收益，应当是停止让欧洲彼此贫困,**法国胜利后的经济主线，不应是把封锁无限延长，而应是把军事优势换成可长期使用的市场规则。**保护某些产业、限制军需品、为法国商品争取有利准入，均与全面禁止英国贸易不同。后者需要不断查验原产地、堵塞中立转运、惩罚自己的港口，最终使法国不得不对自身颁发例外许可证。,主线,,本次核读未单列含混缺陷：可能为口径限定、已有排序、说明性文字或非结论；非史实/引注验收通过
V276,08_新秩序的经济与社会.md,11,## 一、胜利的第一项收益，应当是停止让欧洲彼此贫困,1810年8月23日，拿破仑向欧仁强调“法国至上”——*la France avant tout*。这句话准确揭示了帝国经济政策的优先级。它能够获得法国制造业的支持，也会让盟邦明白：所谓共同大陆，未必意味着共同利益。〔经1〕,未必,,本次核读未单列含混缺陷：可能为口径限定、已有排序、说明性文字或非结论；非史实/引注验收通过
V277,08_新秩序的经济与社会.md,101,### 3．士兵站上海岸之后,判断一条关线是否值得守，因而先问三件事：有无连续河流或少数渡口可供控制；近处有无境外港市承接绕行；本地生产者是否也从限制进口中受益。萨克森的部分工业利益较容易与禁令同向，贝格、法兰克福和汉萨商人的利益则常与之相反。**合作可以省下部分执法费用；敌意会把一项税收制度变成长年的治安战。**,判断,,本次核读未单列含混缺陷：可能为口径限定、已有排序、说明性文字或非结论；非史实/引注验收通过
V278,08_新秩序的经济与社会.md,113,### 5．封锁为何能够伤害英国，却未必迫使英国投降,对英国而言，失去订单、库存积压、信用收缩和工人失业都是实质压力；对法国而言，棉花、糖、染料和其他原料涨价也是真实成本。两方可以同时受伤，而较能替换市场、融资和航路的一方未必先屈服。,未必,,本次核读未单列含混缺陷：可能为口径限定、已有排序、说明性文字或非结论；非史实/引注验收通过
V279,08_新秩序的经济与社会.md,123,### 6．一次性收入不是永久机器,同样，海关净收入与海关人员总工资，若涵盖税种和职能不同，就不能直接相减宣布“整个海关亏损”。征盐税、执法、军事控制和一般关税征收之间存在机构重叠。准确的判断应是：**封锁越依赖高强度检查，维持它的行政和政治成本越高；现有账目不足以给出整个体系一个统一净利润率。**,判断,,本次核读未单列含混缺陷：可能为口径限定、已有排序、说明性文字或非结论；非史实/引注验收通过
V280,08_新秩序的经济与社会.md,125,### 6．一次性收入不是永久机器,政策结论不因此悬空。继续扩大封锁执法区，意味着同时扩大法国需要警察、军队和补偿的范围；用稳定关税替代全面禁运，则能把部分非法利润转为税收，并降低盟邦背约的收益。后者是和平秩序的较优方向。,结论,,本次核读未单列含混缺陷：可能为口径限定、已有排序、说明性文字或非结论；非史实/引注验收通过
V281,08_新秩序的经济与社会.md,137,### 1．巴黎的钱，未必装在驶向巴黎的船上,这套网络支持一个重要反事实判断：法国不必拥有全球制海权，才可能获得海外金融资源；但它必须给中介留下利润，并尊重足以使汇票被接受的产权与偿付安排。大陆和平后，巴黎最有价值的海上盟友，可能不是一艘新增战舰，而是一张能在伦敦、阿姆斯特丹和汉堡兑现的商业票据。,判断,M007,已关联具体缺陷，见问题主账
V282,08_新秩序的经济与社会.md,145,### 2．费用很多，但不能把每个百分数都扣一遍,能够成立的结论是：战争提高了跨境转移成本，且政治信用有独立价格。具体交易可以很昂贵，但仍可能比切断网络更有利。取消敌对状态、保护中介和减少任意扣押，通常比试图把所有结算强迫迁到巴黎更有效。,结论,,本次核读未单列含混缺陷：可能为口径限定、已有排序、说明性文字或非结论；非史实/引注验收通过
V283,08_新秩序的经济与社会.md,151,### 3．1805年的危机：有税收，不等于有现金,这不是“法国永远没有信用”的证明。它说明期限、抵押品和支付承诺需要匹配。战争财政若把尚未取得的海外白银，当作已经能够兑付的巴黎现金，哪怕帝国税收庞大，也会在到期日发生危机。,尚未,,本次核读未单列含混缺陷：可能为口径限定、已有排序、说明性文字或非结论；非史实/引注验收通过
V284,08_新秩序的经济与社会.md,198,### 4．罗斯柴尔德会改变业务，不会因没有滑铁卢而不存在,这些资产的成长说明金融中介能够迅速扩张；它们不允许我们推导，在法国胜利的另一个1825年，该家族一定拥有某个精确数额。最可信的方向是：反法补贴与战败法国赔款业务缩小，贸易融资、法国及盟邦贷款、基础设施融资的份额上升。能否承销法国债，取决于法国愿不愿意提供偿付信用，而不是银行家天然属于哪一个阵营。,取决于,,本次核读未单列含混缺陷：可能为口径限定、已有排序、说明性文字或非结论；非史实/引注验收通过
V285,08_新秩序的经济与社会.md,208,### 1．英国的领先，不是一台蒸汽机的领先,因此，和平和进口能够加速追赶，但“法国一旦获胜，所有技术差距同时缩短二十年”没有依据。不同部门必须分别判断。蒸汽、动力织机、冶金、化学、精密制造和铁路不是同一条时间线。,判断,,本次核读未单列含混缺陷：可能为口径限定、已有排序、说明性文字或非结论；非史实/引注验收通过
V286,08_新秩序的经济与社会.md,224,### 3．化学的成功与替代品的代价,这些实验留下知识、设备和后来的产业机会，不能只按某一年成败判死刑。但在短期战争中，实验尚未提供的产出不能拿来填补供应缺口。**成功的进口替代是某项产品在特定成本下可以生产，不是欧洲因有化学家便不再需要外部世界。**,尚未,,本次核读未单列含混缺陷：可能为口径限定、已有排序、说明性文字或非结论；非史实/引注验收通过
V287,08_新秩序的经济与社会.md,240,### 4．煤与铁：法国最重要的产业边疆在比利时,最合理的产业推演是：**若比利时留在稳定、通商的法国核心内，瓦隆可以成为帝国煤铁与机械中心；其崛起有较强的资源和技能基础，但具体速度取决于资本与市场。**长期封锁、任意债务处置和不断抽走资金用于战争，会让法国拥有煤田却迟迟不能充分利用它。,取决于,M036,已关联具体缺陷，见问题主账
V288,08_新秩序的经济与社会.md,262,## 七、制造业的收益与国家税源,再次，判断国家抽走社会收入的比例，需要包含农业、服务业等部门的同口径增加值，也要统一国土范围。制造业毛产值包含重复投入，既不是全国收入，也与帝国国库的疆界未必相同。直接以税收相除，会夸大所谓“国家汲取率”。,判断、既不、未必,,本次核读未单列含混缺陷：可能为口径限定、已有排序、说明性文字或非结论；非史实/引注验收通过
V289,08_新秩序的经济与社会.md,264,## 七、制造业的收益与国家税源,保留这些限制，不会使经济结论失去方向。工业化需要把短期商业信用转成长期投资，需要可预测税制和可持续市场；反复战争、提款与资产没收会提高这个转换的成本。**法国有积累能力，问题是帝国愿意把多少积累留给企业，而不是把它全部提前征用于下一场战争。**,结论,,本次核读未单列含混缺陷：可能为口径限定、已有排序、说明性文字或非结论；非史实/引注验收通过
V290,08_新秩序的经济与社会.md,274,## 八、货币统一：法郎可以跨境，财政信用不会自动跨境,拿破仑式秩序最可能首先达到的，是**浅层货币协调**：共同重量成色、清楚的兑换规则、限制辅币滥发、政府间结算安排。更深的一体化需要财政承诺与危机分担，而这些恰好是各国最不愿交给巴黎的权力。,最可能,,本次核读未单列含混缺陷：可能为口径限定、已有排序、说明性文字或非结论；非史实/引注验收通过
V291,08_新秩序的经济与社会.md,278,## 八、货币统一：法郎可以跨境，财政信用不会自动跨境,**结论是扩大兼容，而不是强迫所有账本立刻只剩一种货币。**这条路线与多中心金融网络相容，也比把币制统一当作主权吞并的替代标志更可靠。,结论,,本次核读未单列含混缺陷：可能为口径限定、已有排序、说明性文字或非结论；非史实/引注验收通过
V292,08_新秩序的经济与社会.md,303,### 2．法国已经拥有可供和平使用的河流制度,主线保留荷兰王国，故河口主权与通航权仍须以条约处理，不能借用史实1810年兼并荷兰的事实，宣称所有争议已经消失。法国可以利用自身优势推动共同航行规则，也必须允许荷兰得到收费、引航、工程和贸易方面的合理安排。,主线,,本次核读未单列含混缺陷：可能为口径限定、已有排序、说明性文字或非结论；非史实/引注验收通过
V293,08_新秩序的经济与社会.md,307,### 2．法国已经拥有可供和平使用的河流制度,最明确的结论是：**安特卫普的商业价值应当高于把它永久作为对英入侵象征的价值。**法国若能接受有限海军安排换取稳定商路，所得不仅是港口收入，也是比利时、莱茵与北法更紧密的经济联系。,结论,M012,已关联具体缺陷，见问题主账
V294,08_新秩序的经济与社会.md,313,### 3．铁路不是1803年的秘密武器,铁路会在十九世纪上半叶进入欧洲政治，但不应提前成为拿破仑战役的万能运输工具。法国拥有工程教育与国家组织能力；英国技术人员、机床、焦炭冶金、私人资本和成熟订单，同样决定建设速度。同代回顾将法国1841年底运营铁路列为约569公里；这与旧稿319公里的口径冲突。本书采用约570公里的量级判断，不让有冲突的精确基数支撑“提前多少年”的推演。〔经12〕,判断,,本次核读未单列含混缺陷：可能为口径限定、已有排序、说明性文字或非结论；非史实/引注验收通过
V295,08_新秩序的经济与社会.md,321,### 3．铁路不是1803年的秘密武器,本书给出的路线判断是：通商、有限驻军和信用稳定的法国，最有希望先建设北法—比利时—莱茵以及巴黎—里昂等高需求走廊；持续封锁和全面行省化占领，会挤压这些投资。**和平不是铁路自动提前的保证，却是让技术进步真正转化为帝国力量的必要政策条件之一。**,判断,M007；M036,已关联具体缺陷，见问题主账
V296,08_新秩序的经济与社会.md,335,### 1．农民解放不等于所有农民获得土地,据此，法国胜利后的农村最可能呈现多种结构并存：直接核心内有较稳固的法律平等与财产市场；部分客户王国保留贵族和大地主的强势；东部和中部地区继续围绕赎买、劳役与地权调整发生争执。长期法国秩序不会自动成为一个自耕农乌托邦。,最可能,,本次核读未单列含混缺陷：可能为口径限定、已有排序、说明性文字或非结论；非史实/引注验收通过
V297,08_新秩序的经济与社会.md,341,### 2．谁会支持和平帝国,他们不必热爱波拿巴王朝的每一位成员。他们只须判断：维持这个制度，比重新战争和政权更替更能保护自身利益。帝国的长期性来自这种分散判断，而不是一次永远有效的加冕。,判断,M035,已关联具体缺陷，见问题主账
V298,08_新秩序的经济与社会.md,373,### 3．反对派会变，冲突不会凭一场胜利消失,到1840年代，城市人口、产业劳动、报刊和受教育阶层的成长，很可能使原有政治框架承压。**主线结论是持续的代表权与社会改革要求，而不是史实1848年革命在相同日期、相同城市、由相同人物重复发生。**,主线、结论,,本次核读未单列含混缺陷：可能为口径限定、已有排序、说明性文字或非结论；非史实/引注验收通过
V299,08_新秩序的经济与社会.md,401,### 3．1816年会有气候危机，饥荒规模不是预先写好的,坦博拉1815年的喷发属于与拿破仑外交选择基本独立的地质事件；欧洲1816年的冷湿天气可以作为共同外部冲击。但它不是整个欧洲同时同量减产，更不是“无雨之年”。粮价、饥饿和死亡还取决于收成地区差异、储备、进口、禁粮和购买力。〔经18〕,取决于,,本次核读未单列含混缺陷：可能为口径限定、已有排序、说明性文字或非结论；非史实/引注验收通过
V300,08_新秩序的经济与社会.md,405,### 3．1816年会有气候危机，饥荒规模不是预先写好的,在和平主线中，帝国应允许跨区调粮、临时降低粮食进口壁垒、提供救济信用，并避免军队优先征走地方余粮。这里的判断很具体：**气候冲击仍然发生，开放商路和较低军事负担有望减轻人祸部分。**不必编造一个全国少死多少人的数字，才能判断哪种政策更好。,主线、判断、有望,M037,已关联具体缺陷，见问题主账
V301,08_新秩序的经济与社会.md,413,## 十三、一个更富裕、却发展不均的大陆,Acemoglu、Cantoni、Johnson与Robinson关于法国革命制度遗产的研究，主要观察更晚的城市化与改革关系；Juhász关于临时保护的研究，说明部分棉纺地区可能从战争时期隔离中积累技术；Kopsidis与Bromley则质疑改革编码并强调煤炭和地方发展；Keller与Shiue对关税同盟的研究，显示内部壁垒下降与市场价格整合的关系。这些研究应当共同进入判断，而不是只抽取一个正系数给法国胜利背书。〔经19〕,判断,,本次核读未单列含混缺陷：可能为口径限定、已有排序、说明性文字或非结论；非史实/引注验收通过
V302,08_新秩序的经济与社会.md,417,## 十三、一个更富裕、却发展不均的大陆,本书的结论分为四项。,结论,,本次核读未单列含混缺陷：可能为口径限定、已有排序、说明性文字或非结论；非史实/引注验收通过
V303,08_新秩序的经济与社会.md,419,## 十三、一个更富裕、却发展不均的大陆,**第一，有限霸权、恢复贸易的欧洲，整体经济表现最可能好于反复大陆战争与全面封锁。**减少人员、马匹、资本和商业网络的破坏，是证据最强的收益。收益不会全部归法国，英国、荷兰、德意志商人也会分享。,最可能,M013,已关联具体缺陷，见问题主账
V304,08_新秩序的经济与社会.md,421,## 十三、一个更富裕、却发展不均的大陆,**第二，法国及其直接核心有望成为规模更大的大陆经济体，但英国在蒸汽、煤炭、海运与国际信用方面仍保有显著优势。**拥有比利时和莱茵的总量，不等于每个居民都比英国人生产率更高。,有望,M013；M036,已关联具体缺陷，见问题主账
V305,08_新秩序的经济与社会.md,423,## 十三、一个更富裕、却发展不均的大陆,**第三，盟邦的表现取决于法国是否放弃单向优惠。**若意大利被长期限制为生丝供应地、贝格仍被挡在法国市场之外，其利益冲突会不断增长；若建立互惠准入，部分大陆工业区的成长可以成为霸权的社会基础。,取决于,,本次核读未单列含混缺陷：可能为口径限定、已有排序、说明性文字或非结论；非史实/引注验收通过
V306,09_另一条十九世纪.md,17,### 1．把战果变成有期限、有边界的承诺,主线从1807年7月出发。法国已经付出特拉法加与大陆战争的代价，也已经取得真实的军事优势。此时应当优先防止三条新的战争链同时形成：伊比利亚的王朝危机、封锁执法引发的沿海兼并，以及波兰与俄国关系的持续升级。,主线,M003,已关联具体缺陷，见问题主账
V307,09_另一条十九世纪.md,29,### 2．这些让步也会遭到法国自己的反对,受保护的制造商可能反对扩大英国商品准入；军人担心晋升与封赏减少；皇帝可能认为胜利者不该先付出妥协。法国在西班牙没有陷入泥潭，也可能更高估自己对俄国的威慑，而不是更愿意克制。,可能反对扩大英国商品准入；军人担心晋升与封赏减少；皇帝可能认为胜利者不该先付出妥协。法国在西班牙没有陷入泥潭，也可能,,本次核读未单列含混缺陷：可能为口径限定、已有排序、说明性文字或非结论；非史实/引注验收通过
V308,09_另一条十九世纪.md,31,### 2．这些让步也会遭到法国自己的反对,所以，主线不是一组按下之后自动产生和平的开关。它需要用财政预算、盟约、复员安排和商业补偿，把反对力量逐一转化。拿破仑有足够权力启动这个转向，却需要以自己的权力为代价使转向可信。,主线,M002,已关联具体缺陷，见问题主账
V309,09_另一条十九世纪.md,43,### 1．奥地利仍可能再战,如果奥地利仍发动战争，法国可以进行一次目标有限的防御与反击，而不是把胜利自动兑换成更广泛的占领。此时才可能出现新的割地、联姻或补偿谈判。史实1809年战争、1810年婚姻和1811年皇太子出生，是这类分支的资料参照，不是主线每一环都已经预订好的事件。,主线,,本次核读未单列含混缺陷：可能为口径限定、已有排序、说明性文字或非结论；非史实/引注验收通过
V310,09_另一条十九世纪.md,51,### 2．普鲁士可以被削弱，却不宜变成永远受辱的空壳,最合理的主线，是一个受到约束、规模较小但仍能正常存在的普鲁士；奥地利相对更强，南德诸邦保留自己的利益。由此产生的德意志，不会自然走向史实普鲁士领导的统一。长期结果更可能是法国、奥地利、普鲁士与中等邦国继续竞争，而非巴黎把所有德意志政治永久冻结。〔终2〕,主线、更可能,,本次核读未单列含混缺陷：可能为口径限定、已有排序、说明性文字或非结论；非史实/引注验收通过
V311,09_另一条十九世纪.md,57,### 3．俄国和平的代价，是承认俄国会恢复力量,俄法协定应围绕可观察事项：边境兵力、华沙公国范围、贸易规则、普鲁士生存与补偿程序。法国不承诺替波兰人恢复所有旧疆域，俄国也不应把摧毁华沙公国作为法国稍有困难时的当然权利。两方可以相互约束，不能要求对方失去一切自主判断。〔终3〕,判断,,本次核读未单列含混缺陷：可能为口径限定、已有排序、说明性文字或非结论；非史实/引注验收通过
V312,09_另一条十九世纪.md,59,### 3．俄国和平的代价，是承认俄国会恢复力量,所以，**俄国十年不参战，不等于俄国接受法国永久统治欧洲；法国避免1812年灾难，也不等于俄国从此退出欧洲。**主线应当按一个能够重新议价的冷和平来规划。其寿命不能用“半衰期八至十二年”这样未经估计的数字包装，但其改善方向足够明确：越少在波兰、贸易和王朝权益上突然加价，越有可能延长和平。,主线,,本次核读未单列含混缺陷：可能为口径限定、已有排序、说明性文字或非结论；非史实/引注验收通过
V313,09_另一条十九世纪.md,77,## 四、英国：一场未必签字的和平,英国是否签字具有不确定性；法国的成功不应全部押在一次签字上。但这也限制“胜利”的含义：武装共存可以保护法国大陆优势，不能被称作英国已经被法国控制。,不确定,M009；M012,已关联具体缺陷，见问题主账
V314,09_另一条十九世纪.md,89,### 1．四种关系，各用一套规则,| 主权盟国或有条件伙伴 | 西班牙、奥地利及不同程度合作的其他国家 | 特定安全、贸易和外交承诺 | 不任意废立，不随时增加无限贡赋 |,有条件,,本次核读未单列含混缺陷：可能为口径限定、已有排序、说明性文字或非结论；非史实/引注验收通过
V315,09_另一条十九世纪.md,100,### 2．军费从临时征发变为共同预算,这样的军队未必在某一天达到最大名册数，却更可能在十年后仍然可以动员。长期霸权需要的是持续可支付的威慑，不是一次将所有人口与库存压上赌桌的动员纪录。,未必、更可能,,本次核读未单列含混缺陷：可能为口径限定、已有排序、说明性文字或非结论；非史实/引注验收通过
V316,09_另一条十九世纪.md,122,### 5．共同财政可能先于共同国旗,还可以作出一个更进取的判断：**到1830—1848年，法国主导秩序最有希望出现的中央集权，不是先取消各国王冠，而是先建立各国都退出不起的共同财政。**入口可以很窄：为跨境河运、铁路、要塞和共同防务设立常设基金，由参加国按约定缴款，以指定关税收入偿付共同工程债。法国承担较大份额和部分担保，盟国换取市场准入与融资条件。,判断,M007；M034,已关联具体缺陷，见问题主账
V317,09_另一条十九世纪.md,138,### 1810年代后半：从战争财政转入和平政治,法国在这几年最有可能获得的，不是突然消灭所有反对，而是使越来越多人的生活不再以明年是否又有战争为中心。这个变化将增强帝国，也使社会开始要求战争结束后的政治回报。,最有可能,,本次核读未单列含混缺陷：可能为口径限定、已有排序、说明性文字或非结论；非史实/引注验收通过
V318,09_另一条十九世纪.md,146,### 1820年代：王朝安排与区域自主共同上桌,美洲也不会暂停历史。即使避免了1808年王权真空，地方精英仍有税收、任官、贸易和代表权诉求；法国最能帮助西班牙保存的，是合法性和谈判空间，不是一个永远不变的十八世纪殖民体制。墨西哥、安第斯、拉普拉塔、新格拉纳达和加勒比的结果应分别判断，不能以“全独立”或“全保留”一词盖过区域差异。,判断,,本次核读未单列含混缺陷：可能为口径限定、已有排序、说明性文字或非结论；非史实/引注验收通过
V319,09_另一条十九世纪.md,150,### 1830年代：更大的市场，需要更大的参与,和平、教育、商业与工业的成长，会扩大能够组织请愿、读报和讨论国家事务的人群。法国可能拥有一个更广阔的煤铁与制造业核心，也可能面对更有能力批评它的地方社会。,可能拥有一个更广阔的煤铁与制造业核心，也可能,,本次核读未单列含混缺陷：可能为口径限定、已有排序、说明性文字或非结论；非史实/引注验收通过
V320,09_另一条十九世纪.md,152,### 1830年代：更大的市场，需要更大的参与,如果帝国将这些要求吸收进代表机构、预算和地方权利，它有机会成为一个军事实力很强的立宪国家；如果继续依赖审查和警察，诉求便更可能在秘密社团、军官行动和民族自治中结合。,更可能,M002；M035,已关联具体缺陷，见问题主账
V321,09_另一条十九世纪.md,158,### 1840年代：危机的中心是政治适应，不是一个预定革命日期,一个法国胜利的欧洲，很可能仍面临收成波动、信用危机、劳动冲突与代表权要求。它们可以汇合为大危机，但未必在1848年二月由巴黎以完全相同的方式点火。,未必,,本次核读未单列含混缺陷：可能为口径限定、已有排序、说明性文字或非结论；非史实/引注验收通过
V322,09_另一条十九世纪.md,160,### 1840年代：危机的中心是政治适应，不是一个预定革命日期,若拿破仑活到1848年，他将年近七十九。这个分支的主要问题是授权、健康变化、宫廷与军队的代际更替，而不是仍以1805年的个人指挥方式统治欧洲。更可能出现的是由大臣、皇储和军政集团承担实际治理、老皇帝保有象征与最终裁断权的安排；权责不清则会增加继承前的派系争斗。,更可能,M038,已关联具体缺陷，见问题主账
V323,09_另一条十九世纪.md,162,### 1840年代：危机的中心是政治适应，不是一个预定革命日期,若拿破仑已经去世，危机的对象可能是幼主摄政、成年继承人，或旁支王朝。法国行政国家即使仍然有效，王朝形式也可能被迫改变。**最有可能继续存在的，是法律、税收、官僚与经济联系；最需要重新争取的，是个人王朝对这些制度的独占。**,可能是幼主摄政、成年继承人，或旁支王朝。法国行政国家即使仍然有效，王朝形式也可能、最有可能,M038,已关联具体缺陷，见问题主账
V324,09_另一条十九世纪.md,168,## 七、这场胜利将把世界的重心移向哪里,前面的推演已经给出一条能够运作的主线。还可以再向前一步：不只问法国避免了什么灾难，而问一个幸存并继续成长的法国帝国，会给十九世纪留下什么不同。以下是本书根据已知制度和利益关系作出的进一步判断，尚非资料已经证明的结果；它们有明确方向，也允许新证据改变排序。,主线、判断,M001,已关联具体缺陷，见问题主账
V325,09_另一条十九世纪.md,182,### 2．法国的增长轴会北移，帝国政治也会随之改变,由此可以作出比“和平有益经济”更具体的判断：帝国中的制造商、铁路投资者、工程人员和城市有产者会更有能力要求统一商业规则、可靠法院和预算监督。拿破仑为增强国家而保存的产业核心，最终也会成为限制皇权的社会基础。,判断,M035,已关联具体缺陷，见问题主账
V326,09_另一条十九世纪.md,184,### 2．法国的增长轴会北移，帝国政治也会随之改变,法国主导地位未必因此衰落。相反，王朝若承认议价，可能把军事胜利变成更坚实的国家共同体；若仍把每次预算异议当作背叛，就会在最有钱、最有组织、也最值得保有的地区制造政治敌人。帝国的下一场决定性较量，可能发生在预算和代表权上，而非新的奥斯特里茨。,未必,M035,已关联具体缺陷，见问题主账
V327,09_另一条十九世纪.md,188,### 3．美洲不会成为法国后院，却可能出现更顽强的王朝国家,**法国胜利最可能改变的，是美洲国家形成的方式，而不只是独立年份。**若西班牙王朝没有在1808年被摧毁，墨西哥和秘鲁的地方保王联盟就少了一次围绕最高主权的剧烈分裂。它们有机会沿着自治王国、同君关系或谈判独立的道路形成国家，保留更多原有税务、军队和司法组织。第六章所列墨西哥财政、利马军需与地方捐输，说明这些组织并非空壳。,最可能,M019,已关联具体缺陷，见问题主账
V328,09_另一条十九世纪.md,190,### 3．美洲不会成为法国后院，却可能出现更顽强的王朝国家,这样的国家未必更民主，却可能比长期内战之后的继承国家更早恢复信用和军饷。由此可以大胆判断：美国向墨西哥北部扩张会遇到更有持续性的对手，边疆也更可能成为长期议价和局部战争的地带，而非顺着史实节奏迅速改色。但这一判断仍受人口、移民、边疆驻防和地方离心牵制；法国援助是放大当地国家能力，不是替墨西哥守住每一条边界。,未必、判断、更可能,M039,已关联具体缺陷，见问题主账
V329,09_另一条十九世纪.md,196,### 4．英国的全球扩张会改道，而不是停止,**一个更强的大陆法国，较可能把英国的战略注意力进一步推向印度洋、波斯湾和红海。**欧洲陆上盟友的收益降低时，英国更有理由保护能直接支持商业与海军的基地和通道。法国的存在既会提高英国扩张成本，也可能促使英国提前控制某些被认为容易受法国影响的节点。第七章所见1809年波斯、阿富汗与锡克外交，已展示后一机制。,较可能,,本次核读未单列含混缺陷：可能为口径限定、已有排序、说明性文字或非结论；非史实/引注验收通过
V330,09_另一条十九世纪.md,200,### 4．英国的全球扩张会改道，而不是停止,印度、东南亚与中国的后续冲突仍会发生，但不会只由法国胜负决定。公司财政、茶叶支付、鸦片贸易、地方抵抗与伦敦议会改革，都有自己的动力。本书倾向判断：英国全球帝国的扩张更曲折、更重视预防性控制，却不会因此全面收缩；法国得到的则是更多议价支点，而非一座现成的第二印度帝国。,判断,M028；M029,已关联具体缺陷，见问题主账
V331,09_另一条十九世纪.md,206,### 5．最深的改变，是欧洲不再只有一种国家建构道路,**本书更看好一种逐渐立宪、区域差异显著、仍有强烈王朝色彩的大陆秩序，而不是直到1848年都丝毫不变的个人军事帝国。**它可能出现由皇帝维系的多国联盟，也可能在若干核心地区发展出真正的共同财政和代表机构。法国文化会更强势，地方语言和政治认同也可能更清晰；两者并非只能一消一长。,可能出现由皇帝维系的多国联盟，也可能在若干核心地区发展出真正的共同财政和代表机构。法国文化会更强势，地方语言和政治认同也可能,M002,已关联具体缺陷，见问题主账
V332,09_另一条十九世纪.md,208,### 5．最深的改变，是欧洲不再只有一种国家建构道路,这条判断并未预先宣告帝国必然开明。最危险的竞争分支，是皇权把和平时期增长起来的新社会力量继续压在战时制度之下。那时民族自治、宪制要求、工人抗议和王朝继承就更容易汇成同一场危机。法国仍可能保住国家能力，却失去拿破仑为之安排的政治外壳。胜利改变的不是社会从此有没有冲突，而是这些冲突在什么疆域、什么制度和什么力量对比下发生。〔经13〕〔经14〕〔经15〕,判断,,本次核读未单列含混缺陷：可能为口径限定、已有排序、说明性文字或非结论；非史实/引注验收通过
V333,09_另一条十九世纪.md,216,### 1．法国的胜利究竟是什么,最强的竞争解释必须保留：英国可能始终认为法国控制低地和大陆海岸过于危险；奥俄也可能把法国有限霸权视为只能暂时容忍的安排。因而自限不是必胜药方。它的优势在于降低形成下一次联盟的共同收益，并保存法国应对再战的资源；它没有消灭对手的选择。,可能始终认为法国控制低地和大陆海岸过于危险；奥俄也可能,,本次核读未单列含混缺陷：可能为口径限定、已有排序、说明性文字或非结论；非史实/引注验收通过
V334,09_另一条十九世纪.md,220,### 2．整个欧洲行省化：最终答案,**在1803—1848年的能力与政治条件下，没有得到证据支持的全欧洲行省化主线。**有限邻接并合有现实基础，较大扩展存在需严苛条件才能闭合的方案，不能笼统宣布所有扩展都绝无可能。,主线,,本次核读未单列含混缺陷：可能为口径限定、已有排序、说明性文字或非结论；非史实/引注验收通过
V335,09_另一条十九世纪.md,222,### 2．整个欧洲行省化：最终答案,但跨过西班牙、奥地利、俄国和英国等不同国家体系后，法国面对的不只是多征几万人的问题，而是怎样用一套持续可支付的制度取代多个独立的军队、债务、统治联盟与安全利益。已经能够供兵和纳税的盟国，被取消主权之后也未必继续以同样成本合作。现有材料没有提供完成这种转化的连贯路径。,未必,,本次核读未单列含混缺陷：可能为口径限定、已有排序、说明性文字或非结论；非史实/引注验收通过
V336,09_另一条十九世纪.md,228,### 3．英国海上优势会缩小到什么程度,**法国可以从受封锁的挑战者，成长为在欧洲近海有力争夺优势的第二海上强国；英国的全球部署优势仍较可能保持。**1830年舰体接近英国的某些模型结果，只在稳定预算、训练、商船人力、基地和英国反应等条件下成立。,较可能,M006；M010,已关联具体缺陷，见问题主账
V337,09_另一条十九世纪.md,234,### 4．西班牙：波旁、波拿巴，还是共和国,**主线是保留波旁君主制，较长时期内由行政改革、宫廷政治和有限宪制要求共同塑造，而不是立即变成共和国。**波旁立宪是可发展的分支，但不应把史实加的斯宪法原样提前或强制复制。,主线,M016,已关联具体缺陷，见问题主账
V338,09_另一条十九世纪.md,236,### 4．西班牙：波旁、波拿巴，还是共和国,波拿巴君主制需要另一次废立或王朝安排，恰好会重开主线试图避免的合法性问题；共和国在当时本土政治组织与法国皇帝的政策偏好中，都不是最有根据的首选。若法国坚持废立，便应另开高成本分支，而不把其结果混入保留波旁的和平线。,主线,,本次核读未单列含混缺陷：可能为口径限定、已有排序、说明性文字或非结论；非史实/引注验收通过
V339,09_另一条十九世纪.md,242,### 5．罗马王与意大利：会统一中南部吗,主线更可能保留少数较大的意大利政治单位：北部王国、那不勒斯王国与有一定领地的教廷，外加法国已并入的西北地区。它不是把所有旧小邦原样恢复，也不是立即统一全半岛。,主线、更可能,,本次核读未单列含混缺陷：可能为口径限定、已有排序、说明性文字或非结论；非史实/引注验收通过
V340,09_另一条十九世纪.md,244,### 5．罗马王与意大利：会统一中南部吗,如果出现亲生继承人、王朝协商和新的领土交换，北中意大利进一步整合比贯通那不勒斯并夺得西西里更可行。包含中南部的统一需要安置教皇、欧仁、约瑟夫及其他权利人，处理奥地利与英国反应；它是远端条件分支，不是当然结局。主线不把约瑟夫送去西班牙，也就不自动把缪拉安到那不勒斯。,主线,M032,已关联具体缺陷，见问题主账
V341,09_另一条十九世纪.md,248,### 6．普鲁士还会压过奥地利吗,**1807年主线下，奥地利在可见中期内更有条件保持相对优势；普鲁士不会自动获得史实1815年后的莱茵资源和领导德意志的机会。**普鲁士仍可能改革和复兴，奥地利仍有多民族和财政问题，因此不能将相对强弱永久冻结。,主线、有条件,,本次核读未单列含混缺陷：可能为口径限定、已有排序、说明性文字或非结论；非史实/引注验收通过
V342,09_另一条十九世纪.md,256,### 7．法国能否帮助西班牙保住美洲,墨西哥的银矿与地方财政，秘鲁的王党基地，拉普拉塔对海路的依赖，新格拉纳达与委内瑞拉的内部政治，以及古巴的贸易与奴隶制度，决定它们不会同步行动。相较史实，较可能出现的是更迟、更不均衡、更多自治与王朝妥协并存的转型。,较可能,,本次核读未单列含混缺陷：可能为口径限定、已有排序、说明性文字或非结论；非史实/引注验收通过
V343,09_另一条十九世纪.md,270,## 九、哪些失败分支最值得预备,主线的价值，不只在于描述顺利发展，也在于说明哪里一旦出问题，应怎样止损。,主线,,本次核读未单列含混缺陷：可能为口径限定、已有排序、说明性文字或非结论；非史实/引注验收通过
V344,09_另一条十九世纪.md,288,## 十、结语：能长久的，不会是最大的拿破仑帝国,他所缺少的，是把这些优势转换成有限而可信承诺的意愿和制度。法国越能证明自己不会把每一次合作都变成下一次兼并的起点，越容易取得本来必须靠占领才能取得的安全。相反，帝国越把一切主权都当作尚未完成的征服，就越需要同时养活军队、警察、债务与恐惧。,尚未,,本次核读未单列含混缺陷：可能为口径限定、已有排序、说明性文字或非结论；非史实/引注验收通过
V345,10_资料附编.md,72,### 条约许诺了多少，实际又付了多少,| 条约或处分 | 应付额 | 1814年尚未付 | 原表实收 |,尚未,,本次核读未单列含混缺陷：可能为口径限定、已有排序、说明性文字或非结论；非史实/引注验收通过
V346,10_资料附编.md,206,### 法国对外贸易，1787—1824年,两套数字的差别不能仅凭总数认定全由年份长度造成。统计边界、估值与编纂过程仍须分别考虑。尤其1811年627并非帝国最后几年中的绝对最低值：1813年605、1814年585更低。战争与封锁损害贸易的结论成立，不需要一条错误的“最低点”叙事。,结论,,本次核读未单列含混缺陷：可能为口径限定、已有排序、说明性文字或非结论；非史实/引注验收通过
V347,10_资料附编.md,277,### 阿尔萨斯工商业者的经营规模,这张表使“法国工业正在成长”从一句口号落到可见的行业与经营者，也显示工厂、贸易、家庭财富和信贷仍交织在一起。但它只是地方商会样本：既不代表全国企业规模分布，也不能据此宣称英国企业普遍比法国大一至两个数量级。〔资3〕,既不,,本次核读未单列含混缺陷：可能为口径限定、已有排序、说明性文字或非结论；非史实/引注验收通过
V348,10_资料附编.md,317,### 从局部改革到大陆繁荣，中间还有哪些环节,这不是把结论再退回十个问号。它给出了建设顺序：先停止破坏、打通市场与保护产权，再投资交通和技术；将长期制度收益留给逐步扩张的税源，而不提前花在1803年的军费中。**更富裕的大陆有一条可说明的路径；更富裕的大陆永久服从巴黎，则还需要分享利益和限制任意权力。**,结论,,本次核读未单列含混缺陷：可能为口径限定、已有排序、说明性文字或非结论；非史实/引注验收通过
V349,10_资料附编.md,338,### 工业化的尺度与人口的尺度,**本书对法国胜利世界的判断，因而保持在能够承担的层次：减少战争与贸易破坏方向有利，内部平等准入有助大陆成长，英国的产业和海运领先仍需长期追赶。**它不把模型生成的另一组人均GDP小数当成史料发现。,判断,,本次核读未单列含混缺陷：可能为口径限定、已有排序、说明性文字或非结论；非史实/引注验收通过
V350,10_资料附编.md,360,## 四、概率、模型与相互矛盾的旧结论,旧研究曾给出从1803年出发，到1815年或1848年秩序成立的多个概率带。其中一套把1848年结果放在约0.17%—4.44%，中点约1.27%；其他卡片又给出不同条件概率。保留这些研究工作的正确方式，不是把小数继续放在结论首页，而是说明它们怎样产生。,结论,,本次核读未单列含混缺陷：可能为口径限定、已有排序、说明性文字或非结论；非史实/引注验收通过
V351,10_资料附编.md,364,## 四、概率、模型与相互矛盾的旧结论,因此，本书把原概率计算保留在研究审计中，正文改用有顺序的结论群：较可信主线、必要条件、竞争分支和失败退路。**这是撤回不受证据支持的精度，不是撤回对问题的回答。**,结论、主线、退路,,本次核读未单列含混缺陷：可能为口径限定、已有排序、说明性文字或非结论；非史实/引注验收通过
V352,10_资料附编.md,372,### 敏感性设值留下了什么思路,为保留研究中较大胆的判断，同时避免小数伪装成统计事实，下表列出若干原设值。它们属于作者的条件裁量；不同事件、时间范围和依赖结构之间，不作相乘。,判断,,本次核读未单列含混缺陷：可能为口径限定、已有排序、说明性文字或非结论；非史实/引注验收通过
V353,10_资料附编.md,378,### 敏感性设值留下了什么思路,| 战败使存续判断乘0.3—0.5；宪制让渡增加10—15个百分点 | 战争失败削弱忠诚，权力分享可能提高存续 | 保留方向；不假定改革必能抵销指定幅度的战败 |,判断,,本次核读未单列含混缺陷：可能为口径限定、已有排序、说明性文字或非结论；非史实/引注验收通过
V354,10_资料附编.md,382,### 敏感性设值留下了什么思路,| 金融四条件都采纳的主观判断0.15—0.30 | 拿破仑愿不愿限制自身财政处置权 | 第九章区分长期信用承诺与战时阻断黄金的不同政策，不再沿用“充分条件”说 |,判断,,本次核读未单列含混缺陷：可能为口径限定、已有排序、说明性文字或非结论；非史实/引注验收通过
V355,10_资料附编.md,384,### 敏感性设值留下了什么思路,表中的条件字母与旧方案代码被译回实际问题。最有价值的不是区间端点，而是同一方向反复出现的关系：宗教和解、有限征兵、可靠偿债与稳定继承，可以互相加强；扩张、封锁和异常征敛，则容易把多种不满集中在同一个危机中。数字设值保留下来供追溯，结论由历史机制承担。〔资6〕,结论,,本次核读未单列含混缺陷：可能为口径限定、已有排序、说明性文字或非结论；非史实/引注验收通过
V356,10_资料附编.md,388,### 敏感性设值留下了什么思路,其一，兵员需求模型把“取消普鲁士”新增任务参数写为6.0千人，而注释说明其想采用4.5万—7.5万人的中值，即60千人。原程序又在高位乘二，所以单改成60会得到6万—12万，并不等于文字中的4.5万—7.5万。错误位置和方向可以确定，整个分支的最终区间则需要重新选择设定。本书不引用该分支未修订的评分来判断取消普鲁士是否划算；相关政治和军事分析仍支持保留一个可受约束的普鲁士。〔资6〕,判断,,本次核读未单列含混缺陷：可能为口径限定、已有排序、说明性文字或非结论；非史实/引注验收通过
V357,10_资料附编.md,392,### 敏感性设值留下了什么思路,其他研究结论则因事件定义不同发生冲突。“南美部分自治仍与西班牙保持王朝联系”不等于“整个西属美洲都保留马德里主权”；“法国能够在1830年接近英国主力舰体规模”不等于“法国能在一切海区击败英国”；“保留地方军团”不等于“地方国家主权必定保留”。本书分别处理，避免用一个含糊总词制造表面一致。,结论,,本次核读未单列含混缺陷：可能为口径限定、已有排序、说明性文字或非结论；非史实/引注验收通过
V358,10_资料附编.md,396,### 快速建立官署，与缓慢建立服从,研究摘录还提出“约十八个月建成纸面行政”的判断，并举汉堡糖厂约435家减至约40家、失业逾4.5万人，以及阿姆斯特丹人口十年减少约两成等数。这些材料试图揭示一个重要反差：行政接管很快，贸易与社会承受却可能恶化。但这些数的起讫年、城市边界、工厂单位与失业统计方式尚未逐项对齐；本书保留其作为待核指标，而不据此声称所有新省十八个月便完成行政整合，也不把城市十年变化全部归因于兼并。〔资8〕,判断、尚未,M040,已关联具体缺陷，见问题主账
V359,10_资料附编.md,400,### 快速建立官署，与缓慢建立服从,在各种可能改变本书结论的新证据中，最重要的是：拿破仑是否曾主动提出并准备执行一种**自己也受约束、不得单方撤回的对等安排**。若能找到1810—1812年这样一项实质提案，有限霸权的可行性会明显上升。原模型把影响设为路径概率翻倍，只是敏感性测试；历史论证所需的是提案内容、履行保障与对手反应，而不是“翻倍”本身。汉诺威谈判书面草案、俄国关税承诺、英国保险与入侵动员实绩、抵抗下降究竟来自和解还是镇压，分别检验同一条道路的其他环节。〔资6〕,结论,M040,已关联具体缺陷，见问题主账
V360,10_资料附编.md,404,## 五、仍值得研究的空缺，以及现在已经能够作出的判断,| 尚未完整取得的材料 | 它会改变什么精度 | 本书已经给出的判断 |,尚未、判断,,本次核读未单列含混缺陷：可能为口径限定、已有排序、说明性文字或非结论；非史实/引注验收通过
V361,10_资料附编.md,407,## 五、仍值得研究的空缺，以及现在已经能够作出的判断,| 指定五家兵工厂1803—1814逐厂年度验收峰值 | 单厂瓶颈与增产节奏 | 全国新造流量不能替代消耗掉的多年库存；枪、炮、火药分别判断 |,判断,M040,已关联具体缺陷，见问题主账
V362,10_资料附编.md,411,## 五、仍值得研究的空缺，以及现在已经能够作出的判断,| 全部海军编制、维修与训练实付账 | 1830年财政与舰队规模的联合闭合 | 区域海权追赶有路，全球压倒英国不是主线 |,主线,M040,已关联具体缺陷，见问题主账
V363,10_资料附编.md,417,## 五、仍值得研究的空缺，以及现在已经能够作出的判断,这些空缺仍然是空缺，没有被空洞的“待研究”填满，也没有被想象数值掩盖。它们限制的是精确范围和时点；现有材料已经足以排序主要政策，识别相互冲突的目标，并否定若干过强的结论。,结论,M001,已关联具体缺陷，见问题主账
V364,10_资料附编.md,419,## 五、仍值得研究的空缺，以及现在已经能够作出的判断,本书的完成形式，是一部有条件、有论证、有出处的历史推演，而不是宣称所有档案都已经穷尽。未取得的全册与原始账本、已读研究者的转引、直接校过的原表，在独立审计中分别登记。读者据此可以知道：哪些判断依靠较坚实的事实，哪些依靠机制比较，以及哪些新材料最可能使本书改变答案。,有条件、判断、最可能,,本次核读未单列含混缺陷：可能为口径限定、已有排序、说明性文字或非结论；非史实/引注验收通过
