event_id,event_month,news_date_london,news_status,description,market,window,start_month,end_month,start_yield_pct,end_yield_pct,yield_change_bp,start_price_proxy,end_price_proxy,price_proxy_return_pct,attribution,source_rows
war_resumption,1803-05,1803-05-17,not_verified,war resumption; May event month,UK_consol_3pct,month_before_to_event,1803-04,1803-05,4.75247525,5.00000000,24.7525,63.12500000,60.00000000,-4.9505,not_identified,M10. Mthly long-term rates!C610;C611
war_resumption,1803-05,1803-05-17,not_verified,war resumption; May event month,UK_consol_3pct,event_to_month_after,1803-05,1803-06,5.00000000,5.24017467,24.0175,60.00000000,57.25000000,-4.5833,not_identified,M10. Mthly long-term rates!C611;C612
war_resumption,1803-05,1803-05-17,not_verified,war resumption; May event month,UK_consol_3pct,bracketing_two_months,1803-04,1803-06,4.75247525,5.24017467,48.7699,63.12500000,57.25000000,-9.3069,not_identified,M10. Mthly long-term rates!C610;C612
war_resumption,1803-05,1803-05-17,not_verified,war resumption; May event month,UK_consol_3pct,bracketing_four_months,1803-03,1803-07,4.82897384,5.75539568,92.6422,62.12500000,52.12500000,-16.0966,not_identified,M10. Mthly long-term rates!C609;C613
war_resumption,1803-05,1803-05-17,not_verified,war resumption; May event month,FR_rente_5pct,month_before_to_event,1803-04,1803-05,9.82021071,9.53418737,-28.6023,50.91540442,52.44285437,3.0000,not_identified,mensuel!C42;C43
war_resumption,1803-05,1803-05-17,not_verified,war resumption; May event month,FR_rente_5pct,event_to_month_after,1803-05,1803-06,9.53418737,10.85350745,131.9320,52.44285437,46.06805700,-12.1557,not_identified,mensuel!C43;C44
war_resumption,1803-05,1803-05-17,not_verified,war resumption; May event month,FR_rente_5pct,bracketing_two_months,1803-04,1803-06,9.82021071,10.85350745,103.3297,50.91540442,46.06805700,-9.5204,not_identified,mensuel!C42;C44
war_resumption,1803-05,1803-05-17,not_verified,war resumption; May event month,FR_rente_5pct,bracketing_four_months,1803-03,1803-07,7.92083585,10.38784238,246.7007,63.12465118,48.13319089,-23.7490,not_identified,mensuel!C41;C45
invasion_scare,1803-08,,not_verified,"invasion scare; month chosen as descriptive, no isolated news date",UK_consol_3pct,month_before_to_event,1803-07,1803-08,5.75539568,5.54272517,-21.2671,52.12500000,54.12500000,3.8369,not_identified,M10. Mthly long-term rates!C613;C614
invasion_scare,1803-08,,not_verified,"invasion scare; month chosen as descriptive, no isolated news date",UK_consol_3pct,event_to_month_after,1803-08,1803-09,5.54272517,5.71428571,17.1561,54.12500000,52.50000000,-3.0023,not_identified,M10. Mthly long-term rates!C614;C615
invasion_scare,1803-08,,not_verified,"invasion scare; month chosen as descriptive, no isolated news date",UK_consol_3pct,bracketing_two_months,1803-07,1803-09,5.75539568,5.71428571,-4.1110,52.12500000,52.50000000,0.7194,not_identified,M10. Mthly long-term rates!C613;C615
invasion_scare,1803-08,,not_verified,"invasion scare; month chosen as descriptive, no isolated news date",UK_consol_3pct,bracketing_four_months,1803-06,1803-10,5.24017467,5.59440559,35.4231,57.25000000,53.62500000,-6.3319,not_identified,M10. Mthly long-term rates!C612;C616
invasion_scare,1803-08,,not_verified,"invasion scare; month chosen as descriptive, no isolated news date",FR_rente_5pct,month_before_to_event,1803-07,1803-08,10.38784238,9.89149608,-49.6346,48.13319089,50.54847074,5.0179,not_identified,mensuel!C45;C46
invasion_scare,1803-08,,not_verified,"invasion scare; month chosen as descriptive, no isolated news date",FR_rente_5pct,event_to_month_after,1803-08,1803-09,9.89149608,10.37110728,47.9611,50.54847074,48.21085989,-4.6245,not_identified,mensuel!C46;C47
invasion_scare,1803-08,,not_verified,"invasion scare; month chosen as descriptive, no isolated news date",FR_rente_5pct,bracketing_two_months,1803-07,1803-09,10.38784238,10.37110728,-1.6735,48.13319089,48.21085989,0.1614,not_identified,mensuel!C45;C47
invasion_scare,1803-08,,not_verified,"invasion scare; month chosen as descriptive, no isolated news date",FR_rente_5pct,bracketing_four_months,1803-06,1803-10,10.85350745,9.85773744,-99.5770,46.06805700,50.72157818,10.1014,not_identified,mensuel!C44;C48
trafalgar,1805-11,1805-11-06,Antipa_2016_p1071,21 October naval battle; London news 6 November,UK_consol_3pct,month_before_to_event,1805-10,1805-11,5.06329114,4.91803279,-14.5258,59.25000000,61.00000000,2.9536,not_identified,M10. Mthly long-term rates!C640;C641
trafalgar,1805-11,1805-11-06,Antipa_2016_p1071,21 October naval battle; London news 6 November,UK_consol_3pct,event_to_month_after,1805-11,1805-12,4.91803279,4.97925311,6.1220,61.00000000,60.25000000,-1.2295,not_identified,M10. Mthly long-term rates!C641;C642
trafalgar,1805-11,1805-11-06,Antipa_2016_p1071,21 October naval battle; London news 6 November,UK_consol_3pct,bracketing_two_months,1805-10,1805-12,5.06329114,4.97925311,-8.4038,59.25000000,60.25000000,1.6878,not_identified,M10. Mthly long-term rates!C640;C642
trafalgar,1805-11,1805-11-06,Antipa_2016_p1071,21 October naval battle; London news 6 November,UK_consol_3pct,bracketing_four_months,1805-09,1806-01,5.10638298,4.92813142,-17.8252,58.75000000,60.87500000,3.6170,not_identified,M10. Mthly long-term rates!C639;C643
trafalgar,1805-11,1805-11-06,Antipa_2016_p1071,21 October naval battle; London news 6 November,FR_rente_5pct,month_before_to_event,1805-10,1805-11,9.34635575,8.51556903,-83.0787,53.49678671,58.71598222,9.7561,not_identified,mensuel!C72;C73
trafalgar,1805-11,1805-11-06,Antipa_2016_p1071,21 October naval battle; London news 6 November,FR_rente_5pct,event_to_month_after,1805-11,1805-12,8.51556903,8.64445260,12.8884,58.71598222,57.84056238,-1.4909,not_identified,mensuel!C73;C74
trafalgar,1805-11,1805-11-06,Antipa_2016_p1071,21 October naval battle; London news 6 November,FR_rente_5pct,bracketing_two_months,1805-10,1805-12,9.34635575,8.64445260,-70.1903,53.49678671,57.84056238,8.1197,not_identified,mensuel!C72;C74
trafalgar,1805-11,1805-11-06,Antipa_2016_p1071,21 October naval battle; London news 6 November,FR_rente_5pct,bracketing_four_months,1805-09,1806-01,9.06607537,8.64198435,-42.4091,55.15065554,57.85708232,4.9073,not_identified,mensuel!C71;C75
austerlitz,1805-12,,not_verified,December battle; London market arrival not verified; window overlaps Trafalgar,UK_consol_3pct,month_before_to_event,1805-11,1805-12,4.91803279,4.97925311,6.1220,61.00000000,60.25000000,-1.2295,not_identified,M10. Mthly long-term rates!C641;C642
austerlitz,1805-12,,not_verified,December battle; London market arrival not verified; window overlaps Trafalgar,UK_consol_3pct,event_to_month_after,1805-12,1806-01,4.97925311,4.92813142,-5.1122,60.25000000,60.87500000,1.0373,not_identified,M10. Mthly long-term rates!C642;C643
austerlitz,1805-12,,not_verified,December battle; London market arrival not verified; window overlaps Trafalgar,UK_consol_3pct,bracketing_two_months,1805-11,1806-01,4.91803279,4.92813142,1.0099,61.00000000,60.87500000,-0.2049,not_identified,M10. Mthly long-term rates!C641;C643
austerlitz,1805-12,,not_verified,December battle; London market arrival not verified; window overlaps Trafalgar,UK_consol_3pct,bracketing_four_months,1805-10,1806-02,5.06329114,5.01043841,-5.2853,59.25000000,59.87500000,1.0549,not_identified,M10. Mthly long-term rates!C640;C644
austerlitz,1805-12,,not_verified,December battle; London market arrival not verified; window overlaps Trafalgar,FR_rente_5pct,month_before_to_event,1805-11,1805-12,8.51556903,8.64445260,12.8884,58.71598222,57.84056238,-1.4909,not_identified,mensuel!C73;C74
austerlitz,1805-12,,not_verified,December battle; London market arrival not verified; window overlaps Trafalgar,FR_rente_5pct,event_to_month_after,1805-12,1806-01,8.64445260,8.64198435,-0.2468,57.84056238,57.85708232,0.0286,not_identified,mensuel!C74;C75
austerlitz,1805-12,,not_verified,December battle; London market arrival not verified; window overlaps Trafalgar,FR_rente_5pct,bracketing_two_months,1805-11,1806-01,8.51556903,8.64198435,12.6415,58.71598222,57.85708232,-1.4628,not_identified,mensuel!C73;C75
austerlitz,1805-12,,not_verified,December battle; London market arrival not verified; window overlaps Trafalgar,FR_rente_5pct,bracketing_four_months,1805-10,1806-02,9.34635575,8.50719552,-83.9160,53.49678671,58.77377551,9.8641,not_identified,mensuel!C72;C76
tilsit,1807-07,,not_verified,"Treaty of Tilsit, July; London arrival not established",UK_consol_3pct,month_before_to_event,1807-06,1807-07,4.69667319,4.83870968,14.2036,63.87500000,62.00000000,-2.9354,not_identified,M10. Mthly long-term rates!C660;C661
tilsit,1807-07,,not_verified,"Treaty of Tilsit, July; London arrival not established",UK_consol_3pct,event_to_month_after,1807-07,1807-08,4.83870968,4.80000000,-3.8710,62.00000000,62.50000000,0.8065,not_identified,M10. Mthly long-term rates!C661;C662
tilsit,1807-07,,not_verified,"Treaty of Tilsit, July; London arrival not established",UK_consol_3pct,bracketing_two_months,1807-06,1807-08,4.69667319,4.80000000,10.3327,63.87500000,62.50000000,-2.1526,not_identified,M10. Mthly long-term rates!C660;C662
tilsit,1807-07,,not_verified,"Treaty of Tilsit, July; London arrival not established",UK_consol_3pct,bracketing_four_months,1807-05,1807-09,4.71512770,4.78087649,6.5749,63.62500000,62.75000000,-1.3752,not_identified,M10. Mthly long-term rates!C659;C663
tilsit,1807-07,,not_verified,"Treaty of Tilsit, July; London arrival not established",FR_rente_5pct,month_before_to_event,1807-06,1807-07,6.77750235,6.68093887,-9.6563,73.77348970,74.83978072,1.4454,not_identified,mensuel!C92;C93
tilsit,1807-07,,not_verified,"Treaty of Tilsit, July; London arrival not established",FR_rente_5pct,event_to_month_after,1807-07,1807-08,6.68093887,6.03097378,-64.9965,74.83978072,82.90535125,10.7771,not_identified,mensuel!C93;C94
tilsit,1807-07,,not_verified,"Treaty of Tilsit, July; London arrival not established",FR_rente_5pct,bracketing_two_months,1807-06,1807-08,6.77750235,6.03097378,-74.6529,73.77348970,82.90535125,12.3782,not_identified,mensuel!C92;C94
tilsit,1807-07,,not_verified,"Treaty of Tilsit, July; London arrival not established",FR_rente_5pct,bracketing_four_months,1807-05,1807-09,6.99293515,5.86733450,-112.5601,71.50073458,85.21757193,19.1842,not_identified,mensuel!C91;C95
erfurt,1808-10,,not_verified,"Erfurt meeting, autumn; London arrival not established",UK_consol_3pct,month_before_to_event,1808-09,1808-10,4.54545455,4.46927374,-7.6181,66.00000000,67.12500000,1.7045,not_identified,M10. Mthly long-term rates!C675;C676
erfurt,1808-10,,not_verified,"Erfurt meeting, autumn; London arrival not established",UK_consol_3pct,event_to_month_after,1808-10,1808-11,4.46927374,4.51977401,5.0500,67.12500000,66.37500000,-1.1173,not_identified,M10. Mthly long-term rates!C676;C677
erfurt,1808-10,,not_verified,"Erfurt meeting, autumn; London arrival not established",UK_consol_3pct,bracketing_two_months,1808-09,1808-11,4.54545455,4.51977401,-2.5681,66.00000000,66.37500000,0.5682,not_identified,M10. Mthly long-term rates!C675;C677
erfurt,1808-10,,not_verified,"Erfurt meeting, autumn; London arrival not established",UK_consol_3pct,bracketing_four_months,1808-08,1808-12,4.56273764,4.48598131,-7.6756,65.75000000,66.87500000,1.7110,not_identified,M10. Mthly long-term rates!C674;C678
erfurt,1808-10,,not_verified,"Erfurt meeting, autumn; London arrival not established",FR_rente_5pct,month_before_to_event,1808-09,1808-10,6.42696285,6.31343147,-11.3531,77.79724441,79.19623466,1.7983,not_identified,mensuel!C107;C108
erfurt,1808-10,,not_verified,"Erfurt meeting, autumn; London arrival not established",FR_rente_5pct,event_to_month_after,1808-10,1808-11,6.31343147,6.38839837,7.4967,79.19623466,78.26687865,-1.1735,not_identified,mensuel!C108;C109
erfurt,1808-10,,not_verified,"Erfurt meeting, autumn; London arrival not established",FR_rente_5pct,bracketing_two_months,1808-09,1808-11,6.42696285,6.38839837,-3.8564,77.79724441,78.26687865,0.6037,not_identified,mensuel!C107;C109
erfurt,1808-10,,not_verified,"Erfurt meeting, autumn; London arrival not established",FR_rente_5pct,bracketing_four_months,1808-08,1808-12,6.14753421,6.38688282,23.9349,81.33342299,78.28545062,-3.7475,not_identified,mensuel!C106;C110
wagram,1809-07,,not_verified,July campaign; London arrival not established,UK_consol_3pct,month_before_to_event,1809-06,1809-07,4.33212996,4.41176471,7.9635,69.25000000,68.00000000,-1.8051,not_identified,M10. Mthly long-term rates!C684;C685
wagram,1809-07,,not_verified,July campaign; London arrival not established,UK_consol_3pct,event_to_month_after,1809-07,1809-08,4.41176471,4.39560440,-1.6160,68.00000000,68.25000000,0.3676,not_identified,M10. Mthly long-term rates!C685;C686
wagram,1809-07,,not_verified,July campaign; London arrival not established,UK_consol_3pct,bracketing_two_months,1809-06,1809-08,4.33212996,4.39560440,6.3474,69.25000000,68.25000000,-1.4440,not_identified,M10. Mthly long-term rates!C684;C686
wagram,1809-07,,not_verified,July campaign; London arrival not established,UK_consol_3pct,bracketing_four_months,1809-05,1809-09,4.40366972,4.39560440,-0.8065,68.12500000,68.25000000,0.1835,not_identified,M10. Mthly long-term rates!C683;C687
wagram,1809-07,,not_verified,July campaign; London arrival not established,FR_rente_5pct,month_before_to_event,1809-06,1809-07,6.26470434,6.52876139,26.4057,79.81222619,76.58420488,-4.0445,not_identified,mensuel!C116;C117
wagram,1809-07,,not_verified,July campaign; London arrival not established,FR_rente_5pct,event_to_month_after,1809-07,1809-08,6.52876139,6.59638840,6.7627,76.58420488,75.79905390,-1.0252,not_identified,mensuel!C117;C118
wagram,1809-07,,not_verified,July campaign; London arrival not established,FR_rente_5pct,bracketing_two_months,1809-06,1809-08,6.26470434,6.59638840,33.1684,79.81222619,75.79905390,-5.0283,not_identified,mensuel!C116;C118
wagram,1809-07,,not_verified,July campaign; London arrival not established,FR_rente_5pct,bracketing_four_months,1809-05,1809-09,6.09066315,6.68788626,59.7223,82.09286697,74.76203700,-8.9299,not_identified,mensuel!C115;C119
commercial_crisis,1810-11,,not_verified,1810-11 crisis is a long episode; November arbitrary pivot,UK_consol_3pct,month_before_to_event,1810-10,1810-11,4.54545455,4.48598131,-5.9473,66.00000000,66.87500000,1.3258,not_identified,M10. Mthly long-term rates!C700;C701
commercial_crisis,1810-11,,not_verified,1810-11 crisis is a long episode; November arbitrary pivot,UK_consol_3pct,event_to_month_after,1810-11,1810-12,4.48598131,4.46927374,-1.6708,66.87500000,67.12500000,0.3738,not_identified,M10. Mthly long-term rates!C701;C702
commercial_crisis,1810-11,,not_verified,1810-11 crisis is a long episode; November arbitrary pivot,UK_consol_3pct,bracketing_two_months,1810-10,1810-12,4.54545455,4.46927374,-7.6181,66.00000000,67.12500000,1.7045,not_identified,M10. Mthly long-term rates!C700;C702
commercial_crisis,1810-11,,not_verified,1810-11 crisis is a long episode; November arbitrary pivot,UK_consol_3pct,bracketing_four_months,1810-09,1811-01,4.68750000,4.55407970,-13.3420,64.00000000,65.87500000,2.9297,not_identified,M10. Mthly long-term rates!C699;C703
commercial_crisis,1810-11,,not_verified,1810-11 crisis is a long episode; November arbitrary pivot,FR_rente_5pct,month_before_to_event,1810-10,1810-11,6.31925076,6.36181354,4.2563,79.12330416,78.59394135,-0.6690,not_identified,mensuel!C132;C133
commercial_crisis,1810-11,,not_verified,1810-11 crisis is a long episode; November arbitrary pivot,FR_rente_5pct,event_to_month_after,1810-11,1810-12,6.36181354,6.45432456,9.2511,78.59394135,77.46743993,-1.4333,not_identified,mensuel!C133;C134
commercial_crisis,1810-11,,not_verified,1810-11 crisis is a long episode; November arbitrary pivot,FR_rente_5pct,bracketing_two_months,1810-10,1810-12,6.31925076,6.45432456,13.5074,79.12330416,77.46743993,-2.0928,not_identified,mensuel!C132;C134
commercial_crisis,1810-11,,not_verified,1810-11 crisis is a long episode; November arbitrary pivot,FR_rente_5pct,bracketing_four_months,1810-09,1811-01,6.26166930,6.43221016,17.0541,79.85091136,77.73377856,-2.6514,not_identified,mensuel!C131;C135
gebora_badajoz,1811-03,1811-03-12,Antipa_2016_p1064,London Times Badajoz fall announcement 12 March; drawn from Antipa,UK_consol_3pct,month_before_to_event,1811-02,1811-03,4.56273764,4.62427746,6.1540,65.75000000,64.87500000,-1.3308,not_identified,M10. Mthly long-term rates!C704;C705
gebora_badajoz,1811-03,1811-03-12,Antipa_2016_p1064,London Times Badajoz fall announcement 12 March; drawn from Antipa,UK_consol_3pct,event_to_month_after,1811-03,1811-04,4.62427746,4.63320463,0.8927,64.87500000,64.75000000,-0.1927,not_identified,M10. Mthly long-term rates!C705;C706
gebora_badajoz,1811-03,1811-03-12,Antipa_2016_p1064,London Times Badajoz fall announcement 12 March; drawn from Antipa,UK_consol_3pct,bracketing_two_months,1811-02,1811-04,4.56273764,4.63320463,7.0467,65.75000000,64.75000000,-1.5209,not_identified,M10. Mthly long-term rates!C704;C706
gebora_badajoz,1811-03,1811-03-12,Antipa_2016_p1064,London Times Badajoz fall announcement 12 March; drawn from Antipa,UK_consol_3pct,bracketing_four_months,1811-01,1811-05,4.55407970,4.66019417,10.6114,65.87500000,64.37500000,-2.2770,not_identified,M10. Mthly long-term rates!C703;C707
gebora_badajoz,1811-03,1811-03-12,Antipa_2016_p1064,London Times Badajoz fall announcement 12 March; drawn from Antipa,FR_rente_5pct,month_before_to_event,1811-02,1811-03,6.37363789,6.42994856,5.6311,78.44813418,77.76111980,-0.8758,not_identified,mensuel!C136;C137
gebora_badajoz,1811-03,1811-03-12,Antipa_2016_p1064,London Times Badajoz fall announcement 12 March; drawn from Antipa,FR_rente_5pct,event_to_month_after,1811-03,1811-04,6.42994856,6.50187028,7.1922,77.76111980,76.90094979,-1.1062,not_identified,mensuel!C137;C138
gebora_badajoz,1811-03,1811-03-12,Antipa_2016_p1064,London Times Badajoz fall announcement 12 March; drawn from Antipa,FR_rente_5pct,bracketing_two_months,1811-02,1811-04,6.37363789,6.50187028,12.8232,78.44813418,76.90094979,-1.9722,not_identified,mensuel!C136;C138
gebora_badajoz,1811-03,1811-03-12,Antipa_2016_p1064,London Times Badajoz fall announcement 12 March; drawn from Antipa,FR_rente_5pct,bracketing_four_months,1811-01,1811-05,6.43221016,6.54691538,11.4705,77.73377856,76.37184404,-1.7520,not_identified,mensuel!C135;C139
america_war,1812-08,,Antipa_2016_p1065,American war continuation reached London late August; exact day not pinned,UK_consol_3pct,month_before_to_event,1812-07,1812-08,5.29801325,5.08474576,-21.3267,56.62500000,59.00000000,4.1943,not_identified,M10. Mthly long-term rates!C721;C722
america_war,1812-08,,Antipa_2016_p1065,American war continuation reached London late August; exact day not pinned,UK_consol_3pct,event_to_month_after,1812-08,1812-09,5.08474576,5.27472527,18.9980,59.00000000,56.87500000,-3.6017,not_identified,M10. Mthly long-term rates!C722;C723
america_war,1812-08,,Antipa_2016_p1065,American war continuation reached London late August; exact day not pinned,UK_consol_3pct,bracketing_two_months,1812-07,1812-09,5.29801325,5.27472527,-2.3288,56.62500000,56.87500000,0.4415,not_identified,M10. Mthly long-term rates!C721;C723
america_war,1812-08,,Antipa_2016_p1065,American war continuation reached London late August; exact day not pinned,UK_consol_3pct,bracketing_four_months,1812-06,1812-10,4.90797546,5.10638298,19.8408,61.12500000,58.75000000,-3.8855,not_identified,M10. Mthly long-term rates!C720;C724
america_war,1812-08,,Antipa_2016_p1065,American war continuation reached London late August; exact day not pinned,FR_rente_5pct,month_before_to_event,1812-07,1812-08,6.31009152,6.25733114,-5.2760,79.23815345,79.90627141,0.8432,not_identified,mensuel!C153;C154
america_war,1812-08,,Antipa_2016_p1065,American war continuation reached London late August; exact day not pinned,FR_rente_5pct,event_to_month_after,1812-08,1812-09,6.25733114,6.30762809,5.0297,79.90627141,79.26909973,-0.7974,not_identified,mensuel!C154;C155
america_war,1812-08,,Antipa_2016_p1065,American war continuation reached London late August; exact day not pinned,FR_rente_5pct,bracketing_two_months,1812-07,1812-09,6.31009152,6.30762809,-0.2463,79.23815345,79.26909973,0.0391,not_identified,mensuel!C153;C155
america_war,1812-08,,Antipa_2016_p1065,American war continuation reached London late August; exact day not pinned,FR_rente_5pct,bracketing_four_months,1812-06,1812-10,6.27972441,6.24113699,-3.8587,79.62132850,80.11360765,0.6183,not_identified,mensuel!C152;C156
russian_invasion,1812-06,,not_verified,French entry into Russia; London market arrival not verified,UK_consol_3pct,month_before_to_event,1812-05,1812-06,4.89795918,4.90797546,1.0016,61.25000000,61.12500000,-0.2041,not_identified,M10. Mthly long-term rates!C719;C720
russian_invasion,1812-06,,not_verified,French entry into Russia; London market arrival not verified,UK_consol_3pct,event_to_month_after,1812-06,1812-07,4.90797546,5.29801325,39.0038,61.12500000,56.62500000,-7.3620,not_identified,M10. Mthly long-term rates!C720;C721
russian_invasion,1812-06,,not_verified,French entry into Russia; London market arrival not verified,UK_consol_3pct,bracketing_two_months,1812-05,1812-07,4.89795918,5.29801325,40.0054,61.25000000,56.62500000,-7.5510,not_identified,M10. Mthly long-term rates!C719;C721
russian_invasion,1812-06,,not_verified,French entry into Russia; London market arrival not verified,UK_consol_3pct,bracketing_four_months,1812-04,1812-08,4.95867769,5.08474576,12.6068,60.50000000,59.00000000,-2.4793,not_identified,M10. Mthly long-term rates!C718;C722
russian_invasion,1812-06,,not_verified,French entry into Russia; London market arrival not verified,FR_rente_5pct,month_before_to_event,1812-05,1812-06,6.35338272,6.27972441,-7.3658,78.69823400,79.62132850,1.1730,not_identified,mensuel!C151;C152
russian_invasion,1812-06,,not_verified,French entry into Russia; London market arrival not verified,FR_rente_5pct,event_to_month_after,1812-06,1812-07,6.27972441,6.31009152,3.0367,79.62132850,79.23815345,-0.4812,not_identified,mensuel!C152;C153
russian_invasion,1812-06,,not_verified,French entry into Russia; London market arrival not verified,FR_rente_5pct,bracketing_two_months,1812-05,1812-07,6.35338272,6.31009152,-4.3291,78.69823400,79.23815345,0.6861,not_identified,mensuel!C151;C153
russian_invasion,1812-06,,not_verified,French entry into Russia; London market arrival not verified,FR_rente_5pct,bracketing_four_months,1812-04,1812-08,6.37124963,6.25733114,-11.3918,78.47754030,79.90627141,1.8206,not_identified,mensuel!C150;C154
russia_retreat,1812-12,,not_verified,winter retreat news arrival not established,UK_consol_3pct,month_before_to_event,1812-11,1812-12,5.13918630,5.00000000,-13.9186,58.37500000,60.00000000,2.7837,not_identified,M10. Mthly long-term rates!C725;C726
russia_retreat,1812-12,,not_verified,winter retreat news arrival not established,UK_consol_3pct,event_to_month_after,1812-12,1813-01,5.00000000,5.06329114,6.3291,60.00000000,59.25000000,-1.2500,not_identified,M10. Mthly long-term rates!C726;C727
russia_retreat,1812-12,,not_verified,winter retreat news arrival not established,UK_consol_3pct,bracketing_two_months,1812-11,1813-01,5.13918630,5.06329114,-7.5895,58.37500000,59.25000000,1.4989,not_identified,M10. Mthly long-term rates!C725;C727
russia_retreat,1812-12,,not_verified,winter retreat news arrival not established,UK_consol_3pct,bracketing_four_months,1812-10,1813-02,5.10638298,5.12820513,2.1822,58.75000000,58.50000000,-0.4255,not_identified,M10. Mthly long-term rates!C724;C728
russia_retreat,1812-12,,not_verified,winter retreat news arrival not established,FR_rente_5pct,month_before_to_event,1812-11,1812-12,6.35812260,6.56521983,20.7097,78.63956569,76.15891213,-3.1545,not_identified,mensuel!C157;C158
russia_retreat,1812-12,,not_verified,winter retreat news arrival not established,FR_rente_5pct,event_to_month_after,1812-12,1813-01,6.56521983,6.48717040,-7.8049,76.15891213,77.07520678,1.2031,not_identified,mensuel!C158;C159
russia_retreat,1812-12,,not_verified,winter retreat news arrival not established,FR_rente_5pct,bracketing_two_months,1812-11,1813-01,6.35812260,6.48717040,12.9048,78.63956569,77.07520678,-1.9893,not_identified,mensuel!C157;C159
russia_retreat,1812-12,,not_verified,winter retreat news arrival not established,FR_rente_5pct,bracketing_four_months,1812-10,1813-02,6.24113699,6.64946234,40.8325,80.11360765,75.19404948,-6.1407,not_identified,mensuel!C156;C160
leipzig,1813-10,,not_verified,battle month; London arrival not established,UK_consol_3pct,month_before_to_event,1813-09,1813-10,5.10638298,5.17241379,6.6031,58.75000000,58.00000000,-1.2766,not_identified,M10. Mthly long-term rates!C735;C736
leipzig,1813-10,,not_verified,battle month; London arrival not established,UK_consol_3pct,event_to_month_after,1813-10,1813-11,5.17241379,5.00000000,-17.2414,58.00000000,60.00000000,3.4483,not_identified,M10. Mthly long-term rates!C736;C737
leipzig,1813-10,,not_verified,battle month; London arrival not established,UK_consol_3pct,bracketing_two_months,1813-09,1813-11,5.10638298,5.00000000,-10.6383,58.75000000,60.00000000,2.1277,not_identified,M10. Mthly long-term rates!C735;C737
leipzig,1813-10,,not_verified,battle month; London arrival not established,UK_consol_3pct,bracketing_four_months,1813-08,1813-12,5.27472527,4.97925311,-29.5472,56.87500000,60.25000000,5.9341,not_identified,M10. Mthly long-term rates!C734;C738
leipzig,1813-10,,not_verified,battle month; London arrival not established,FR_rente_5pct,month_before_to_event,1813-09,1813-10,7.03873291,8.12569333,108.6960,71.03551253,61.53321076,-13.3768,not_identified,mensuel!C167;C168
leipzig,1813-10,,not_verified,battle month; London arrival not established,FR_rente_5pct,event_to_month_after,1813-10,1813-11,8.12569333,9.40463575,127.8942,61.53321076,53.16527009,-13.5991,not_identified,mensuel!C168;C169
leipzig,1813-10,,not_verified,battle month; London arrival not established,FR_rente_5pct,bracketing_two_months,1813-09,1813-11,7.03873291,9.40463575,236.5903,71.03551253,53.16527009,-25.1568,not_identified,mensuel!C167;C169
leipzig,1813-10,,not_verified,battle month; London arrival not established,FR_rente_5pct,bracketing_four_months,1813-08,1813-12,6.82385444,9.35724580,253.3391,73.27237186,53.43452664,-27.0741,not_identified,mensuel!C166;C170
paris_abdication,1814-04,,not_verified,"Paris capitulation/abdication composite, arrival not established",UK_consol_3pct,month_before_to_event,1814-03,1814-04,4.78087649,4.44444444,-33.6432,62.75000000,67.50000000,7.5697,not_identified,M10. Mthly long-term rates!C741;C742
paris_abdication,1814-04,,not_verified,"Paris capitulation/abdication composite, arrival not established",UK_consol_3pct,event_to_month_after,1814-04,1814-05,4.44444444,4.44444444,0.0000,67.50000000,67.50000000,0.0000,not_identified,M10. Mthly long-term rates!C742;C743
paris_abdication,1814-04,,not_verified,"Paris capitulation/abdication composite, arrival not established",UK_consol_3pct,bracketing_two_months,1814-03,1814-05,4.78087649,4.44444444,-33.6432,62.75000000,67.50000000,7.5697,not_identified,M10. Mthly long-term rates!C741;C743
paris_abdication,1814-04,,not_verified,"Paris capitulation/abdication composite, arrival not established",UK_consol_3pct,bracketing_four_months,1814-02,1814-06,4.26287744,4.44444444,18.1567,70.37500000,67.50000000,-4.0853,not_identified,M10. Mthly long-term rates!C740;C744
paris_abdication,1814-04,,not_verified,"Paris capitulation/abdication composite, arrival not established",FR_rente_5pct,month_before_to_event,1814-03,1814-04,9.94401639,10.06721405,12.3198,50.28149396,49.66617352,-1.2238,not_identified,mensuel!C173;C174
paris_abdication,1814-04,,not_verified,"Paris capitulation/abdication composite, arrival not established",FR_rente_5pct,event_to_month_after,1814-04,1814-05,10.06721405,8.44757007,-161.9644,49.66617352,59.18861822,19.1729,not_identified,mensuel!C174;C175
paris_abdication,1814-04,,not_verified,"Paris capitulation/abdication composite, arrival not established",FR_rente_5pct,bracketing_two_months,1814-03,1814-05,9.94401639,8.44757007,-149.6446,50.28149396,59.18861822,17.7145,not_identified,mensuel!C173;C175
paris_abdication,1814-04,,not_verified,"Paris capitulation/abdication composite, arrival not established",FR_rente_5pct,bracketing_four_months,1814-02,1814-06,11.19173272,8.40932768,-278.2405,44.67583462,59.45778536,33.0871,not_identified,mensuel!C172;C176
paris_treaty,1814-06,1814-06-02,Antipa_2016_p1065,"London Gazette treaty 2 June, ratification 18 June",UK_consol_3pct,month_before_to_event,1814-05,1814-06,4.44444444,4.44444444,0.0000,67.50000000,67.50000000,0.0000,not_identified,M10. Mthly long-term rates!C743;C744
paris_treaty,1814-06,1814-06-02,Antipa_2016_p1065,"London Gazette treaty 2 June, ratification 18 June",UK_consol_3pct,event_to_month_after,1814-06,1814-07,4.44444444,4.46096654,1.6522,67.50000000,67.25000000,-0.3704,not_identified,M10. Mthly long-term rates!C744;C745
paris_treaty,1814-06,1814-06-02,Antipa_2016_p1065,"London Gazette treaty 2 June, ratification 18 June",UK_consol_3pct,bracketing_two_months,1814-05,1814-07,4.44444444,4.46096654,1.6522,67.50000000,67.25000000,-0.3704,not_identified,M10. Mthly long-term rates!C743;C745
paris_treaty,1814-06,1814-06-02,Antipa_2016_p1065,"London Gazette treaty 2 June, ratification 18 June",UK_consol_3pct,bracketing_four_months,1814-04,1814-08,4.44444444,4.59770115,15.3257,67.50000000,65.25000000,-3.3333,not_identified,M10. Mthly long-term rates!C742;C746
paris_treaty,1814-06,1814-06-02,Antipa_2016_p1065,"London Gazette treaty 2 June, ratification 18 June",FR_rente_5pct,month_before_to_event,1814-05,1814-06,8.44757007,8.40932768,-3.8242,59.18861822,59.45778536,0.4548,not_identified,mensuel!C175;C176
paris_treaty,1814-06,1814-06-02,Antipa_2016_p1065,"London Gazette treaty 2 June, ratification 18 June",FR_rente_5pct,event_to_month_after,1814-06,1814-07,8.40932768,7.89608520,-51.3242,59.45778536,63.32251834,6.5000,not_identified,mensuel!C176;C177
paris_treaty,1814-06,1814-06-02,Antipa_2016_p1065,"London Gazette treaty 2 June, ratification 18 June",FR_rente_5pct,bracketing_two_months,1814-05,1814-07,8.44757007,7.89608520,-55.1485,59.18861822,63.32251834,6.9843,not_identified,mensuel!C175;C177
paris_treaty,1814-06,1814-06-02,Antipa_2016_p1065,"London Gazette treaty 2 June, ratification 18 June",FR_rente_5pct,bracketing_four_months,1814-04,1814-08,10.06721405,7.50875293,-255.8461,49.66617352,66.58895352,34.0730,not_identified,mensuel!C174;C178
elba_return,1815-03,,not_verified,"Napoleon re-entry, March; first London news date not verified",UK_consol_3pct,month_before_to_event,1815-02,1815-03,4.69667319,5.15021459,45.3541,63.87500000,58.25000000,-8.8063,not_identified,M10. Mthly long-term rates!C752;C753
elba_return,1815-03,,not_verified,"Napoleon re-entry, March; first London news date not verified",UK_consol_3pct,event_to_month_after,1815-03,1815-04,5.15021459,5.25164114,10.1427,58.25000000,57.12500000,-1.9313,not_identified,M10. Mthly long-term rates!C753;C754
elba_return,1815-03,,not_verified,"Napoleon re-entry, March; first London news date not verified",UK_consol_3pct,bracketing_two_months,1815-02,1815-04,4.69667319,5.25164114,55.4968,63.87500000,57.12500000,-10.5675,not_identified,M10. Mthly long-term rates!C752;C754
elba_return,1815-03,,not_verified,"Napoleon re-entry, March; first London news date not verified",UK_consol_3pct,bracketing_four_months,1815-01,1815-05,4.59770115,5.05263158,45.4930,65.25000000,59.37500000,-9.0038,not_identified,M10. Mthly long-term rates!C751;C755
elba_return,1815-03,,not_verified,"Napoleon re-entry, March; first London news date not verified",FR_rente_5pct,month_before_to_event,1815-02,1815-03,6.66473593,6.42810828,-23.6628,75.02172704,77.78338171,3.6811,not_identified,mensuel!C184;C185
elba_return,1815-03,,not_verified,"Napoleon re-entry, March; first London news date not verified",FR_rente_5pct,event_to_month_after,1815-03,1815-04,6.42810828,7.49880822,107.0700,77.78338171,66.67726199,-14.2783,not_identified,mensuel!C185;C186
elba_return,1815-03,,not_verified,"Napoleon re-entry, March; first London news date not verified",FR_rente_5pct,bracketing_two_months,1815-02,1815-04,6.66473593,7.49880822,83.4072,75.02172704,66.67726199,-11.1227,not_identified,mensuel!C184;C186
elba_return,1815-03,,not_verified,"Napoleon re-entry, March; first London news date not verified",FR_rente_5pct,bracketing_four_months,1815-01,1815-05,7.07122617,9.19877058,212.7544,70.70909456,54.35508972,-23.1286,not_identified,mensuel!C183;C187
waterloo,1815-06,,not_verified,battle 18 June; London news to be independently pinned,UK_consol_3pct,month_before_to_event,1815-05,1815-06,5.05263158,5.08474576,3.2114,59.37500000,59.00000000,-0.6316,not_identified,M10. Mthly long-term rates!C755;C756
waterloo,1815-06,,not_verified,battle 18 June; London news to be independently pinned,UK_consol_3pct,event_to_month_after,1815-06,1815-07,5.08474576,5.28634361,20.1598,59.00000000,56.75000000,-3.8136,not_identified,M10. Mthly long-term rates!C756;C757
waterloo,1815-06,,not_verified,battle 18 June; London news to be independently pinned,UK_consol_3pct,bracketing_two_months,1815-05,1815-07,5.05263158,5.28634361,23.3712,59.37500000,56.75000000,-4.4211,not_identified,M10. Mthly long-term rates!C755;C757
waterloo,1815-06,,not_verified,battle 18 June; London news to be independently pinned,UK_consol_3pct,bracketing_four_months,1815-04,1815-08,5.25164114,5.32150776,6.9867,57.12500000,56.37500000,-1.3129,not_identified,M10. Mthly long-term rates!C754;C758
waterloo,1815-06,,not_verified,battle 18 June; London news to be independently pinned,FR_rente_5pct,month_before_to_event,1815-05,1815-06,9.19877058,9.37637607,17.7605,54.35508972,53.32550619,-1.8942,not_identified,mensuel!C187;C188
waterloo,1815-06,,not_verified,battle 18 June; London news to be independently pinned,FR_rente_5pct,event_to_month_after,1815-06,1815-07,9.37637607,7.95666500,-141.9711,53.32550619,62.84039859,17.8430,not_identified,mensuel!C188;C189
waterloo,1815-06,,not_verified,battle 18 June; London news to be independently pinned,FR_rente_5pct,bracketing_two_months,1815-05,1815-07,9.19877058,7.95666500,-124.2106,54.35508972,62.84039859,15.6109,not_identified,mensuel!C187;C189
waterloo,1815-06,,not_verified,battle 18 June; London news to be independently pinned,FR_rente_5pct,bracketing_four_months,1815-04,1815-08,7.49880822,8.75537245,125.6564,66.67726199,57.10779326,-14.3519,not_identified,mensuel!C186;C190
