id,category,state,title,location,problem,repair,review,evidence,position_basis,revision_evidence
M001,结论/论证,部分修复：结论强度与缺口分层已订正；联合方案待验证,“条件可行”在总论中被升级成“已经能够运作”,00_导论.md:15；09_另一条十九世纪.md:168；10_资料附编.md:417,舰队实付预算、盟国现金与兵额、英国海上安排仍未联合确定；这些会改变可行分支本身，不只是小数精度。第十章先承认缺口，后又把影响统称为精度与时点，轻化了承重缺口。,全书主结论暂定为有历史构件支持的条件方案；选定一套疆域、预算、外交状态后再检验持续运作。附编逐项标明哪项缺口会改变方向、哪项只改变精度。,已改写导论、末章两处总括及附编十项缺口；明确路径排序和失效后的任务削减。仍保留具体疆域、年度预算、盟约与海军的联合可行性检验，不据文字订正宣告整项通过。,"本书的核心判断是：**法国存在保住较大的大陆优势、避免1812—1814年崩溃并建立持久主导秩序的可信路径；把整个欧洲长期改造成法国直辖省，则不是这一时期可执行的主线。**可行的帝国会有一个较大的直辖核心，外围保留本国财政、军队和王朝，俄罗斯仍是独立强国，英国仍拥有主要海上优势。巴黎可以成为欧洲大陆最重要的政治中心，却不会成为所有欧洲政府的上级机关。
前面的推演已经给出一条能够运作的主线。还可以再向前一步：不只问法国避免了什么灾难，而问一个幸存并继续成长的法国帝国，会给十九世纪留下什么不同。以下是本书根据已知制度和利益关系作出的进一步判断，尚非资料已经证明的结果；它们有明确方向，也允许新证据改变排序。
这些空缺仍然是空缺，没有被空洞的“待研究”填满，也没有被想象数值掩盖。它们限制的是精确范围和时点；现有材料已经足以排序主要政策，识别相互冲突的目标，并否定若干过强的结论。",第二轮审计时的书稿位置；章内增补后行号可能移动,M001_结论强度与缺口分层/本项正文落点.csv；补订核验.json
M002,结论/论证,未整改,应当自限与实际上更可能自限，叙述时没有始终分开,00_导论.md:27；01_法国的能力与代价.md:229；09_另一条十九世纪.md:31；09_另一条十九世纪.md:152；09_另一条十九世纪.md:206,正文知道克制违背皇帝惯常偏好，后半书却渐把立宪化当成最看好的发展；缺少促使统治者接受约束的利益联盟与阻力比较。合理的政策建议尚未成为有排序的行为预测。,把主动改革、危机迫改、拒绝改革三线排序；交代大臣、军队、债权人、王室各以何种权力推动或阻止转向。作者可以裁量排序，但须标出理由与改判条件。,沿用首轮条目；本轮未对其全部外部来源重新核验。,"在这一主线里，拿破仑不需要突然变成自由主义者。他需要的是把已经拥有的能力用于不同目的：以贸易准入换同盟，以可预期的兵额换稳定兵源，以保留地方王冠换减少驻军，以承认有限边界换取借款和继承的可信度。上述工具并非全由后人发明；专约、附庸宪法、联姻、配额、商业许可证、补贴中立和限制驻军，都有当时的实践。**新的，是把它们组成一套持续执行的政策，而不是一次危机中的临时退让。**
**最可能存续得更久的，是法国建立的行政、法律和财产制度；其次才是法国的对外优势；最脆弱的是要求一切都依附于同一支王朝的个人统治。**若波拿巴王朝愿意以预算参与、地方权利和宪制约束换取继承支持，胜利帝国有机会逐渐成为保留强大军队的立宪君主国。若把这些要求一概理解成对皇帝权威的背叛，继承就会把本来可以分开解决的财政、宗教与地方问题压在同一个危机时刻。
所以，主线不是一组按下之后自动产生和平的开关。它需要用财政预算、盟约、复员安排和商业补偿，把反对力量逐一转化。拿破仑有足够权力启动这个转向，却需要以自己的权力为代价使转向可信。
如果帝国将这些要求吸收进代表机构、预算和地方权利，它有机会成为一个军事实力很强的立宪国家；如果继续依赖审查和警察，诉求便更可能在秘密社团、军官行动和民族自治中结合。
**本书更看好一种逐渐立宪、区域差异显著、仍有强烈王朝色彩的大陆秩序，而不是直到1848年都丝毫不变的个人军事帝国。**它可能出现由皇帝维系的多国联盟，也可能在若干核心地区发展出真正的共同财政和代表机构。法国文化会更强势，地方语言和政治认同也可能更清晰；两者并非只能一消一长。",第二轮审计时的书稿位置；章内增补后行号可能移动,
M003,结论/论证,未整改,1803年的选择，被1807年已经获胜的条件取代,00_导论.md:21；00_导论.md:25；09_另一条十九世纪.md:17,主线起点透明，并非时间写错；但用户问从1803年怎样取胜，最详细答案却以四场大陆胜利已经实现为条件。1803和1808支线只获得短说明，缺少与主线对称的行动—代价比较。,补1803决策关口，明确此后每一关键行动是否沿用史实、为何当时可选择、失败后如何退回有限目标；并说明为何选择1807整固而非1803和平。,沿用首轮条目；本轮未对其全部外部来源重新核验。,"最值得推演的主线，把1803年至1807年7月的已发生历史作为起点：法国赢得乌尔姆、奥斯特里茨、耶拿—奥尔施泰特和弗里德兰，取得莱茵左岸及意大利既有地位，建立莱茵邦联、威斯特法利亚王国和华沙公国，与俄国签订提尔西特条约。特拉法加的损失也随之保留，胜利的果实和取得果实的代价一起进入推演。
这里另保留两条支线。其一是1803年即维持亚眠和平：它可能少死人、少负债，却也没有后来战胜奥普所得的王冠与疆土。其二是1808年春才止损：法军已经进入伊比利亚、葡萄牙王室已经出走，此时仍可不废西班牙国王，但撤军、修复信任和处理英国介入的成本都更高。两条支线不能借用主线里没有付出代价的战果，主线也不能同时拥有“没有入侵葡萄牙”与“葡萄牙王室已迁巴西”两套互相排斥的前提。
主线从1807年7月出发。法国已经付出特拉法加与大陆战争的代价，也已经取得真实的军事优势。此时应当优先防止三条新的战争链同时形成：伊比利亚的王朝危机、封锁执法引发的沿海兼并，以及波兰与俄国关系的持续升级。",第二轮审计时的书稿位置；章内增补后行号可能移动,
M004,结论/论证,未整改,“持久主导”缺少统一验收标准,00_导论.md:15；00_导论.md:17；07_行省化的边界.md:236,正文清楚区分控制全欧与大陆议价优势；但“持久”“多数重大问题”“主导”未固定到可观察的外交、军事实绩或终点，可能把法国幸存与欧洲霸权混为不同层级成功。,在1815、1830、1848三个观察点统一检查：直辖核心、盟约履约、第三方结盟、王朝继承和海上通行。说明哪一种失败只削弱王朝，哪一种终止法国霸权。,沿用首轮条目；本轮未对其全部外部来源重新核验。,"本书的核心判断是：**法国存在保住较大的大陆优势、避免1812—1814年崩溃并建立持久主导秩序的可信路径；把整个欧洲长期改造成法国直辖省，则不是这一时期可执行的主线。**可行的帝国会有一个较大的直辖核心，外围保留本国财政、军队和王朝，俄罗斯仍是独立强国，英国仍拥有主要海上优势。巴黎可以成为欧洲大陆最重要的政治中心，却不会成为所有欧洲政府的上级机关。
这不是把“控制整个欧洲”换个名字后宣告成功。若“控制”要求英国服从法国的海上规则、俄罗斯接受法国支配其外交军备、所有大陆王国都失去最终决定权，那么答案是否定的。若目标是阻止反法同盟摧毁法国优势，使邻国在大多数重大问题上不得不与巴黎议价，那么答案是有条件的肯定。**这两种胜利，必须从第一页起就分开。**
**因此，法国最可信的霸权道路，是扩大并稳固直接核心，以制度而非不断吞并控制盟国，再以有限承诺与外部强国共存。**这个结论既承认省化真正做到过的事，也拒绝把半个成功实验夸大为整个欧洲的宿命。",第二轮审计时的书稿位置；章内增补后行号可能移动,
M005,结论/论证,未整改,人口、疆域与收入没有落在同一个主线年度,01_法国的能力与代价.md:67；07_行省化的边界.md:196；07_行省化的边界.md:232,第八章地图以38.25百万人起步并含帕尔马等，第一章收入是帝国尺度的规划数；文字警告算法不同，却未给出统一的1807主线—后续疆域—税基对照。,将模型地图逐地区映射到主线取得时间；未并合地区的税、债、军费留在盟国账，取消以不相同疆域互证可行性。,沿用首轮条目；本轮未对其全部外部来源重新核验。,"这组战区筛查与后文行省化章的逐地区模型，地图和算法都不同，不应将名称相近的档位逐项等同。它们不是从档案直接加总得到的欧洲驻军数。地区人口、驻军密度和边防任务包含情景设定，而且所谓最广方案还没有全面纳入英国、欧洲俄国、奥斯曼腹地、葡萄牙和西西里。它们应被读成一道压力题：**法国在尚未吞下整个欧洲之前，就已经要解释为何它能长期支付超过通常可用军力的任务。**
这表明，有限省化不是纯粹幻想。但其余量不大：额外任务、较高军价、更多税收损失或者盟军失约，都可能吃掉它。主线因此不是“先吞并，再设法找钱”，而是先取得政治和财政承诺，再决定是否吞并。
**第二层：有条件可行。**邻接、小规模、行政传统较强、拥有利益支持者的若干地区，可以分批并入。扩大到更大人口范围，数学上存在有利组合；政治上必须证明地方合作、财政贡献和军事服从能够同时保持。",第二轮审计时的书稿位置；章内增补后行号可能移动,
M006,结论/论证,未整改,陆海优先级已有方向，分期实施账仍未完成,01_法国的能力与代价.md:150；02b_英国海权与和平_舰队海峡与帝国.md:207；02b_英国海权与和平_舰队海峡与帝国.md:225；02b_英国海权与和平_舰队海峡与帝国.md:542；02b_英国海权与和平_舰队海峡与帝国.md:544；09_另一条十九世纪.md:228,第一章已明确先大陆后海军，亦列四案预算；但没有说明何时从1.65/1.70亿海军预算升到1.95亿及2.20—2.60亿，也没有把1830舰员流量并入陆军退伍与招募。,补可复算的分期预算与兵员账；基准线只采用负担得起的舰队，高投入另列并写出税收增长、裁军或借款的代价。,沿用首轮条目；本轮未对其全部外部来源重新核验。,"这些细节足以否定“法国每年稳定有某个精确数额可以同时养陆军、追英国海军并修铁路”的简便结论。比较合理的量级，是在疆域、税制与和平条件不同的方案间，分别核算可支配资源。
原模型还要求法国每年向海军事业净补入约八千至一万二千人，其中每年形成或吸收四千至六千名合格人员。后者含新兵晋级与有经验商渔民转入，不能在前者之外再加一次；同一批人也不应同时算作陆军的新兵。这个流量尚未由完整个人履历序列校准，和平下能否实现，取决于商船规模、工资、死亡和被俘损失。
长期模型曾以每年约 1.95 亿法郎为基准、1.70 亿至 2.20 亿为常用范围，并另试 2.20 亿至 2.60 亿的高投入情景。问题在于，和平分支后期约 132 艘舰体、接近十三万总人员的规模，未必还能由最初的 1.95 亿预算支撑。必须重新核算薪饷、维修、训练航次、巡航舰与基地费用。没有完成这种跨部门预算闭合之前，不能把高舰队规模与低财政负担同时列为既得好处。
若和平维持，法国可以将部分陆军资源转入海军，但不应同时维持最大大陆驻军、最高海军扩张和最低税负。造船、商船、职业海员与基地维修需要成套发展。英国则可能减少大陆陆军，保留较强舰队；海军竞争比实际历史更激烈，但总战争费用未必更高。
法国到 1830 年在舰体上接近英国，具有条件可行性；在每一个海区、每一种舰种和每一段航路上同时追平，则并无同样依据。若英国发现法国正把和平变为下一次入侵的准备，它会增加编制和寻找伙伴。维持和平要求法国海军成长与有限政治目标相配套。
**法国可以从受封锁的挑战者，成长为在欧洲近海有力争夺优势的第二海上强国；英国的全球部署优势仍较可能保持。**1830年舰体接近英国的某些模型结果，只在稳定预算、训练、商船人力、基地和英国反应等条件下成立。",第二轮审计时的书稿位置；章内增补后行号可能移动,
M007,结论/论证,未整改,海军、铁路、盟国补偿和信用担保仍在争用未分配的余额,08_新秩序的经济与社会.md:137；08_新秩序的经济与社会.md:321；09_另一条十九世纪.md:122；08_新秩序的经济与社会.md:317,铁路每年5800万—9300万压力测试、共同基金与海外援助已有材料，但没有统一列入第一章年度用途；书中提醒会挤占，不等于已确定挤掉谁。,建立同年度现金支出与或有担保两张表，明确保留、延期、取消的项目；不得把贷款本金当新增税收，也不得把担保当免费。,沿用首轮条目；本轮未对其全部外部来源重新核验。,"这套网络支持一个重要反事实判断：法国不必拥有全球制海权，才可能获得海外金融资源；但它必须给中介留下利润，并尊重足以使汇票被接受的产权与偿付安排。大陆和平后，巴黎最有价值的海上盟友，可能不是一艘新增战舰，而是一张能在伦敦、阿姆斯特丹和汉堡兑现的商业票据。
本书给出的路线判断是：通商、有限驻军和信用稳定的法国，最有希望先建设北法—比利时—莱茵以及巴黎—里昂等高需求走廊；持续封锁和全面行省化占领，会挤压这些投资。**和平不是铁路自动提前的保证，却是让技术进步真正转化为帝国力量的必要政策条件之一。**
还可以作出一个更进取的判断：**到1830—1848年，法国主导秩序最有希望出现的中央集权，不是先取消各国王冠，而是先建立各国都退出不起的共同财政。**入口可以很窄：为跨境河运、铁路、要塞和共同防务设立常设基金，由参加国按约定缴款，以指定关税收入偿付共同工程债。法国承担较大份额和部分担保，盟国换取市场准入与融资条件。
旧稿用每公里25万—40万法郎、总长3,500公里，得到总投资8.75亿—14亿、十五年平均每年约5,800万—9,300万。这一算术成立，但单位造价尚非逐线决算，路线难度也不一样；它是**预算压力试算**，不是预测1848年一定铺成3,500公里。",第二轮审计时的书稿位置；章内增补后行号可能移动,
M008,结论/论证,未整改,盟军自养、盟约现金与本国改革的负担缺少逐国验算,07_行省化的边界.md:196；01_法国的能力与代价.md:179,有限方案借助约25万自养盟军，另一预算又收4000万盟约现金。正文坦承二者未必兼得，但没有给出可兼得的国家组合。,按意大利、那不勒斯、南德、荷兰、波兰逐一列养兵、驻军、现金与改革支出，择定能同时履约的组合。,沿用首轮条目；本轮未对其全部外部来源重新核验。,"这表明，有限省化不是纯粹幻想。但其余量不大：额外任务、较高军价、更多税收损失或者盟军失约，都可能吃掉它。主线因此不是“先吞并，再设法找钱”，而是先取得政治和财政承诺，再决定是否吞并。
陆军3亿若按每人700法郎折算，约供养42.86万在册者；3.5亿对应50万。若实际兵均成本接近900法郎，前者便只能供养33.33万。盟国自养部队另列，不从这3亿中再扣一次；但“自养部队”与另缴4,000万现金能否兼得，须逐国订约，不能默认盟国的钱无限可取。〔法13〕",第二轮审计时的书稿位置；章内增补后行号可能移动,
M009,结论/论证,未整改,“武装共存”究竟是和平、停战还是继续海战，仍未定义,02a_英国海权与和平_国家财政与社会.md:11；02b_英国海权与和平_舰队海峡与帝国.md:534；09_另一条十九世纪.md:77,终章把不签和约的共存作为底线，海军追赶却依赖开放航运和连续训练。阶段许可贸易与无封锁海上训练不是同一状态。,明确主线是否停止捕获商船、近海封锁和敌产扣押；若海战继续，使用持续海战分支，武装和平的训练红利另设门槛。,沿用首轮条目；本轮未对其全部外部来源重新核验。,"因此，本编给出的结论是有顺序的：**先争取一个有边界、能兑现的和平，继而用和平积累海军与财政能力；不要把先赢得全球海权，设成欧洲秩序成立的前提。**英国海军确是障碍，但它也提示法国应该在哪里止步。
主线不是等待英国按财政模型破产，而是在不进攻葡萄牙、不废立西班牙王室、不持续扩张封锁边界的条件下，使英国更难为继续大陆战争找到有效且可信的伙伴。奥地利、俄国仍有自己的安全利益，法国仍须处理它们的疑惧；减少战争并不意味着它们自动永远合作。
英国是否签字具有不确定性；法国的成功不应全部押在一次签字上。但这也限制“胜利”的含义：武装共存可以保护法国大陆优势，不能被称作英国已经被法国控制。",第二轮审计时的书稿位置；章内增补后行号可能移动,
M010,结论/论证,未整改,“海军接近英国”仍缺少主线尺度,02b_英国海权与和平_舰队海峡与帝国.md:187；02b_英国海权与和平_舰队海峡与帝国.md:211；02b_英国海权与和平_舰队海峡与帝国.md:556；09_另一条十九世纪.md:228,吨位、舰体、训练权重和全球部署已有区分，范围也诚实公开；问题在于0.552—1.012等跨情景结果未选择与总主线相容的一组，因而尚未回答基准世界究竟缩小多少。,先选可负担的基准预算及英方反应，再给舰体、可动员吨位、近海持续部署三个量级；若只适合定性，明确基准为第二强国且高位追平仅属上行分支。,书稿已明确第二海上强国的定性主线，也已有多项敏感性计算。本项仅保留“财政、港口条款和英国反应未联合选择一套定量基线”，不是指完全没有结论或测算。,"**到 1830 年，若有持续和平、开放航运、稳定海军预算和可用基地，法国有条件接近英国的主力舰体规模，并显著削弱英国在欧洲近海的绝对优势。**若海战长期持续、港口继续被封锁，即使多造船，实际差距也较难缩小。
所以，原来 1830 年持续海战下约 0.449、武装和平下约 0.876 的“效能比”，这里只保留为模型演示，不作为结论标题。若不乘训练系数，仅比较可动员舰的假定吨位，同年约为 0.628 与 0.899。持续海战的高低参数组合给出舰体吨位比约 0.552—0.926、加权效能比约 0.282—0.644；武装和平对应约 0.769—1.012、0.747—0.974。区间之宽本身就表明，结果由条件主导，而非已经测得。
英国在这样的欧洲中，仍会是海上强国、工业中心和法国的外交竞争者。法国可能在 1830 年前后接近英国的主力舰体规模，在 1848 年前形成较强区域海权；英国全球航路与持续部署优势大体仍存。这个结论比“法国终将完全取代英国”狭窄，却更有历史支撑。
**法国可以从受封锁的挑战者，成长为在欧洲近海有力争夺优势的第二海上强国；英国的全球部署优势仍较可能保持。**1830年舰体接近英国的某些模型结果，只在稳定预算、训练、商船人力、基地和英国反应等条件下成立。",第二轮审计时的书稿位置；章内增补后行号可能移动,
M011,结论/论证,撤回,英国增加舰队是口头反应，没有回到法国追赶结果,02b_英国海权与和平_舰队海峡与帝国.md:240；02b_英国海权与和平_舰队海峡与帝国.md:544,承认对手会应对是优点，但固定英舰规模的试算与内生扩军叙事之间没有再计算或明确的定性回调。,列英国不加码、保近海相对优势、保全球任务三种响应，说明各自压低法国追赶幅度多少，至少给排序及财政代价。,02b第219行已计算英国维持战时准备时，法国加权比由0.876降至0.731。原称“没有再计算或定性回调”不成立。英方进一步造舰与预算、外交规则尚未共同选定的窄问题归M006/M010，不新增一项。,"这张表的重要用途是防止分母偷换：法国“一年内可动员六十艘”不等于同一天集中六十艘；英国“和平现役四十五至七十艘”也未必够同时封锁法国所有港口、维持地中海和海外任务。随着法国改善准备，英国更可能收缩某些远端活动、采用远距离监视，或增加编制，而不是永远维持 1805 年式的每港近封锁。
法国到 1830 年在舰体上接近英国，具有条件可行性；在每一个海区、每一种舰种和每一段航路上同时追平，则并无同样依据。若英国发现法国正把和平变为下一次入侵的准备，它会增加编制和寻找伙伴。维持和平要求法国海军成长与有限政治目标相配套。",第二轮审计时的书稿位置；章内增补后行号可能移动,
M012,结论/论证,未整改,安特卫普既承担商业和解，又承担海军跃升，取舍未落实,08_新秩序的经济与社会.md:307；09_另一条十九世纪.md:77；09_另一条十九世纪.md:73,将商业置于入侵象征之上是明确主张，但未决定限制哪些舰种、驻舰数量或出海活动，因而英方接受条件与法方海军收益仍可各取最优。,拟定一个有限基地协议的核心条款，再回填造舰、训练、荷兰通航和英国反应；不用“有限安排”四字替代实际让步。,02b第217行已有撤去安特卫普舰体和年造舰贡献的计算，并给和平线可动员约71艘。保留的缺口仅是主线采用哪项港口协议，以及如何回填同一预算和英方安排；不称“未估过军事代价”。,"最明确的结论是：**安特卫普的商业价值应当高于把它永久作为对英入侵象征的价值。**法国若能接受有限海军安排换取稳定商路，所得不仅是港口收入，也是比利时、莱茵与北法更紧密的经济联系。
英国是否签字具有不确定性；法国的成功不应全部押在一次签字上。但这也限制“胜利”的含义：武装共存可以保护法国大陆优势，不能被称作英国已经被法国控制。
仍留下的争点包括安特卫普、荷兰沿海、海军扩建、地中海基地和殖民安排。法国若要求最大舰队、完整保留全部前进基地、全面大陆排他权，同时又要求英国削减海军并承认这些结果，便是在同一协议中追求互相冲突的目标。",第二轮审计时的书稿位置；章内增补后行号可能移动,
M013,结论/论证,未整改,英国“更穷”比较的是哪一个世界，没有固定,02a_英国海权与和平_国家财政与社会.md:238；08_新秩序的经济与社会.md:419；08_新秩序的经济与社会.md:421,开放和平可能改善英国相对真实战争史的绝对经济表现，同时降低其相对大陆的领先；正文把绝对收入、工业规模与相对地位置于同一方向判断。,明确三个比较基准：真实历史、永久封锁线、开放和平线；分别裁定英国绝对繁荣和相对份额，不把法国相对获益写成英国必然绝对受损。,沿用首轮条目；本轮未对其全部外部来源重新核验。,"**长期结论是：一个法国优势更大的欧洲，可以让英国比真实历史更穷、工业规模更小、改革压力更重；它仍很可能保留欧洲最重要的煤炭、机械、金融和远洋航运中心之一。**工业化依赖国内资源、技术、组织与全球联系，并不只依赖进入法国海关的权利。反过来，法国若通过开放和平追赶，也有机会获得机器、工匠、资本和较稳定的海员训练，比永久封锁更有利于缩小实际海军差距。
**第一，有限霸权、恢复贸易的欧洲，整体经济表现最可能好于反复大陆战争与全面封锁。**减少人员、马匹、资本和商业网络的破坏，是证据最强的收益。收益不会全部归法国，英国、荷兰、德意志商人也会分享。
**第二，法国及其直接核心有望成为规模更大的大陆经济体，但英国在蒸汽、煤炭、海运与国际信用方面仍保有显著优势。**拥有比利时和莱茵的总量，不等于每个居民都比英国人生产率更高。",第二轮审计时的书稿位置；章内增补后行号可能移动,
M014,结论/论证,未整改,马耳他与爱奥尼亚只列谈判因素，未给各自归属排序,02b_英国海权与和平_舰队海峡与帝国.md:505,两处拥有不同主权与条约起点，却合并成“取决于和谈年份”；没有基准安排。,分两行裁定主线主权、驻军和港口使用权；备选写清需要法国或英国额外付出的交换。,沿用首轮条目；本轮未对其全部外部来源重新核验。,| 马耳他、爱奥尼亚 | 地中海部署、地区政治 | 取决于和谈年份、盟国安排与替代基地，不宜预判全部归英或全部归法 |,第二轮审计时的书稿位置；章内增补后行号可能移动,
M015,结论/论证,未整改,新加坡只解释真实1819年不能照搬，未推到替代终局,02b_英国海权与和平_舰队海峡与帝国.md:508,指出荷兰、公司及当地统治者都重要，仍未回答英国更可能取得何种海峡节点，法国保荷政策如何改变它。,给主线节点竞争的结果排序：新加坡式协约据点、其他海峡据点、延迟设站，并以当地政治和海路需求说明首选。,沿用首轮条目；本轮未对其全部外部来源重新核验。,| 新加坡 | 马六甲通道、印度—中国贸易 | 1819 年以后是否按真实方式建立，取决于荷兰、公司及区域统治者关系 |,第二轮审计时的书稿位置；章内增补后行号可能移动,
M016,结论/论证,未整改,西班牙的波旁延续已经明确，1848年的宪制形态仍悬置,04_西班牙与意大利.md:133；04_西班牙与意大利.md:137；09_另一条十九世纪.md:234,“有限改革”与“某种宪政化”按顺位排列，却未说明排序属于1808、1820还是1848；用户追问的最终王朝—宪制组合尚未完整回答。,分别给短期王朝、中期财政代表、1848终局；明确波旁立宪是否最终首选、如否则何种非立宪制度能承受税债压力。,沿用首轮条目；本轮未对其全部外部来源重新核验。,"**第一顺位的结果，是波旁君主制下的有限改革；第二顺位，是财政危机与精英协商推动的某种宪政化；波拿巴王朝则需要重新走上废立和占领道路，因而退出最优主线。** 共和国不是逻辑上被禁止，而是缺乏当时支持它的王权崩解、组织联盟与法国政策意愿，故不宜列为最可能终点。
1812年加的斯宪法尤其不能直接搬进这个世界。它产生于王位真空、战争、代表制重建及美洲主权争议。没有1808年危机，西班牙仍可能走向宪政，却未必采用同样的单院结构、同样的国民主权表述，也未必把君主同革命议会置于相同的对立位置。较可信的法国政策，是支持渐进的财政代表与法律保障，而不是指定一部尚未在该情境中产生的宪法。
**主线是保留波旁君主制，较长时期内由行政改革、宫廷政治和有限宪制要求共同塑造，而不是立即变成共和国。**波旁立宪是可发展的分支，但不应把史实加的斯宪法原样提前或强制复制。",第二轮审计时的书稿位置；章内增补后行号可能移动,
M017,结论/论证,未整改,伊比利亚和南意大利改革仍以“把问题一起处理”收束,04_西班牙与意大利.md:143；04_西班牙与意大利.md:301；04_西班牙与意大利.md:373,多个必要条件列得充分，但实施者、受损者及妥协次序未确定；教会保障、债权、农地和军饷之间可能冲突。,选择最低改革包并说明谁获益谁付账；明确遇教廷或地主反对时优先保军饷、税源还是土地改革，不能把共同满意当默认。,沿用首轮条目；本轮未对其全部外部来源重新核验。,"在实际战争中，政府军到1837年超过二十万人，又有民兵和约一万八千名外国志愿者参与自由派一方；这些是持续战争后的动员结果，不是1807年西班牙已有的现成国家能力。法国胜利世界未必发生同一继承争端，却仍会面对一个选择：改革若只帮助大土地购买者，会制造地方反抗；完全冻结税制和产权，又会延长财政危机。可以降低冲突的不是只给堂区神父发工资，而是把教会保障、地方代表、产权争议和军饷一起处理。
稳定的方案因此相当明确：限制法国驻军数量及费用，停止无限的境外供兵要求，允许可征税的贸易，保留本国官员和王室的政策空间。这样那不勒斯更可能成为法国秩序的支柱。若继续用并省威胁迫它履约，法国反而会把自己需要的王国推向其他保护人。
也不应反过来神化教廷，断言它在任何压力下都不可能妥协。1801年协定、1808年港口安排和1813年讨论本身，已经证明妥协不断发生。真正的结论是：**能够持久的协议，要给教皇留下可公开辩护的宗教权威和制度地位；单凭拘禁取得的签字，很难代替它们。**",第二轮审计时的书稿位置；章内增补后行号可能移动,
M018,结论/论证,未整改,巴西在总结表中重新悬置已确定的主线前提,04_西班牙与意大利.md:387；05_大西洋与美洲.md:455；05_大西洋与美洲.md:475；05_大西洋与美洲.md:491,正文已把1807停止入侵、宫廷短期留里斯本列为主线，汇总却再写“取决于宫廷是否迁都”，并列地区分化、同君、王朝分立而不排序。,主线表固定无1807迁都，给截至1848最看好的政治形态；迟迁都另设分支，不用真实与反事实两线并列代替主线判断。,沿用首轮条目；本轮未对其全部外部来源重新核验。,"西班牙保留波旁王朝，法国通过同盟与财政—军事协议施加影响；改革和宪政存在空间，却不预订1812年宪法或1820年起义。葡萄牙维持有条件的中立，英国继续拥有商业影响，但少了一场把整个国家改造成英军基地的战争。巴西因此不自动成为逃亡宫廷的中心，其王朝与独立路线另待条件展开。
由此得到的不是“巴西必定更晚独立”一个单向答案。留在里斯本的宫廷可能更坚持殖民垄断，激化地方不满；也可能在西葡两帝国改革的压力下逐步开放。缺少里约王朝中心，会使一个保持大体领土统一、由原王朝王子主持独立的方案较难复制。更大的地方分化风险与更晚的政治断裂，可以同时存在。
**巴西的主要备选因此有两个：无迁都时，渐进改革与地方自治竞争，领土统一的王朝支点较弱；已迁都时，巴西政治升级难以倒转，王朝分立或松散同君安排更有条件。** 两种都不等于法国殖民地，也都可能继续维持奴隶制及出口依赖。
| 巴西 | 取决于宫廷是否迁都，均以本地利益为主 | 王朝分立、同君安排或更强地区分化 | 伊比利亚和平，有限商约 |",第二轮审计时的书稿位置；章内增补后行号可能移动,
M019,结论/论证,未整改,墨西哥“更久保王”没有推进到本书终点,05_大西洋与美洲.md:277；09_另一条十九世纪.md:188,延长王朝连续性是有根据的方向；“殖民地—自治王国—同君国家—独立国家”在1848究竟哪种最可能仍未选定。,给1848首选法律地位和次选，说明财政代表、官职及对美边疆需求如何促成这个结果；不要求虚构精确独立日。,沿用首轮条目；本轮未对其全部外部来源重新核验。,"**最可能的主线，是新西班牙比实际历史更久留在波旁体系内，同时逐步要求自治和政治代表。** 条件性备选有两种：若马德里及巴黎以征税压倒改革，危机仍可走向社会战争；若王室主动承认美洲王国地位、地方议会及财政协商，墨西哥有机会转成同君或松散帝国成员。它不需要永远是殖民地，才算西班牙没有全盘失败。
**法国胜利最可能改变的，是美洲国家形成的方式，而不只是独立年份。**若西班牙王朝没有在1808年被摧毁，墨西哥和秘鲁的地方保王联盟就少了一次围绕最高主权的剧烈分裂。它们有机会沿着自治王国、同君关系或谈判独立的道路形成国家，保留更多原有税务、军队和司法组织。第六章所列墨西哥财政、利马军需与地方捐输，说明这些组织并非空壳。",第二轮审计时的书稿位置；章内增补后行号可能移动,
M020,结论/论证,未整改,秘鲁“保住核心”没有划清空间与政治边界,05_大西洋与美洲.md:353,利马、库斯科、上秘鲁、基多、智利与拉普拉塔成本不同；选择保核心是建议，但核心到底包括什么以及与马德里的关系未裁定。,定义优先保存区域及放弃争夺区域，给王权/自治关系和财政援助上限；将被舍弃地区写回邻章终局。,沿用首轮条目；本轮未对其全部外部来源重新核验。,**主线结论：秘鲁是最有希望在法国间接支持下长期保王的大陆区域之一，但其维持条件是财政妥协与区域协商，而不是再添一支欧洲占领军。** 若同时试图压住基多、上秘鲁、智利和拉普拉塔，胜利将迅速转为借债与征收；法国必须选择保住核心，或持续支付扩大统治的代价。,第二轮审计时的书稿位置；章内增补后行号可能移动,
M021,结论/论证,未整改,拉普拉塔有商业自治判断，却缺少政治结果首选,05_大西洋与美洲.md:401,同君自治王国、联邦与脱离西班牙均被留下，关键差别仅归结为“让步充分”，没有判断王室是否更可能让步及港口与内陆怎样分权。,选择主线地位，并把布宜诺斯艾利斯、内陆、巴拉圭和东方省的利益拆开；其余方案写成条件分支。,沿用首轮条目；本轮未对其全部外部来源重新核验。,因此，拉普拉塔比墨西哥、秘鲁更难长期维持旧垄断。在没有王朝真空的主线上，自治与商业开放仍很可能持续推进；若王室让步充分，可出现同君下的自治王国或联邦式安排；若坚持以战争恢复贸易独占，英国商人与海军便更容易找到当地盟友。,第二轮审计时的书稿位置；章内增补后行号可能移动,
M022,结论/论证,未整改,委内瑞拉、基多、智利以“取决于社会联盟”结束,05_大西洋与美洲.md:411,章节拥有分区材料，收束句却没有分别选出联盟和政体结果，地区差异变成列名而不是完成推演。,为三地分别给主线统治联盟、与西班牙关系及改判条件；允许同一地区出现两项排序结论，避免以“独立自治保王并存”替代三份答案。,沿用首轮条目；本轮未对其全部外部来源重新核验。,**较可能的长期图景不是“全部不独立”，而是独立、自治与保王并存，彼此出现的先后次序改变。** 墨西哥与秘鲁有较强的帝国连续性条件；拉普拉塔的商业自治压力更强；委内瑞拉及安第斯地区的结果更依赖战争中的社会联盟。法国若执意把这些差别抹成一套行省制度，反而会制造原先并不存在的共同敌人。,第二轮审计时的书稿位置；章内增补后行号可能移动,
M023,结论/论证,未整改,英国转向美洲的两个相反效应没有进入最后排序,05_大西洋与美洲.md:423；05_大西洋与美洲.md:445,补段正确说明省兵与减少紧迫感同时发生；但原段“暂停理由减弱”和补段“无自动替代战场”未合成对亲法西班牙的实际英国政策。,按有限贸易开放/排他法国体系分线，明确英国支持商业、自治、独立或直接军事干预的优先次序，再修正各地区保王结论。,沿用首轮条目；本轮未对其全部外部来源重新核验。,"1808年西班牙转为英国反法盟友后，卡斯尔雷暂缓进一步介入南美的部分计划。若法国始终保住一个亲法西班牙，这个暂停理由反而减弱。**避免半岛战争固然保全西班牙，也可能释放英国支持美洲自治的外交空间。** 这是主线真实需要承担的代价，不应只列收益。
英法在美洲争夺的，并不只是“西班牙殖民地”与“独立共和国”两个整齐选项。1808 年，威尔斯利对米兰达的共和宪制计划持怀疑态度，更偏好一位君主与代表机构共存的政体：上院可由君主任命的贵族和地主终身组成，旧制度先保留，再依经验渐次改革。它既不同于旧式殖民直辖，也不同于后来实际出现的多数共和国。威尔斯利同时意识到，友好而独立的美洲国家会主张与欧洲自由贸易；英国对中立友邦施加的限制，将比对敌国殖民地更加难以维持。**这为法国开出另一条路径：不必吞并每一片美洲领土，只要在西班牙、美洲自治政体和英国商人之间促成贸易与债务安排，就可能把英国的商业利益与其封锁政策分开。** 一个法国占优势的欧洲，因而可以与多个亲商、立宪而未必亲法的美洲国家并存；这种外部秩序较少服从巴黎，却也较不容易被伦敦完整动员为反法资源。〔补6〕",第二轮审计时的书稿位置；章内增补后行号可能移动,
M024,结论/论证,未整改,法国援助美洲有四层工具，缺少被主线选中的强度,05_大西洋与美洲.md:3；05_大西洋与美洲.md:429；05_大西洋与美洲.md:431；05_大西洋与美洲.md:433,外交优先和大规模平叛不优先很清楚；军官、军械及有限护航的常态承诺仍无人数、支出、基地或续援频率的可说明量级。,基准只承诺可持续交付的层级；用现有远征和补给案例约束一个标明作者估计的援助包，写清英国截断后止损条件。,沿用首轮条目；本轮未对其全部外部来源重新核验。,"**本章结论。** 拿破仑有理由帮助西班牙维持美洲帝国，也有能力提供外交担保、军官、军火和有限海上支援；最有价值的帮助，却是不要摧毁西班牙王朝的合法性，不要把墨西哥白银视作法国战争的无限提款机。保住波旁王室、开放适度贸易并让殖民地分享政治权力，可以延长西班牙统治，甚至保留若干跨大西洋王国。它最可能保住的是古巴等岛屿和一部分保王据点，而不是把从墨西哥到拉普拉塔的大陆永远冻结在1803年。
第一层是外交与经济：承认合法王朝，停止强索非常补贴，鼓励海外代表与地方议会，允许有条件对英美通商。它不需要赢得全大西洋制海权，却会损害法国想实行的严密大陆封锁。两者之间必须作选择。
第二层是军官、工匠、军火与情报。由西班牙名义接收，结合当地军队和港口，可强化秘鲁、古巴等现存体系。法国的经验有用，但军官受谁任命、谁发军饷、武器能否持续补充，要写入实际协议，而不是只写“法军先进”。
第三层是有限护航、临时分舰队与局部登陆。法国可以选择窗口，保护某一次运输或某一要港；英国仍有能力截击、再集结或转攻别处。局部成功不等于为韦拉克鲁斯、哈瓦那、加拉加斯、卡塔赫纳、蒙得维的亚和卡亚俄同时提供永久海上安全。",第二轮审计时的书稿位置；章内增补后行号可能移动,
M025,结论/论证,未整改,希腊只给初始法国政策，没有给1848的政治结果,06_东方与印度.md:59；06_东方与印度.md:61,支持奥斯曼完整是法国偏好，自治或独立是结果选项；二者没有完成冲突裁决，标题“危机仍会发生”比后文的条件结论还强。,区分运动产生、危机升级与国家形成，给自治/独立/镇压的排序，说明俄英行动到哪一步会使法国改策。,沿用首轮条目；本轮未对其全部外部来源重新核验。,"因此，不宜断言“法国胜利，所以不会有希腊独立、不会有纳瓦里诺”。较可能的初始法国政策是维持奥斯曼完整，以自治、地方保证或国际协商缓和危机，因为完整的奥斯曼有利于限制俄国。但如果俄、英与地方力量形成新的联合，法国仍须在保全帝国、保护基督徒的声望和避免大战之间取舍。
**主线的东方欧洲秩序，是一个自主的奥斯曼帝国，而不是法国的巴尔干行政区。** 条件性备选包括受到列强保证的希腊自治或独立、塞尔维亚等地更强地方权利，以及中央改革与地方协议并行。法国可以决定是否助长危机，难以决定所有民族运动是否存在。",第二轮审计时的书稿位置；章内增补后行号可能移动,
M026,结论/论证,未整改,埃及与叙利亚的冲突识别准确，调停结果仍是空位,06_东方与印度.md:97；06_东方与印度.md:121,“最稳选择是调停”只确定外交方式，不确定苏丹与阿里各得何地何权，因而没有关闭共同盟友提出相反领土要求的矛盾。,明确主线中阿里保有的世袭权与是否取得叙利亚，必要时分短期占领与最终承认；写明法国舍弃哪一项要求。,沿用首轮条目；本轮未对其全部外部来源重新核验。,"法国若真要购买阿里对印度远征的合作，阿里最可能要求的是世袭权、埃及安全、对叙利亚诉求的支持、财政补偿与不被法国占领的保证。问题随即出现：支持阿里取得叙利亚，会伤害法国承诺保护的奥斯曼完整。两项“亲法盟友”不能在同一块土地上同时得到全部许诺。
**主线结论是一个更能同法国合作、却坚持自主的埃及王朝，处于奥斯曼法统与事实自治之间。** 若法国的欧洲优势足以提高其外交分量，阿里可能保住更多地方权利；但“没有法国战败，因此1840年外部干预不会发生、埃及必然吞并叙利亚”并不成立。英、俄、奥和苏丹仍可反对。法国最稳的选择是调停，不是同时保证苏丹全部领土与阿里全部扩张。",第二轮审计时的书稿位置；章内增补后行号可能移动,
M027,结论/论证,未整改,旁遮普到1848的存续判断被继承条件替代,06_东方与印度.md:189,指出法国援助不是征服踏板很清楚，但延缓吞并、保存自主或仍遭英国控制没有排序；“更稳定继承”尚只是愿望。,以现有继承联盟和财政材料判断其最可能终局，法国技术援助能改变什么、改变不了什么分开，别把稳定继承直接送给分支。,沿用首轮条目；本轮未对其全部外部来源重新核验。,实际历史中1839年后的继承与军事政治危机，深刻影响英锡战争。反事实推演可以判断英国仍会关注旁遮普，也可能继续扩张，却不应规定1845—1849年的战争及吞并原样发生。稳定继承、较早财政改革、不同英法关系，足以改变时间与结局。**旁遮普是法国支持地区均势的合理对象，不是征服全印度的现成踏板。**,第二轮审计时的书稿位置；章内增补后行号可能移动,
M028,结论/论证,未整改,公司财政国家化、限制战争和预防扩张的关系尚未串成阶段,06_东方与印度.md:384；06_东方与印度.md:467；09_另一条十九世纪.md:200,末章倾向英国更重视预防性控制，但印度章仍把扩张变慢/加快并列；没有分出短期削支与中期夺基地的不同方向。,给阶段机制：哪类压力导致削支、哪类威胁触发夺基地，基准采用哪种组合；据此修改1848印度及海岛终局。,沿用首轮条目；本轮未对其全部外部来源重新核验。,"从这条财政史可作明确判断：在法国欧洲胜利、而英国仍控制印度海路与主要税源的主线上，东印度公司更可能经削支、借贷和政治改组继续存在，而非因早期赤字自动瓦解。法国压力可能使英国更谨慎扩张，也可能促使英国提前投入国家资源；方向取决于压力是否真正触及领地收入和供应线。
在本书主线中，商业开放和国家监督加深仍较可能发生，但不宜要求两项特许状改革必在同一年、以完全相同条款通过。公司可能更早依赖英国财政，也可能通过限制战争改善账目。最稳定的方向判断是：英国在印度的统治越来越不只是一家公司的私人事业。
印度、东南亚与中国的后续冲突仍会发生，但不会只由法国胜负决定。公司财政、茶叶支付、鸦片贸易、地方抵抗与伦敦议会改革，都有自己的动力。本书倾向判断：英国全球帝国的扩张更曲折、更重视预防性控制，却不会因此全面收缩；法国得到的则是更多议价支点，而非一座现成的第二印度帝国。",第二轮审计时的书稿位置；章内增补后行号可能移动,
M029,结论/论证,未整改,中国被从过度推演中剥离后，留下的全球推演过薄,06_东方与印度.md:443；09_另一条十九世纪.md:200,不由巴黎决定清朝内政是合理限制；但鸦片、茶、白银和英法力量均已进入材料，最后仍没有裁定这些变量对通商冲突及法国角色的净影响。,补有限范围的结论：英中矛盾是否更可能延续、法方介入排序及海军资源约束；不扩写无材料支撑的全部清朝史。,沿用首轮条目；本轮未对其全部外部来源重新核验。,"较可信的东方反事实是：英国保持印度主要财政基础，亚洲贸易继续发展，法国争取商站、航运与技术市场的一部分。中国并不因为法国赢得欧洲就成为法国的外交附属；清朝的广州贸易制度、银流和边疆政策仍按其自身约束行动。本研究的资料足以判断英法贸易竞争的渠道，不足以替清朝整个19世纪内政写出一张由巴黎决定的时间表。
印度、东南亚与中国的后续冲突仍会发生，但不会只由法国胜负决定。公司财政、茶叶支付、鸦片贸易、地方抵抗与伦敦议会改革，都有自己的动力。本书倾向判断：英国全球帝国的扩张更曲折、更重视预防性控制，却不会因此全面收缩；法国得到的则是更多议价支点，而非一座现成的第二印度帝国。",第二轮审计时的书稿位置；章内增补后行号可能移动,
M030,结论/论证,未整改,印度洋基地使用“力争保留若干”，没有给组合,05_大西洋与美洲.md:5；06_东方与印度.md:473；06_东方与印度.md:482,法兰西岛、波旁岛、爪哇对英方价值、主权与粮食条件不同；“若干基地”把外交取舍留给读者。,逐岛给主线归属、设防权、补给来源；剔除不保留的据点后重做法国巡航和印度援助路线。,沿用首轮条目；本轮未对其全部外部来源重新核验。,"法国控制美洲的边界也很清楚：**海地应承认而非再征服；美国应争取其中立运输而非命令其参战；巴西的命运取决于葡萄牙王室是否迁都；西属美洲必须分区议价。** 英国即使承认法国的欧洲优势，仍有舰队、商业信用和当地伙伴。欧洲霸权不会自动变成大西洋主权。
| 地区或目标 | 最可能的主线 | 条件性备选 | 决定性约束 |
| 法国印度洋岛屿 | 力争保留或归还若干基地，开展商贸和巡航 | 增援维持较强区域骚扰 | 海军补给、粮食、奴隶社会与英方反攻 |",第二轮审计时的书稿位置；章内增补后行号可能移动,
M031,结论/论证,未整改,有限省化的下一批名单仍停在“这类地区”,07_行省化的边界.md:222；07_行省化的边界.md:232,提出三年审计与财政/兵员指标是进步，托斯卡纳和贝格却依然只是类型例子；主线保西班牙、保意大利权利后能否取得它们尚无最终选择。,分保有核心、候选整合、仅同盟三张名单；给每一候选最早谈判阶段与权利人补偿，不以技术适合替代政治取得。,沿用首轮条目；本轮未对其全部外部来源重新核验。,"由此形成的，可能是一个比现实法国更大的、以巴黎为中心的多语言国家。其边界较可能沿相邻的西欧行政与经济网络扩展，而不是一口吞并所有王国。**托斯卡纳式的渐进整合、贝格式的利益驱动整合，均比西班牙式的战争中省化更有希望。**
**第二层：有条件可行。**邻接、小规模、行政传统较强、拥有利益支持者的若干地区，可以分批并入。扩大到更大人口范围，数学上存在有利组合；政治上必须证明地方合作、财政贡献和军事服从能够同时保持。",第二轮审计时的书稿位置；章内增补后行号可能移动,
M032,结论/论证,未整改,意大利小规模并合、独立王冠与未来合冠没有共用一张权利图,07_行省化的边界.md:153；04_西班牙与意大利.md:399；09_另一条十九世纪.md:244,欧仁、约瑟夫及法国皇储的优先分冠方案明确；但托斯卡纳候选并省和“北中进一步整合”涉及同一领土，尚未说明由法国并省还是由意大利王国吸收。,以土地—统治者—继承权表统一第一章税基、第八章扩展、第五章王冠及末章；主线舍弃一种互斥的领土取得方式。,沿用首轮条目；本轮未对其全部外部来源重新核验。,"但是，1807年主线若保留西班牙波旁、放弃葡萄牙分割，埃特鲁里亚安排亦需要重新谈判；史实上的托斯卡纳兼并不能无条件挪到新时间线上。这里说的是**这类地区具备较好的整合条件**，不是宣布它们已经自动属于法国。
这需要主动修改既有继承条件。拿破仑必须承认，即使后来有亲生男性后嗣，也不因此撤销欧仁已经取得的意大利权利；并且要妥善处理1805年分冠条文中的外军撤出条件。如此，法国皇储继位时便不必同时争夺米兰与巴黎的忠诚。所谓“罗马王统一中南意大利”，未必是对这位继承人最有利的安排：给他更多尚未解决的王冠，可能只是给下一代增加更多需要重新谈判的国家。
如果出现亲生继承人、王朝协商和新的领土交换，北中意大利进一步整合比贯通那不勒斯并夺得西西里更可行。包含中南部的统一需要安置教皇、欧仁、约瑟夫及其他权利人，处理奥地利与英国反应；它是远端条件分支，不是当然结局。主线不把约瑟夫送去西班牙，也就不自动把缪拉安到那不勒斯。",第二轮审计时的书稿位置；章内增补后行号可能移动,
M033,结论/论证,未整改,大范围整合的有利角点被展示，但四条件联合可信度没有排序,07_行省化的边界.md:202,正文已承认数学可行不等于政治可行；仍需判断保税、保兵、降驻军、保地方接受能否靠同一制度达到，而不是读者看完“须证明”自行决定。,逐条件列历史类比与代价，判断哪项最先失败、能否补救；给该角点“可推荐/进取试验/仅算术反例”的明确等级。,沿用首轮条目；本轮未对其全部外部来源重新核验。,**这个结果推翻了“该规模在任何技术条件下都不可能”的说法。**它没有证明方案现实可行，因为同时保留军事贡献、获得税余、降低驻防并维持地方接受，是四项需要政治证据的条件。但它必须被读者看见：严肃的论证应当承认最有利的反例，而不是只展示支持结论的一列。,第二轮审计时的书稿位置；章内增补后行号可能移动,
M034,结论/论证,未整改,共同财政的制度构件被跳接成“退出不起”,09_另一条十九世纪.md:122；09_另一条十九世纪.md:124,共同工程债与不可退出的政治联合之间，还差税收执行、担保分摊、违约及退出规则；现有类比证明可以合作，不直接证明不可逆中央集权。,给最小基金规模、缴款与表决、违约时谁付、退出怎样清算；把财政合作作为首选，中央主权作为需新增条件的分支。,沿用首轮条目；本轮未对其全部外部来源重新核验。,"还可以作出一个更进取的判断：**到1830—1848年，法国主导秩序最有希望出现的中央集权，不是先取消各国王冠，而是先建立各国都退出不起的共同财政。**入口可以很窄：为跨境河运、铁路、要塞和共同防务设立常设基金，由参加国按约定缴款，以指定关税收入偿付共同工程债。法国承担较大份额和部分担保，盟国换取市场准入与融资条件。
债权人随后会要求统一账目、公布收入，并限制成员国任意截留已抵押税源；各国政府则会要求，既然共同偿债，新增支出就须共同表决。财政委员会因而可能从核账机关逐渐变成议事机关：决定谁出钱、钱花在哪里，以及谁有权增加负担。**一部有限的财政宪法，可能先于统一国籍出现。**巴黎仍握有最大的军队和主要税源，却不再独占共同事务的解释权。",第二轮审计时的书稿位置；章内增补后行号可能移动,
M035,结论/论证,未整改,经济成长到立宪化之间缺少竞争政治联盟,08_新秩序的经济与社会.md:341；09_另一条十九世纪.md:152；09_另一条十九世纪.md:182；09_另一条十九世纪.md:184,有产者可要求可预测制度，也可支持保护关税、强行政和限制参与；正文从产业成长向预算限制皇权推进较快，反向联盟缺少同等处理。,明确何种税债争执把工业家与地方代表联合起来，军官和地主如何站队；比较威权工业化与有限立宪，不把工业化当单向民主化。,沿用首轮条目；本轮未对其全部外部来源重新核验。,"他们不必热爱波拿巴王朝的每一位成员。他们只须判断：维持这个制度，比重新战争和政权更替更能保护自身利益。帝国的长期性来自这种分散判断，而不是一次永远有效的加冕。
如果帝国将这些要求吸收进代表机构、预算和地方权利，它有机会成为一个军事实力很强的立宪国家；如果继续依赖审查和警察，诉求便更可能在秘密社团、军官行动和民族自治中结合。
由此可以作出比“和平有益经济”更具体的判断：帝国中的制造商、铁路投资者、工程人员和城市有产者会更有能力要求统一商业规则、可靠法院和预算监督。拿破仑为增强国家而保存的产业核心，最终也会成为限制皇权的社会基础。
法国主导地位未必因此衰落。相反，王朝若承认议价，可能把军事胜利变成更坚实的国家共同体；若仍把每次预算异议当作背叛，就会在最有钱、最有组织、也最值得保有的地区制造政治敌人。帝国的下一场决定性较量，可能发生在预算和代表权上，而非新的奥斯特里茨。",第二轮审计时的书稿位置；章内增补后行号可能移动,
M036,结论/论证,未整改,工业铁路有走廊与方向，缺少1848可检验的主线落点,08_新秩序的经济与社会.md:240；08_新秩序的经济与社会.md:321；08_新秩序的经济与社会.md:421,正文已拒绝无依据的提前二十年，但尚未用已有煤铁、资本和造价材料确定基准究竟完成哪些连接、哪些产业差距最难缩小。,按煤、铁、机械、运输分别给等级性终局与核心走廊，成本区间留作压力测试；不强求单一虚假GDP数，也不止步于“有利”。,沿用首轮条目；本轮未对其全部外部来源重新核验。,"最合理的产业推演是：**若比利时留在稳定、通商的法国核心内，瓦隆可以成为帝国煤铁与机械中心；其崛起有较强的资源和技能基础，但具体速度取决于资本与市场。**长期封锁、任意债务处置和不断抽走资金用于战争，会让法国拥有煤田却迟迟不能充分利用它。
本书给出的路线判断是：通商、有限驻军和信用稳定的法国，最有希望先建设北法—比利时—莱茵以及巴黎—里昂等高需求走廊；持续封锁和全面行省化占领，会挤压这些投资。**和平不是铁路自动提前的保证，却是让技术进步真正转化为帝国力量的必要政策条件之一。**
**第二，法国及其直接核心有望成为规模更大的大陆经济体，但英国在蒸汽、煤炭、海运与国际信用方面仍保有显著优势。**拥有比利时和莱茵的总量，不等于每个居民都比英国人生产率更高。",第二轮审计时的书稿位置；章内增补后行号可能移动,
M037,结论/论证,未整改,1816危机写了正确政策，没有推演政府是否执行,08_新秩序的经济与社会.md:405,开放粮路、信用救济和少征军粮是建议；粮价、出口禁令、地方截留与军队优先权会使它们冲突，缺少一次主线制度受压时的实际裁决。,把1816作为制度压力场景：谁有权开放粮贸、谁借款救济、哪地先缺粮；给较真实历史改善/局部仍恶化的分区判断及理由。,沿用首轮条目；本轮未对其全部外部来源重新核验。,在和平主线中，帝国应允许跨区调粮、临时降低粮食进口壁垒、提供救济信用，并避免军队优先征走地方余粮。这里的判断很具体：**气候冲击仍然发生，开放商路和较低军事负担有望减轻人祸部分。**不必编造一个全国少死多少人的数字，才能判断哪种政策更好。,第二轮审计时的书稿位置；章内增补后行号可能移动,
M038,结论/论证,未整改,两种继承分支仍未选出书的基准王朝,09_另一条十九世纪.md:160；09_另一条十九世纪.md:162,不固定拿破仑自然死亡年份是合理的；但活到1848与已去世的两线并列后，读者仍不知主线由谁决定财政与外交。,基准采用明确的摄政/成年继承制度，而非随意指定死亡日期；长寿皇帝列敏感性支线，主线各阶段权力主体须明确。,沿用首轮条目；本轮未对其全部外部来源重新核验。,"若拿破仑活到1848年，他将年近七十九。这个分支的主要问题是授权、健康变化、宫廷与军队的代际更替，而不是仍以1805年的个人指挥方式统治欧洲。更可能出现的是由大臣、皇储和军政集团承担实际治理、老皇帝保有象征与最终裁断权的安排；权责不清则会增加继承前的派系争斗。
若拿破仑已经去世，危机的对象可能是幼主摄政、成年继承人，或旁支王朝。法国行政国家即使仍然有效，王朝形式也可能被迫改变。**最有可能继续存在的，是法律、税收、官僚与经济联系；最需要重新争取的，是个人王朝对这些制度的独占。**",第二轮审计时的书稿位置；章内增补后行号可能移动,
M039,结论/论证,未整改,墨西哥更能抵御美国扩张，国家连续性到边疆实力之间缺桥,09_另一条十九世纪.md:190,保存中央税务军队有理由改善能力，但边疆人口、移民土地、地方自治、补给和美国决策并未进入比较；“更有持续性的对手”尚未推出疆界变化。,区分美国扩张更慢、局部战争代价更高、保住某些地区三种强度，选最有材料支持的一档并列决定性边疆条件。,沿用首轮条目；本轮未对其全部外部来源重新核验。,这样的国家未必更民主，却可能比长期内战之后的继承国家更早恢复信用和军饷。由此可以大胆判断：美国向墨西哥北部扩张会遇到更有持续性的对手，边疆也更可能成为长期议价和局部战争的地带，而非顺着史实节奏迅速改色。但这一判断仍受人口、移民、边疆驻防和地方离心牵制；法国援助是放大当地国家能力，不是替墨西哥守住每一条边界。,第二轮审计时的书稿位置；章内增补后行号可能移动,
M040,结论/论证,未整改,缺数据之后有方向判断，但“还应做什么”与“已经完成什么”混杂,10_资料附编.md:396；10_资料附编.md:400；10_资料附编.md:407；10_资料附编.md:411,并非全部拒答：枪械和税兵段有明确裁决。真正问题是仍以“若找到…”结束若干承重任务，未把现有材料可完成的替代检验与只能新增资料完成的任务分开。,给每项缺口标三态：现存材料待提取、外部资料待取得、反事实作者裁量；先完成前者，后两者给有排序的暂定结论及改判条件。,沿用首轮条目；本轮未对其全部外部来源重新核验。,"研究摘录还提出“约十八个月建成纸面行政”的判断，并举汉堡糖厂约435家减至约40家、失业逾4.5万人，以及阿姆斯特丹人口十年减少约两成等数。这些材料试图揭示一个重要反差：行政接管很快，贸易与社会承受却可能恶化。但这些数的起讫年、城市边界、工厂单位与失业统计方式尚未逐项对齐；本书保留其作为待核指标，而不据此声称所有新省十八个月便完成行政整合，也不把城市十年变化全部归因于兼并。〔资8〕
在各种可能改变本书结论的新证据中，最重要的是：拿破仑是否曾主动提出并准备执行一种**自己也受约束、不得单方撤回的对等安排**。若能找到1810—1812年这样一项实质提案，有限霸权的可行性会明显上升。原模型把影响设为路径概率翻倍，只是敏感性测试；历史论证所需的是提案内容、履行保障与对手反应，而不是“翻倍”本身。汉诺威谈判书面草案、俄国关税承诺、英国保险与入侵动员实绩、抵抗下降究竟来自和解还是镇压，分别检验同一条道路的其他环节。〔资6〕
| 指定五家兵工厂1803—1814逐厂年度验收峰值 | 单厂瓶颈与增产节奏 | 全国新造流量不能替代消耗掉的多年库存；枪、炮、火药分别判断 |
| 全部海军编制、维修与训练实付账 | 1830年财政与舰队规模的联合闭合 | 区域海权追赶有路，全球压倒英国不是主线 |",第二轮审计时的书稿位置；章内增补后行号可能移动,
C001,引注,未整改,引注题录或定位 法6,01_法国的能力与代价.md:249,Elting书只给作者及书名，缺所用版本与实际引证位置；役期模型、法律和兵均费用又合在一注，需分清各输入归属。,补齐实际使用版本的完整题录与引文落点；一注多源须逐项对应。不得伪填页码或把转引改成亲阅。,已确认形式或可追溯缺陷；引文真伪另核,本书的兵员计算为条件性复算，制度参照包括1818年3月10日军队征募法、John R. Elting，*Swords Around a Throne*，及马里翁第322—323页。固定役期式为：年度补充＝在册人数×退出率÷〔进入服役比例×（1－e的“负役期乘退出率”次方）〕。数字仅用于比较役期与费用，不作历史概率。,第二轮审计时的书稿位置；章内增补后行号可能移动,
C002,引注,未整改,引注题录或定位 法10,01_法国的能力与代价.md:257,Dawson仅称2013年骑兵重建研究；Elting只称相关章。须连接完整题录并给采购、配装等具体表页；后文另一章有题名也不替代此处的明确指向。,补齐实际使用版本的完整题录与引文落点；一注多源须逐项对应。不得伪填页码或把转引改成亲阅。,已确认形式或可追溯缺陷；引文真伪另核,Elting，前引书，军马与运输相关章；Paul L. Dawson，2013年关于1813年法国骑兵重建的研究。原始研究记录中的采购、配马、死亡与退出为不同统计对象。,第二轮审计时的书稿位置；章内增补后行号可能移动,
C003,引注,未整改,引注题录或定位 英政1,02a_英国海权与和平_国家财政与社会.md:313,1811议会引证完整度较好，但1807内阁危机以“本项目…原研究所列”代替外部可检索题录。只标后半项为缺陷。,补齐实际使用版本的完整题录与引文落点；一注多源须逐项对应。不得伪填页码或把转引改成亲阅。,已确认形式或可追溯缺陷；引文真伪另核,"英国下院 1811 年 6 月 5 日《信用拨款》，vol.20, cc.445–455，尤 Whitbread c.450、Baring c.455：[议会记录](https://api.parliament.uk/historic-hansard/commons/1811/jun/05/vote-of-credit)。关于 1807 年内阁危机，本项目采用英国议会史研究及原研究所列乔治三世—大臣交涉材料；未将内阁倒台简化为一次议会信任投票。",第二轮审计时的书稿位置；章内增补后行号可能移动,
C004,引注,未整改,引注题录或定位 英贸6,02a_英国海权与和平_国家财政与社会.md:332,Jarrige文献缺题名、年份和定位；Chaloner书评缺刊名题名。来源传递关系已诚实说明，但读者仍难复查传递链。,补齐实际使用版本的完整题录与引文落点；一注多源须逐项对应。不得伪填页码或把转引改成亲阅。,已确认形式或可追溯缺陷；引文真伪另核,François Jarrige 关于卢德运动与劳动史的研究，转引 François Crouzet 的曼彻斯特就业资料；本项目另保留 W. H. Chaloner 1960 年书评第 526 页对 Crouzet 原书第 855 页的引介。上述传递关系不是两份独立原始统计。,第二轮审计时的书稿位置；章内增补后行号可能移动,
C005,引注,未整改,引注题录或定位 英贸7,02a_英国海权与和平_国家财政与社会.md:333,整个1811—1812辩论群没有具体日期、议题、卷栏，不能定位正文的某次请愿和投票。,补齐实际使用版本的完整题录与引文落点；一注多源须逐项对应。不得伪填页码或把转引改成亲阅。,已确认形式或可追溯缺陷；引文真伪另核,1811—1812 年下院枢密院敕令、制造业请愿和商业困境辩论；地方请愿的签名及投票数字仅说明对应活动，不扩展为全国民意调查。,第二轮审计时的书稿位置；章内增补后行号可能移动,
C006,引注,未整改,引注题录或定位 海2,02b_英国海权与和平_舰队海峡与帝国.md:603,1812与1830有链接，但1817、1820、1826各次表决只有年份，缺日期卷栏及对应表。不能把两个链接当五组数全部可核。,补齐实际使用版本的完整题录与引文落点；一注多源须逐项对应。不得伪填页码或把转引改成亲阅。,已确认形式或可追溯缺陷；引文真伪另核,"英国下院 [1812 年 2 月 22 日海军预算](https://api.parliament.uk/historic-hansard/commons/1812/feb/22/navy-estimates)，cc.885–893；[1830 年 3 月 1 日海军预算](https://api.parliament.uk/historic-hansard/commons/1830/mar/01/navy-estimates)，及 1817、1820、1826 年各次员额表；Gregory Fremont-Barnes, *The Royal Navy 1793–1815* (2007), p.44，用于补充，员额、实际到员、全年平均和拨款期间分别处理。",第二轮审计时的书稿位置；章内增补后行号可能移动,
C007,引注,未整改,引注题录或定位 法海4,02b_英国海权与和平_舰队海峡与帝国.md:612,DOI可定位全文，题录却以研究内容描述代替正式题名，未给批次数据对应页或段。属规范化与落点问题，不是来源不存在。,补齐实际使用版本的完整题录与引文落点；一注多源须逐项对应。不得伪填页码或把转引改成亲阅。,已确认形式或可追溯缺陷；引文真伪另核,"Nicola Peter Todorov, 2014 年法国帝国舰材供应与运输研究，DOI 10.4000/geohist.4373：[全文](https://journals.openedition.org/geohist/4373)。木材库存、计划耗用和已经运达的具体批次分别处理。",第二轮审计时的书稿位置；章内增补后行号可能移动,
C008,引注,未整改,引注题录或定位 法海5,02b_英国海权与和平_舰队海峡与帝国.md:613,公开链接可定位，缺正式题名、期刊卷期及所引海事登记数据页码。,补齐实际使用版本的完整题录与引文落点；一注多源须逐项对应。不得伪填页码或把转引改成亲阅。,已确认形式或可追溯缺陷；引文真伪另核,Patrick Villiers、Michel Culerrier，1982 年海事登记研究：[公开全文](https://www.persee.fr/doc/rharm_0035-3299_1982_num_147_2_7111)。,第二轮审计时的书稿位置；章内增补后行号可能移动,
C009,引注,未整改,引注题录或定位 法海6,02b_英国海权与和平_舰队海峡与帝国.md:614,有章节链接，却没有章节作者、题名、论文集名、出版年和具体落点。,补齐实际使用版本的完整题录与引文落点；一注多源须逐项对应。不得伪填页码或把转引改成亲阅。,已确认形式或可追溯缺陷；引文真伪另核,拿破仑时期私掠与海员损失研究，收入索邦历史论文集：[公开章节](https://books.openedition.org/psorbonne/91295)。累计捕获、许可和被俘人员不是舰队净存量。,第二轮审计时的书稿位置；章内增补后行号可能移动,
C010,引注,未整改,引注题录或定位 陆海4,02b_英国海权与和平_舰队海峡与帝国.md:621,Kevin Linch后只接题材描述，缺题名、年份、载体、页码/表号，是英国可用兵力的重要承重引注缺口。,补齐实际使用版本的完整题录与引文落点；一注多源须逐项对应。不得伪填页码或把转引改成亲阅。,已确认形式或可追溯缺陷；引文真伪另核,Kevin Linch 关于 1807—1815 年英国陆军招募、国内驻军与可派遣兵力的研究。病员、民兵转籍与实际可抽调营的差异，是比总编制更接近战役问题的证据。,第二轮审计时的书稿位置；章内增补后行号可能移动,
C011,引注,未整改,引注题录或定位 陆海5,02b_英国海权与和平_舰队海峡与帝国.md:622,Chilcott部分可定位；Cary只有姓名和1815道路书，缺准确题名、版本及路线页。不能把两本书合注当作道路估算已经独立核验。,补齐实际使用版本的完整题录与引文落点；一注多源须逐项对应。不得伪填页码或把转引改成亲阅。,已确认形式或可追溯缺陷；引文真伪另核,"Christopher Chilcott, *Maintaining the British Army, 1793 to 1820*, 博士论文 (2006)，尤 pp.242–244：[全文](https://researchspace.bathspa.ac.uk/1461/1/Christopher%20Chilcott%20-%202006.pdf)；John Cary, 1815 年道路书。道路距离作为 1805 年代理，而非同年实测。",第二轮审计时的书稿位置；章内增补后行号可能移动,
C012,引注,未整改,引注题录或定位 爱4,02b_英国海权与和平_舰队海峡与帝国.md:629,论文题名、链接、注82可定位，但缺作者、年份、卷期等规范题录。保留已说明只读可见注释的证据边界。,补齐实际使用版本的完整题录与引文落点；一注多源须逐项对应。不得伪填页码或把转引改成亲阅。,已确认形式或可追溯缺陷；引文真伪另核,"“The First Chapter of 1798? Restoring a Military Perspective to the Irish Militia Riots of 1793,” *Irish Historical Studies*，注 82：[论文及注释页面](https://www.cambridge.org/core/journals/irish-historical-studies/article/abs/first-chapter-of-1798-restoring-a-military-perspective-to-the-irish-militia-riots-of-1793/D36A1C94E3F789FE03298756F48DAF4D)。本文仅使用可见注释明确的统计范围，未宣称复核全文全部论证。",第二轮审计时的书稿位置；章内增补后行号可能移动,
C013,引注,未整改,引注题录或定位 爱7,02b_英国海权与和平_舰队海峡与帝国.md:632,Donnelly有DOI可定位；Rockites and Whitefeet论文缺作者、学位机构、年份和引用页；应补而非隐去二手层级。,补齐实际使用版本的完整题录与引文落点；一注多源须逐项对应。不得伪填页码或把转引改成亲阅。,已确认形式或可追溯缺陷；引文真伪另核,"James S. Donnelly Jr., “Captain Rock: Ideology and Organization,” DOI 10.1353/eir.2007.0030；*Rockites and Whitefeet* 学位论文：[研究库](https://eprints.soton.ac.uk/460381)。天主教群众组织另参见爱尔兰虚拟档案馆 1824 年 3 月 10 日 O’Connell 致 Laffan 信，VRTI-CATH-1-1824-03-10。",第二轮审计时的书稿位置；章内增补后行号可能移动,
C014,引注,未整改,引注题录或定位 爱8,02b_英国海权与和平_舰队海峡与帝国.md:633,农业文献有题名与库链接；财政、债务合并部分只写“原研究…资料”，需要独立可检索来源和数值位置。,补齐实际使用版本的完整题录与引文落点；一注多源须逐项对应。不得伪填页码或把转引改成亲阅。,已确认形式或可追溯缺陷；引文真伪另核,"“Two Centuries of Irish Agriculture,” [都柏林三一学院研究库](http://hdl.handle.net/2262/3927)；原研究爱尔兰财政、英爱债务合并与税收资料。英镑／爱尔兰镑、barrel／quarter／cwt 均保留各自单位。",第二轮审计时的书稿位置；章内增补后行号可能移动,
C015,引注,未整改,引注题录或定位 帝3,02b_英国海权与和平_舰队海峡与帝国.md:638,Buckley题录可用；1817—1836驻军死亡率另无作者/报告、表页与军区范围，缺陷只指后者。,补齐实际使用版本的完整题录与引文落点；一注多源须逐项对应。不得伪填页码或把转引改成亲阅。,已确认形式或可追溯缺陷；引文真伪另核,"Roger N. Buckley, “The British Army’s African Recruitment Policy, 1790–1807,” *Contributions in Black Studies* 5 (1981), article 2, [DOI 10.7275/6931](https://doi.org/10.7275/6931)，转引其 *Slaves in Red Coats* (1979), pp.55–56；英国陆军 1817—1836 年驻军死亡率资料。奴役购买为累计流量、部队人数为存量，两者不混同。",第二轮审计时的书稿位置；章内增补后行号可能移动,
C016,引注,未整改,引注题录或定位 帝5,02b_英国海权与和平_舰队海峡与帝国.md:640,加拿大木材、新南威尔士羊毛的年度表缺表名、年份、议会文书号或稳定链接；责任政府专题链接不代替贸易统计出处。,补齐实际使用版本的完整题录与引文落点；一注多源须逐项对应。不得伪填页码或把转引改成亲阅。,已确认形式或可追溯缺陷；引文真伪另核,英国议会与殖民地贸易统计，加拿大木材、新南威尔士羊毛各自年度表；[加拿大责任政府专题资料](https://www.biographi.ca/fr/theme_government.html)。不将贸易单位 loads 解释为统一现代吨位。,第二轮审计时的书稿位置；章内增补后行号可能移动,
C017,引注,未整改,引注题录或定位 帝6,02b_英国海权与和平_舰队海峡与帝国.md:641,亚眠和约条款有定位；地中海基地与Cotton通信研究缺作者题名和具体信件日期/编号。,补齐实际使用版本的完整题录与引文落点；一注多源须逐项对应。不得伪填页码或把转引改成亲阅。,已确认形式或可追溯缺陷；引文真伪另核,《亚眠和约》第 VI、X 条；英国地中海基地、岛屿占领与 Cotton 1811 年通信研究。基地使用权、占领与最终主权是不同法律层次。,第二轮审计时的书稿位置；章内增补后行号可能移动,
C018,引注,未整改,引注题录或定位 帝7,02b_英国海权与和平_舰队海峡与帝国.md:642,只给机构和主题，没有新加坡及怀唐伊各页面题名、网址、发布日期或访问日期。,补齐实际使用版本的完整题录与引文落点；一注多源须逐项对应。不得伪填页码或把转引改成亲阅。,已确认形式或可追溯缺陷；引文真伪另核,新加坡国家文物局关于 1819 年协定与贸易站成立的资料；新西兰政府有关《怀唐伊条约》两种文本和治理发展的资料。区域统治者权利与当地实际控制未被欧洲条约名称抹去。,第二轮审计时的书稿位置；章内增补后行号可能移动,
C019,引注,未整改,引注题录或定位 欧8,03_大陆诸国.md:392,预算论文有DOI，但库基耶尔军额的“后出文献”未指明转引者及页码；Tokarz也只称有关章节，重要军额需逐项追溯。,补齐实际使用版本的完整题录与引文落点；一注多源须逐项对应。不得伪填页码或把转引改成亲阅。,已确认形式或可追溯缺陷；引文真伪另核,Dominika Rychel-Mantur，[“Jean-Charles Serra wobec stanu finansów Księstwa Warszawskiego w 1808 r.”](https://doi.org/10.35765/rfi.2025.3103.15)，2025，转引1808年预算文书AE，CP 324、343；Zbigniew Filipiak，“Kwaterunek wojskowy w domach prywatnych Księstwa Warszawskiego. Regulacje prawne”，*Studia Iuridica Toruniensia*，卷IX，页216—217；Wacław Tokarz，*Armja Królestwa Polskiego (1815–1830)*，1917，关于1813—1815年占领供养及会议王国军费的章节。库基耶尔军额仍经后出文献转引，不冒充原卷逐页复核。,第二轮审计时的书稿位置；章内增补后行号可能移动,
C020,引注,未整改,引注题录或定位 欧12,03_大陆诸国.md:400,Murau有页码；柏林动员仍称“项目所存相关研究摘录”，没有外部出处；Clark版本和具体章节位置亦待统一。,补齐实际使用版本的完整题录与引文落点；一注多源须逐项对应。不得伪填页码或把转引改成亲阅。,已确认形式或可追溯缺陷；引文真伪另核,"1808年9月8日巴黎公约、1812年2月24日法普同盟及军事协定；Christopher Clark，*Iron Kingdom*，改革与1813年章节；Steffen Murau，*Sovereign Debt Issuance and Transformation of the Monetary Architecture in Prussia and the German Empire, 1740–1914*，2023，印页7—15。柏林动员材料依项目所存相关研究摘录，未冒称完整地方名册复核。",第二轮审计时的书稿位置；章内增补后行号可能移动,
C021,引注,未整改,引注题录或定位 欧15,03_大陆诸国.md:406,Weis只写1983世俗化财政研究，缺正式题名与位置；相关两种币额的材料链应分别列明。,补齐实际使用版本的完整题录与引文落点；一注多源须逐项对应。不得伪填页码或把转引改成亲阅。,已确认形式或可追溯缺陷；引文真伪另核,1808年巴伐利亚宪法，第I篇及组织条款；Katharina Weigand，[〈Konstitution des Königreichs Bayern (1808)〉](https://www.historisches-lexikon-bayerns.de/Lexikon/Konstitution_des_K%C3%B6nigreichs_Bayern_(1808))，*Historisches Lexikon Bayerns*；1813年10月8日里德条约，公开第4—5条、秘密第5条；Eberhard Weis，1983年巴伐利亚世俗化财政研究。,第二轮审计时的书稿位置；章内增补后行号可能移动,
C022,引注,未整改,引注题录或定位 欧18,03_大陆诸国.md:412,汉堡Franzosenzeit未指机构网址及段落，惩罚摊派与银行没收数字因此缺可定位来源。Marion页码不能自动替它们作证。,补齐实际使用版本的完整题录与引文落点；一注多源须逐项对应。不得伪填页码或把转引改成亲阅。,已确认形式或可追溯缺陷；引文真伪另核,汉堡历史教育网站〈Franzosenzeit〉相关摘录，1813年摊派及银行征用数字依保存转录，不声称复核银行原账；Marcel Marion，*Histoire financière de la France*，卷四，1925，页321。城市惩罚与三省税额只作量级比较。,第二轮审计时的书稿位置；章内增补后行号可能移动,
C023,引注,未整改,引注题录或定位 南20,04_西班牙与意大利.md:445,Davis与Rambaud的书名可识别，但1808财政表只称有关章节，多个精确数缺对应表页和版本；Johnston仅全卷。,补齐实际使用版本的完整题录与引文落点；一注多源须逐项对应。不得伪填页码或把转引改成亲阅。,已确认形式或可追溯缺陷；引文真伪另核,"Davis，前引书，封建制度废除、土地与王国财政各章；Jacques Rambaud，*Joseph Bonaparte en Italie, 1806–1808*，关于1808年财政表的章节；R. M. Johnston，*The Napoleonic Empire in Southern Italy and the Rise of the Secret Societies*，1904，卷一。债务范围不同不合并；法国补助与对法支付并列看待。",第二轮审计时的书稿位置；章内增补后行号可能移动,
C024,引注,未整改,引注题录或定位 南22,04_西班牙与意大利.md:449,5421人、45万杜卡特及处置类别只指Davis若干章节；须补精确页与分项依据，不能以数字口径说明代替出处。,补齐实际使用版本的完整题录与引文落点；一注多源须逐项对应。不得伪填页码或把转引改成亲阅。,已确认形式或可追溯缺陷；引文真伪另核,Davis，卡拉布里亚镇压与地方土地关系各章；本项目先前估算的成本区间只作为明确列假定的比较工具。1807年四十五万杜卡特为两省土地税实收，不是全部税收；5421人为多种处置结果合计。,第二轮审计时的书稿位置；章内增补后行号可能移动,
C025,引注,未整改,引注题录或定位 南26,04_西班牙与意大利.md:457,Consalvi、Pacca仅姓名与回忆材料，无所用回忆录标题、版本、卷页；1808往来也需明确文书日期/编号。,补齐实际使用版本的完整题录与引文落点；一注多源须逐项对应。不得伪填页码或把转引改成亲阅。,已确认形式或可追溯缺陷；引文真伪另核,1808年教廷有关港口与同盟的往来；庇护七世1809年6月10日《Quum memoranda》；Ercole Consalvi与Bartolomeo Pacca回忆材料；Grab关于宗教政策、比利时及意大利社会反应的章节。,第二轮审计时的书稿位置；章内增补后行号可能移动,
C026,引注,未整改,引注题录或定位 省7,07_行省化的边界.md:252,Joor与Aaslestad各称关于某题的研究，未指向唯一作品及落点；正文跨章参见又没有节号/注号。Marion部分已有页码，勿一起判失效。,补齐实际使用版本的完整题录与引文落点；一注多源须逐项对应。不得伪填页码或把转引改成亲阅。,已确认形式或可追溯缺陷；引文真伪另核,"Johan Joor关于1806—1813年荷兰反抗与骚动的研究；Katherine B. Aaslestad关于汉萨城市与大陆体系的研究；Marcel Marion, *Histoire financière de la France depuis 1715*, t. IV, 1925，页321—325。荷兰与汉堡的具体贸易、债务和暴动材料，另见本书英国海权、大陆诸国及经济编。",第二轮审计时的书稿位置；章内增补后行号可能移动,
C027,引注,未整改,引注题录或定位 省8,07_行省化的边界.md:254,Madelin版本已识别，但罗马具体征兵队列只指“诸章”，需给各队列的页码与报告日期。,补齐实际使用版本的完整题录与引文落点；一注多源须逐项对应。不得伪填页码或把转引改成亲阅。,已确认形式或可追溯缺陷；引文真伪另核,"Grab，前引书，意大利及伊利里亚部分；Louis Madelin, *La Rome de Napoléon*, Plon, 1906，罗马征兵与行政诸章；本书保留其报告的个别队列，不把它们推广为全区恒定参数。",第二轮审计时的书稿位置；章内增补后行号可能移动,
C028,引注,未整改,引注题录或定位 省9,07_行省化的边界.md:256,Esdaile仅题材描述；1810和1812文书无准确日期/条款。法理身份与占领状态恰是此段论点，出处必须可定位。,补齐实际使用版本的完整题录与引文落点；一注多源须逐项对应。不得伪填页码或把转引改成亲阅。,已确认形式或可追溯缺陷；引文真伪另核,Charles Esdaile关于半岛战争与约瑟夫王国的研究；Grab，西班牙章；1810年军事政府与1812年加泰罗尼亚行政划分文书。法理地位、军事占领与民政实际分别判断。,第二轮审计时的书稿位置；章内增补后行号可能移动,
C029,引注,未整改,引注题录或定位 省10,07_行省化的边界.md:258,模型说明交代了假设性质，但“随独立研究审计保留”不告诉外部读者在哪里取得版本、输入与输出；需出版附件或正文可复算附表。,补齐实际使用版本的完整题录与引文落点；一注多源须逐项对应。不得伪填页码或把转引改成亲阅。,已确认形式或可追溯缺陷；引文真伪另核,本研究依据前述军队、财政与地方治理文献建立的比较模型。全部人口、军价、可用率、盟军留用、税余和驻防假设均属情景输入；表格不是历史统计。账目修正已剔除既有并合税收的重复计入，并保留使较大方案转正的联合有利反例。原始数据与计算结果随独立研究审计保留。,第二轮审计时的书稿位置；章内增补后行号可能移动,
C030,引注,未整改,引注题录或定位 经3,08_新秩序的经济与社会.md:433,以整本文集和“各地研究”支持不同线路保险数字，缺具体章节作者、页码、路线与日期的对应。,补齐实际使用版本的完整题录与引文落点；一注多源须逐项对应。不得伪填页码或把转引改成亲阅。,已确认形式或可追溯缺陷；引文真伪另核,"Heckscher，前引书；Katherine B. Aaslestad与Johan Joor主编，*Revisiting Napoleon’s Continental System: Local, Regional and European Experiences*, 2015，各地贸易、执法和抵抗研究。保险数字属于不同路线与时段，不按单一欧洲税率使用。",第二轮审计时的书稿位置；章内增补后行号可能移动,
C031,引注,未整改,引注题录或定位 经5,08_新秩序的经济与社会.md:437,Monte Napoleone的公共档案机构未命名；汉堡银行仅称银行史转录。Assereto虽有题名页码，会议出版信息尚不全。,补齐实际使用版本的完整题录与引文落点；一注多源须逐项对应。不得伪填页码或把转引改成亲阅。,已确认形式或可追溯缺陷；引文真伪另核,"Giovanni Assereto, “La Casa di San Giorgio: il potere del credito,” 2004年热那亚会议论文，页173—177；Marion, *Histoire financière*, t. IV；有关Monte Napoleone的意大利公共档案机构说明。汉堡银行数字来自有关银行史转录；储备没收不能推广为全欧洲银行制度的普遍状态。",第二轮审计时的书稿位置；章内增补后行号可能移动,
C032,引注,未整改,引注题录或定位 经6,08_新秩序的经济与社会.md:439,注释只限定1814—1818各节，而正文同注还支持1811—1812金银业务；需补对应章节或段落，不能用电子本无页码解释定位错位。,补齐实际使用版本的完整题录与引文落点；一注多源须逐项对应。不得伪填页码或把转引改成亲阅。,已确认形式或可追溯缺陷；引文真伪另核,"Niall Ferguson, *The House of Rothschild*, vol. I, *Money’s Prophets, 1798–1848*, 1998，关于1814—1818年汇兑、补贴、公债和资本协议诸节。本工程使用电子本；与Buist处理同一法西白银业务时，两者不按完全独立证据计算。",第二轮审计时的书稿位置；章内增补后行号可能移动,
C033,引注,未整改,引注题录或定位 经7,08_新秩序的经济与社会.md:441,Kanefsky—Robey没有题名年份；NBER历史系列缺系列号与表；Crafts缺精确引证页/表。不同动力指标须逐项挂出处。,补齐实际使用版本的完整题录与引文落点；一注多源须逐项对应。不得伪填页码或把转引改成亲阅。,已确认形式或可追溯缺陷；引文真伪另核,"Nicholas Crafts, “Steam as a General Purpose Technology: A Growth Accounting Perspective,” *Economic Journal*, 114, 2004；John Kanefsky与John Robey关于英国早期蒸汽机的研究；NBER法国工业蒸汽动力历史系列；David H. Pinkney, “Paris, capitale du coton sous le Premier Empire,” *Annales*, 5(1), 1950，页56—60。英国棉纺锭数保留为文献量级，不声称已重建英方全部底册。",第二轮审计时的书稿位置；章内增补后行号可能移动,
C034,引注,未整改,引注题录或定位 经8,08_新秩序的经济与社会.md:443,Fremdling与Mitchell均仅题材或系列泛称，法比煤铁及技术比较缺可识别的卷、版本、表。,补齐实际使用版本的完整题录与引文落点；一注多源须逐项对应。不得伪填页码或把转引改成亲阅。,已确认形式或可追溯缺陷；引文真伪另核,Heckscher，前引书；Rainer Fremdling关于英国冶铁技术在大陆转移与适应的研究及其法、比统计表；Mitchell历史统计系列的相关转录。科克里尔的后续投资依赖史实荷兰及比利时制度，不被自动移入法国胜利主线。,第二轮审计时的书稿位置；章内增补后行号可能移动,
C035,引注,未整改,引注题录或定位 经10,08_新秩序的经济与社会.md:447,Einaudi只给研究主题，无题名年份；1803和1806币制安排未给具体法令与条款，1867照会不代替早期法制证据。,补齐实际使用版本的完整题录与引文落点；一注多源须逐项对应。不得伪填页码或把转引改成亲阅。,已确认形式或可追溯缺陷；引文真伪另核,1803年法国币制、1806年意大利王国里拉安排；Luca Einaudi关于拉丁货币同盟的研究；1867年法国外交照会转录。[美国国务院历史文献转录](https://history.state.gov/historicaldocuments/frus1867p1/d291)。1865年制度仅作后来的类比，不作为1815年自动发生的事实。,第二轮审计时的书稿位置；章内增补后行号可能移动,
C036,引注,未整改,引注题录或定位 经11,08_新秩序的经济与社会.md:449,Descombes部分较完整；Arnaud地图、辛普朗交通遗产、运河说明、港池清册未逐一给准确作品或页面。,补齐实际使用版本的完整题录与引文落点；一注多源须逐项对应。不得伪填页码或把转引改成亲阅。,已确认形式或可追溯缺陷；引文真伪另核,René Descombes，“Recherches sur le Magistrat du Rhin”，*Revue d’Alsace*，138，2012，第83—112页，[全文](https://doi.org/10.4000/alsace.1615)；1811年道路分类法令及Jean-Luc Arnaud的历史地图研究；瑞士辛普朗历史交通遗产资料、圣康坦运河地方遗产说明、安特卫普港池文物清册。节点建成、配套完成和全网络畅通分别判断。,第二轮审计时的书稿位置；章内增补后行号可能移动,
C037,引注,未整改,引注题录或定位 经12,08_新秩序的经济与社会.md:451,Lavollée有题录链接；比利时铁路博物馆资料和1834立法未给唯一记录，法国1842法律也缺具体日期/条文定位。不同公里数仍需独立口径核对。,补齐实际使用版本的完整题录与引文落点；一注多源须逐项对应。不得伪填页码或把转引改成亲阅。,已确认形式或可追溯缺陷；引文真伪另核,"比利时1834年铁路立法与铁路博物馆历史资料；法国1842年大干线法；C. Lavollée, “Les Chemins de fer français en 1866 et leur influence sur la propriété du pays,” *Revue des Deux Mondes*, 2e période, t. 61, 1866，页5—40，第一节，[同期回顾转录](https://fr.wikisource.org/wiki/Les_Chemins_de_fer_fran%C3%A7ais_en_1866_et_leur_influence_sur_la_propri%C3%A9t%C3%A9_du_pays)。Lavollée列1841年底569公里，旧摘录319及其他资料566—573公里须进一步按线路与截止日统一；本书采用约570公里，不以不同口径拼接精确增长曲线。",第二轮审计时的书稿位置；章内增补后行号可能移动,
C038,引注,未整改,引注题录或定位 经14,08_新秩序的经济与社会.md:455,已承认主要读书评，仍未列书评作者、标题、刊物与页码；Fichte接受史与美德同盟研究亦为泛称。不能仅列被评书而隐去实际阅读中介。,补齐实际使用版本的完整题录与引文落点；一注多源须逐项对应。不得伪填页码或把转引改成亲阅。,已确认形式或可追溯缺陷；引文真伪另核,"Ute Planert, *Der Mythos vom Befreiungskrieg*, 2007；本工程主要通过学术书评和既有研究摘录使用其论点，未声称通读该书。Johann Gottlieb Fichte, *Reden an die deutsche Nation*, 1808；有关接受史、普鲁士美德同盟和1813年动员的研究。",第二轮审计时的书稿位置；章内增补后行号可能移动,
C039,引注,未整改,引注题录或定位 经15,08_新秩序的经济与社会.md:457,“帝国时期出版审查研究”没有作者题名，恰好本地已有Coffin等材料；应连接实际所用研究并标明原档为转引。,补齐实际使用版本的完整题录与引文落点；一注多源须逐项对应。不得伪填页码或把转引改成亲阅。,已确认形式或可追溯缺陷；引文真伪另核,"Grab，前引书，法国教育与法律诸节；帝国时期出版审查研究；Benjamin Constant, *De l’esprit de conquête et de l’usurpation*, 1814，第12—13章，以及1815年《附加法》相关文书。",第二轮审计时的书稿位置；章内增补后行号可能移动,
C040,引注,未整改,引注题录或定位 经19,08_新秩序的经济与社会.md:465,Juhász已区分2018-04-02稿与刊本，做法正确；但链接只给刊本DOI，未给实际承载第42、45页的作者稿版本入口。,补齐实际使用版本的完整题录与引文落点；一注多源须逐项对应。不得伪填页码或把转引改成亲阅。,已确认形式或可追溯缺陷；引文真伪另核,Daron Acemoglu、Davide Cantoni、Simon Johnson、James A. Robinson，“The Consequences of Radical Reform: The French Revolution”，*American Economic Review*，101(7)，2011，第3286—3307页，[DOI](https://doi.org/10.1257/aer.101.7.3286)；Michael Kopsidis、Daniel W. Bromley，“The French Revolution and German Industrialization: Dubious Models and Doubtful Causality”，*Journal of Institutional Economics*，12(1)，2016，第161—190页，尤其表2、表4，[DOI](https://doi.org/10.1017/S1744137415000223)；Réka Juhász，“Temporary Protection and Technology Adoption: Evidence from the Napoleonic Blockade”，*American Economic Review*，108(11)，2018，第3339—3376页，[DOI](https://doi.org/10.1257/aer.20151730)。本书Juhász的具体数字与表号据2018年4月2日作者稿，尤其第42、45页，未将作者稿页码冒充刊本页码。Wolfgang Keller、Carol H. Shiue，“Endogenous Formation of Free Trade Agreements: Evidence from the Zollverein’s Impact on Market Integration”，*The Journal of Economic History*，74(4)，2014，第1168—1204页，尤其第1192—1194页及表3，[DOI](https://doi.org/10.1017/S0022050714000898)。封锁福利估计采用Kevin H. O’Rourke，“The Worldwide Economic Impact of the Revolutionary and Napoleonic Wars”，NBER Working Paper 11344，2005年5月，表3—4，[工作论文](https://www.nber.org/papers/w11344)；实际使用2005年稿，不以2006年期刊版本代称。识别对象、时间窗口与估计不确定性见资料附编。,第二轮审计时的书稿位置；章内增补后行号可能移动,
C041,引注,未整改,引注题录或定位 资6,10_资料附编.md:433,只称模型源代码、输入、生成表，无可供外部读者获得的版本化附录、说明或稳定附件；局部修正可追溯性不足。,补齐实际使用版本的完整题录与引文落点；一注多源须逐项对应。不得伪填页码或把转引改成亲阅。,已确认形式或可追溯缺陷；引文真伪另核,本研究军事对弈与省化模型的源代码、输入和生成表。本次对普鲁士参数、固定役期公式及队列饱和时点作源级核对；不把局部算术修正伪装为整个政治模型已经重新验证。,第二轮审计时的书稿位置；章内增补后行号可能移动,
C042,引注,未整改,引注题录或定位 资8,10_资料附编.md:437,几个待核城市数字仅笼统关联数名作者，无逐数字出处。低证据等级声明应保留，但还须有最低来源链。,补齐实际使用版本的完整题录与引文落点；一注多源须逐项对应。不得伪填页码或把转引改成亲阅。,已确认形式或可追溯缺陷；引文真伪另核,汉萨与荷兰部分分别见Aaslestad、Joor的区域研究及Woolf、Grab对帝国行政整合的讨论。此段数量来自研究摘录，未逐项回核其原始统计表，证据等级低于本书直接核过的贸易与财政表；保留是为公开所据的比较思路，不用于计算城市损失率或确定行政建设时限。,第二轮审计时的书稿位置；章内增补后行号可能移动,
C043,引注,未整改,正文引注定位 东方多源泛称,06_东方与印度.md:301,正文引注把Sen、Parkinson与“有关马斯喀特条约材料”合在一起，未指明条约文本或对应页。,已有书名的来源按具体版本补页；条约须日期、缔约方、条款与文本来源。,已确认形式或可追溯缺陷；引文真伪另核,阿曼—马斯喀特依靠印度贸易，并受到瓦哈比等陆上压力。1798、1800年的英阿安排及1803年对法国接触的拒绝，显示它倾向选择能实际提供海上保护的力量。若法国拿不出替代安全和市场，就很难以一纸波斯同盟购买阿曼港口。（Sen；Parkinson；有关马斯喀特条约材料。）,第二轮审计时的书稿位置；章内增补后行号可能移动,
C044,引注,未整改,正文引注定位 印度军制,06_东方与印度.md:449,“公司军事组织资料；Alavi；1812—1813续约文书”缺逐项文书号与数据位置。,把团数、公司军与王家部队变化挂到各自统计表和法规。,已确认形式或可追溯缺陷；引文真伪另核,公司军队依赖土兵，同时需要欧洲军官、炮兵及王家部队。1796—1808年间，土著步兵团和骑兵团数量增加，部分公司欧洲步兵编制缩减，王家部队填补某些岗位。统计“欧洲人减少”与“公司兵力增加”时，必须把公司与国王两套编制分开。（公司军事组织资料；Alavi；1812—1813年续约文书。）,第二轮审计时的书稿位置；章内增补后行号可能移动,
C045,引注,未整改,正文引注定位 马德拉斯抗命,06_东方与印度.md:451,“公司军制史；相关马德拉斯事件记录”不是可检索引用。,给军制史书名、事件文书的日期/页/编号，并对应因果主张。,已确认形式或可追溯缺陷；引文真伪另核,法国威胁增强，会鼓励伦敦增派王家部队。这提高战场力量，也会引发公司军官对晋升、待遇和指挥地位的不满。1809年马德拉斯欧洲军官抗命，与军饷津贴、升迁制度和政府处分有关，不是一场支持法国的政治运动。（公司军制史；相关马德拉斯事件记录。）,第二轮审计时的书稿位置；章内增补后行号可能移动,
C046,引注,未整改,正文引注定位 明托两万法军判断,06_东方与印度.md:457,只有1807年通信与“传记文书、公司史材料”，缺收信人、日期、卷页。该判断承担东方能力结论。,定位具体信件；若只读后出研究则明确转引并引后出研究页，保留原文短引与翻译。,已确认形式或可追溯缺陷；引文真伪另核,明托1807年讨论法国威胁时，承认约两万法军会造成严重战争和眼前灾难，却不认为必然征服英属印度。这是一位负责印度防务者的同期判断，价值正在于同时承认危险和抵抗能力。（明托1807年通信，见其传记文书与公司史材料。）,第二轮审计时的书稿位置；章内增补后行号可能移动,
C047,引注,未整改,正文引注定位 新西班牙税款,05_大西洋与美洲.md:208,“第257页附近…不同版本页码应依目录定位”把作者应完成的版本核定转给读者。,固定实际所读版本，按句分别给表、章节及页码；没有固定页码就用实际章节名，不写“附近”。,已确认形式或可追溯缺陷；引文真伪另核,"真实的财政转移已有相当规模。马里查尔估计，1760—1810年新西班牙对外汇出税款超过2.5亿比索，其中约1亿供给其他殖民地与菲律宾，约1.5亿流向宗主国；1780—1810年平均每年对外汇出约800万。1800—1810年直接汇往西班牙及其欧洲债权人的合计约7,000万比索。（Marichal，*Bankruptcy of Empire*，结论，第257页附近及相关注释；不同版本页码应依目录定位。）",第二轮审计时的书稿位置；章内增补后行号可能移动,
C048,引注,未整改,G01 人口普查与Pitkin统计表,05_大西洋与美洲.md:25,人口、军备、关税收入或棉织品数据分别涉及不同原表，当前仅称历次人口普查、制造业统计、财政收入表或棉织品出口表，没有完整表题、页码或表号。I006另将Perkins笼统并列。,按每项数字列人口普查发布机构、普查年度及所用表；Pitkin补1835版实际页/原表题，区分与Perkins的支持范围。,已确认引注形式或定位缺口；并未据此判为史实错误,"这个美国并非1848年版美国的缩小模型。1810年联邦人口普查约724万人，1820年约964万，1830年约1,287万，统计包括被奴役人口；这些人口既不是可自由征调的士兵，也不是一个政治利益一致的市场。南方种植园、北部船主、西部移民和原住民社会，承受的是不同的战争与贸易后果。（美国历次人口普查；Timothy Pitkin，*A Statistical View of the Commerce of the United States*，1835年版。）",第二轮审计时的书稿位置；章内增补后行号可能移动,
C049,引注,未整改,G01 人口普查与Pitkin统计表,05_大西洋与美洲.md:60,人口、军备、关税收入或棉织品数据分别涉及不同原表，当前仅称历次人口普查、制造业统计、财政收入表或棉织品出口表，没有完整表题、页码或表号。I006另将Perkins笼统并列。,按每项数字列人口普查发布机构、普查年度及所用表；Pitkin补1835版实际页/原表题，区分与Perkins的支持范围。,已确认引注形式或定位缺口；并未据此判为史实错误,更何况，美国当时缺少支撑大规模远征的常备机器。1812年1月，众议院以62票对59票否决建设12艘战列舰和20艘护卫舰的方案；同年头几个月的陆军招募进展也远低于纸面目标。1810年统计中的269家棉纺厂和153座炼铁高炉，说明工业正在成长，却不是随时可与英国拼舰队的成熟工业体系。（Perkins，相关军事财政章节；Pitkin，制造业统计。）,第二轮审计时的书稿位置；章内增补后行号可能移动,
C050,引注,未整改,G01 人口普查与Pitkin统计表,05_大西洋与美洲.md:62,人口、军备、关税收入或棉织品数据分别涉及不同原表，当前仅称历次人口普查、制造业统计、财政收入表或棉织品出口表，没有完整表题、页码或表号。I006另将Perkins笼统并列。,按每项数字列人口普查发布机构、普查年度及所用表；Pitkin补1835版实际页/原表题，区分与Perkins的支持范围。,已确认引注形式或定位缺口；并未据此判为史实错误,"美国政府自身也依赖贸易。皮特金所列海关净收入，1807年约15,845,521美元，1808年反而升到16,363,550——因为其中包含对先前进口征收的税；1809年才降至7,296,020，1810年为8,583,309。税收滞后说明，禁运当年的高收入不是禁运有效的证据。1827—1833年海关收入逐渐达到约2,000万—2,900万美元量级，但收入增长与议会愿意拨款造舰仍是两回事。（Pitkin，财政收入表。）",第二轮审计时的书稿位置；章内增补后行号可能移动,
C051,引注,未整改,G01 人口普查与Pitkin统计表,05_大西洋与美洲.md:66,人口、军备、关税收入或棉织品数据分别涉及不同原表，当前仅称历次人口普查、制造业统计、财政收入表或棉织品出口表，没有完整表题、页码或表号。I006另将Perkins笼统并列。,按每项数字列人口普查发布机构、普查年度及所用表；Pitkin补1835版实际页/原表题，区分与Perkins的支持范围。,已确认引注形式或定位缺口；并未据此判为史实错误,"美国后来还会成为工业品供给者。1833年其本国产棉织品出口约2,532,567美元，其中90万以上输往墨西哥，约213,000输往中国。禁运时期的进口替代有助于某些产业成长，但战争也损失市场、原料与信用；“封锁越久，1848年美国工业必定越大”并没有被这张贸易表证明。（Pitkin，棉织品出口表；Irwin，禁运研究。）",第二轮审计时的书稿位置；章内增补后行号可能移动,
C052,引注,未整改,G02 Perkins：强征水手,05_大西洋与美洲.md:54,强征水手的具体数量，只定位到“有关强征水手与外交交涉诸章”；已知书的题录不等于具体统计已定位。,补实际页或明确的章节、表题，并核清个案数、人员数及时间窗口。,已确认引注形式或定位缺口；并未据此判为史实错误,"1807年的英国枢密院令、法国柏林和米兰法令，都把中立国拉进经济战争。英国强征水手又造成主权冲突，但相关数字须辨明：门罗提交的6,257项案件不是6,257名身份、国籍和服役经过均已核定的人；联邦党人所宣传的极低数字也有政治用途。实际释放记录表明问题真实且规模显著，结论不依赖挑选一个最有利的整数。（Perkins，*Prologue to War*，有关强征水手与外交交涉诸章。）",第二轮审计时的书稿位置；章内增补后行号可能移动,
C053,引注,未整改,G03 Girard：圣多明各海军损失,05_大西洋与美洲.md:82,文章有作者和完整题名，但期刊年卷期、公开入口均缺；续段的损失数字也未落实到表或小节。,补该文实际发表信息；无页码网页可用稳定网址、小节和表题，不能补造纸本页码。,已确认引注形式或定位缺口；并未据此判为史实错误,"圣多明各远征不是可以在地图上重新点选的无成本选项。吉拉尔研究法国海军档案后指出，1802年春集结的舰队包括32艘战列舰和22艘护卫舰，涉及法国海军极大一部分力量；后续18个月又不断消耗舰船和熟练人员。首批约19,500名士兵只是第一波，不是整个远征累计投入。（Philippe R. Girard，〈The “Ugly Duckling” of the French Navy: The Saint-Domingue Expedition of 1802〉，*International Journal of Naval History*。）",第二轮审计时的书稿位置；章内增补后行号可能移动,
C054,引注,未整改,G03 Girard：圣多明各海军损失,05_大西洋与美洲.md:84,文章有作者和完整题名，但期刊年卷期、公开入口均缺；续段的损失数字也未落实到表或小节。,补该文实际发表信息；无页码网页可用稳定网址、小节和表题，不能补造纸本页码。,已确认引注形式或定位缺口；并未据此判为史实错误,"死亡数字因是否计入后续补充、海军和失踪者而不同：名册能确认的军人死亡下限与合计5万—6万的估计，不应当作两个独立群体相加。海军损失尤为要紧。约8,000名海军人员死亡、其中约6,000可视为额外损失的估计，置于法国约8万水手的人力池中，说明损害不只是少一支陆军；它直接侵蚀了往后与皇家海军竞争所需的熟练人员。（Girard，同上；数字均属该研究估计口径。）",第二轮审计时的书稿位置；章内增补后行号可能移动,
C055,引注,未整改,G04 圣多明各告示与秘密指令,05_大西洋与美洲.md:96,日期已经给出，但直接引语和复奴意图的解释只称“远征文书与前期研究引录”；未交代实际读到的文书版本或转引出处。,分别列1801年11月8日告示、1802年6月14日指令的版本、收件对象及卷页/文号；通过研究转引的须标完整转引链。,已确认引注形式或定位缺口；并未据此判为史实错误,如果法国承认黑人自由，本地军队可能成为防务伙伴；如果法国坚持恢复奴隶制度，这个最重要的人力来源就会成为抵抗力量。这不是一句道德评价替代军事分析，而是战争本身的组织逻辑。1801年11月拿破仑公开向居民宣布“vous êtes tous libres et égaux”，即人人自由而平等；1802年6月14日德克雷给勒克莱尔的秘密指令，却谋划最终让人们回到“原来的状态”。公开承诺与秘密目标之间的裂口，使“先投降、以后保障自由”越来越缺少可信度。（拿破仑1801年11月8日告示；德克雷1802年6月14日秘密指令，见圣多明各远征文书与前期研究引录。）,第二轮审计时的书稿位置；章内增补后行号可能移动,
C056,引注,未整改,G05 Trani、Régent及海外档案说明,05_大西洋与美洲.md:98,Régent作品未给题名；Trani只给刊物期号与年份；“法国海外档案馆相关历史说明”不是可查的具体文献。三处支撑不同殖民地政策与人口损失。,补各作品题名、网址/页或段；分清瓜德罗普、马提尼克和圣多明各各自适用的法令与统计。,已确认引注形式或定位缺口；并未据此判为史实错误,1802年5月20日法律本身须精读：它维持的是亚眠和约归还殖民地及好望角以东法国殖民地的奴隶制度，不是一条已经在圣多明各全境实际执行的普遍复奴令。瓜德罗普随后复奴的军事过程、法国对有色人种入境与部分教育活动的限制，则让海地人有充分理由担心自身前途。法律适用范围与殖民政策总体方向，需要同时交代。（Frédéric Régent、Frédéric Trani等对1802年殖民政策的研究；Trani，*La Révolution française*，16，2019。）,第二轮审计时的书稿位置；章内增补后行号可能移动,
C057,引注,未整改,G05 Trani、Régent及海外档案说明,05_大西洋与美洲.md:162,Régent作品未给题名；Trani只给刊物期号与年份；“法国海外档案馆相关历史说明”不是可查的具体文献。三处支撑不同殖民地政策与人口损失。,补各作品题名、网址/页或段；分清瓜德罗普、马提尼克和圣多明各各自适用的法令与统计。,已确认引注形式或定位缺口；并未据此判为史实错误,海地“向外输出革命”的威胁也须分清事实与宣传。法国人员罗贝尔若·拉蒂格关于德萨林策划邻岛大屠杀的报告，后来在波旁复辟背景下出版，缺乏可核的人名、被捕者名单等支撑。它可证明殖民精英的恐惧及由此推动的禁贸、人口管制，却不宜直接证明海地已经实施相应计划。（Trani，2019，对相关档案的批判性讨论。）,第二轮审计时的书稿位置；章内增补后行号可能移动,
C058,引注,未整改,G05 Trani、Régent及海外档案说明,05_大西洋与美洲.md:186,Régent作品未给题名；Trani只给刊物期号与年份；“法国海外档案馆相关历史说明”不是可查的具体文献。三处支撑不同殖民地政策与人口损失。,补各作品题名、网址/页或段；分清瓜德罗普、马提尼克和圣多明各各自适用的法令与统计。,已确认引注形式或定位缺口；并未据此判为史实错误,"海地独立不能遮蔽其他殖民地。马提尼克在英国占领期间没有实际实行法国1794年废奴；瓜德罗普在1802年发生复奴战争。有关死亡与驱逐的数字有不同口径：若一项研究估计约3,000名平民与1,000名军人死亡、约1,900人遭驱逐，就不能把另一项“死伤或被驱逐合计约万人”的宣传性总数拼成“死亡4,000—10,000人”的区间。（Trani，2019；法国海外档案馆相关历史说明。）",第二轮审计时的书稿位置；章内增补后行号可能移动,
C059,引注,未整改,G06 Mackenzie：外交、劳动与债务,05_大西洋与美洲.md:108,分别涉及1814年使团、乡村法典和1825年融资；卷二或“财政章节”没有给出实际页/明确章节。1838年法海协定只标年份，交涉材料又未识别。,将文书和Mackenzie分列；核定实际条款、财政表和页码，不把1825敕令与后续贷款、1838安排混为一个来源。,已确认引注形式或定位缺口；并未据此判为史实错误,另一方面，法国若扶植一个依赖外军的客户政权，必须找到比现有海地国家更有吸引力的政治交换。1814年法国对克里斯托夫、佩蒂翁所提出的有限让步，远低于他们已经享有的统治权。承认、市场准入、军事援助确实可以交换，但绝非只有推翻现政府才能提供。（海地法国使团交涉材料；Charles Mackenzie，*Notes on Haiti*，1830，卷二。）,第二轮审计时的书稿位置；章内增补后行号可能移动,
C060,引注,未整改,G06 Mackenzie：外交、劳动与债务,05_大西洋与美洲.md:136,分别涉及1814年使团、乡村法典和1825年融资；卷二或“财政章节”没有给出实际页/明确章节。1838年法海协定只标年份，交涉材料又未识别。,将文书和Mackenzie分列；核定实际条款、财政表和页码，不把1825敕令与后续贷款、1838安排混为一个来源。,已确认引注形式或定位缺口；并未据此判为史实错误,自由劳动并不在技术上排斥制糖。更稳妥的解释是：解放后的农民争取家庭土地和自主安排，战争损毁了大型设施，市场和融资条件又不利；政府若想重新集中劳动，就会与自由的实际含义发生冲突。克里斯托夫的种植园劳动制度与博耶1826年《乡村法典》都试图强制维持农业生产。后者把部分没有土地、没有劳动契约者视为流民，以监禁或公共劳动迫其就业。**废奴是真实的解放，但它没有自动消除国家对劳动的强制。**（Mackenzie，卷二，农业与《乡村法典》诸章。）,第二轮审计时的书稿位置；章内增补后行号可能移动,
C061,引注,未整改,G06 Mackenzie：外交、劳动与债务,05_大西洋与美洲.md:144,分别涉及1814年使团、乡村法典和1825年融资；卷二或“财政章节”没有给出实际页/明确章节。1838年法海协定只标年份，交涉材料又未识别。,将文书和Mackenzie分列；核定实际条款、财政表和页码，不把1825敕令与后续贷款、1838安排混为一个来源。,已确认引注形式或定位缺口；并未据此判为史实错误,"1825年的实际历史说明，海上威胁可以迫成财务协议，但它不等于重新占领。最初1.5亿法郎赔偿是给原殖民所有者的名义义务，不是同额款项立即汇入法国财政。最初3,000万法郎贷款按6%票面利率发行，实际到手约2,400万；折价融资与赔偿共同挤压海地收入。1838年再议后的总赔偿规模降至9,000万法郎，仍成为长期负担。（Mackenzie，卷二，财政章节；1825年4月17日法国敕令与1838年法海协定。）",第二轮审计时的书稿位置；章内增补后行号可能移动,
C062,引注,未整改,G07 圣多明各东部史料,05_大西洋与美洲.md:156,Moya Pons的具体作品、贸易战争文书均未识别；Mackenzie只作泛称。,补实际作品、版本与页；贸易文书列年份和文书身份，区分作者综合与直接档案。,已确认引注形式或定位缺口；并未据此判为史实错误,1808年法国指挥官费朗禁止与海地进行牛只、木材等贸易，伤害了东部地方利益；巴约讷废立又给桑切斯·拉米雷斯的起事提供了保卫西班牙王权的号召。帕洛因卡多战败及费朗自杀之后，英国海上支援帮助西班牙在1809年重建统治。（圣多明各贸易与战争文书；Frank Moya Pons有关东部殖民社会的研究；Mackenzie，岛屿历史章节。）,第二轮审计时的书稿位置；章内增补后行号可能移动,
C063,引注,未整改,G08 SlaveVoyages估算的版本与查询,05_大西洋与美洲.md:192,“研究所存版本”没有公开数据版本、访问/导出时间、地区和年份过滤、计数单位及估算/航次库区别，读者难以重现总数。,保留导出表与查询条件，注明启航/抵达、登船/下船及地区划分；配公开数据集入口。,已确认引注形式或定位缺口；并未据此判为史实错误,"奴隶贸易数据库的既有估算给出一个尺度：1801—1825年，按承运国旗计，法国船只装载约135,815人，葡萄牙—巴西船只约1,160,601人，英国约283,959人；1826—1850年，法国约68,074人，葡萄牙—巴西约1,299,969人，英国本国船旗的相应估算已为零。它们是被迫登船人数的历史估计，不等于到岸存活人数，也不等于按最终殖民目的地划分。（*Slave Voyages*，跨大西洋奴隶贸易估算表，研究所存版本。）",第二轮审计时的书稿位置；章内增补后行号可能移动,
C064,引注,未整改,G09 Brading—Cross矿业数据,05_大西洋与美洲.md:202,I024的洪堡段已有卷页，但墨西哥铸币数字仅指整篇545—579页；I030汞和矿业数据再次只称论文或矿业章节。不是两位作者均无出处。,分别补铸币与汞数据的原表/页及计量单位；保留洪堡已经明确的定位。,已确认引注形式或定位缺口；并未据此判为史实错误,"新西班牙的银矿确实关系欧洲战争。布雷丁与克罗斯记录，墨西哥城铸币额从1706年的约600万比索增至1798年的2,400万，后者约占西属美洲铸币总额的三分之二。洪堡又记载，每年约250万马克白银经韦拉克鲁斯与阿卡普尔科流向欧洲、亚洲。这一个是铸币额，一个是出口银重量；不是可以彼此相加的两份财富。（D. A. Brading and Harry E. Cross，〈Colonial Silver Mining: Mexico and Peru〉，*Hispanic American Historical Review*，52卷4期，1972，第545—579页；Alexander von Humboldt，*Essai politique sur le royaume de la Nouvelle-Espagne*，1811，卷三，第335—336页。）",第二轮审计时的书稿位置；章内增补后行号可能移动,
C065,引注,未整改,G09 Brading—Cross矿业数据,05_大西洋与美洲.md:251,I024的洪堡段已有卷页，但墨西哥铸币数字仅指整篇545—579页；I030汞和矿业数据再次只称论文或矿业章节。不是两位作者均无出处。,分别补铸币与汞数据的原表/页及计量单位；保留洪堡已经明确的定位。,已确认引注形式或定位缺口；并未据此判为史实错误,墨西哥银矿的大规模汞齐法生产依赖水银。阿尔马登矿在高产年份约产1.8万—2万余西班牙担；按每担汞处理约100—125马克银的历史比率，250万马克白银若全部采用同一种工艺，将需要约2万—2.5万担汞。这只是说明依赖关系的量级，不是一个可以据此精确预测减产的生产函数。（Brading and Cross，1972；Humboldt，矿业章节。）,第二轮审计时的书稿位置；章内增补后行号可能移动,
C066,引注,未整改,G10 Guerra与1808年市议会记录,05_大西洋与美洲.md:261,Guerra书缺实际版本和定位；“各地市议会及洪塔记录”未列城市、文书日期或编本。,按墨西哥城、加拉加斯、布宜诺斯艾利斯分别给直接记录或明确转引页；不要用集合名代替档案身份。,已确认引注形式或定位缺口；并未据此判为史实错误,在国王被废之前，殖民地精英可以反对税收、争取职位、要求通商，却仍以效忠君主组织这些要求。1808年真正爆炸性的变化，是“谁有资格代表缺位的王权”。墨西哥城、加拉加斯与布宜诺斯艾利斯先后讨论效忠和自治程序，并不等于三地早已同意一个共同的独立方案。（François-Xavier Guerra，*Modernidad e independencias*；1808年各地市议会及洪塔记录。）,第二轮审计时的书稿位置；章内增补后行号可能移动,
C067,引注,未整改,G11 Torrente：波韦斯军队,05_大西洋与美洲.md:297,约12000人中欧洲人约200的精确构成，只给卷一“保王军构成讨论”，没有实际定位。,补实际版页并保留作者保王立场及估数性质；不要把它写成独立点验结果。,已确认引注形式或定位缺口；并未据此判为史实错误,"“少数西班牙人压住全部美洲人”的图景解释不了长期内战。委内瑞拉的保王军吸收大量混血、黑人及平原居民；托伦特的叙述甚至用波韦斯军队约12,000人、欧洲人约200的比例，强调它并非一支从欧洲搬来的军队。这是保王作者对兵力的估计，不应视为精确人口普查，但军队本地化的方向无疑重要。（Torrente，卷一，保王军构成讨论。）",第二轮审计时的书稿位置；章内增补后行号可能移动,
C068,引注,未整改,G12 Alamán：瓜纳华托,05_大西洋与美洲.md:273,多卷本只称“1810年瓜纳华托事件章节”，未说明卷次、所用版本及实际页/章号。,补卷、版与明确章节或页，核清作者叙事同同期记录的距离。,已确认引注形式或定位缺口；并未据此判为史实错误,1810年战争又改变了局面。伊达尔戈对欧洲出生者的敌意、瓜纳华托格拉纳迪塔斯粮仓的杀戮与后续报复，使精英对社会革命的恐惧上升。关于参战和死亡人数，各方叙述差异极大；阿拉曼对部分夸大的死伤数字也有怀疑。这里最重要的不是挑选一个最大数，而是暴力如何把政治自治要求转化为财产、种族与生存冲突。（Lucas Alamán，*Historia de Méjico*，1810年瓜纳华托事件章节。）,第二轮审计时的书稿位置；章内增补后行号可能移动,
C069,引注,未整改,G13 古巴1808年贸易研究,05_大西洋与美洲.md:285,第二篇已有期号、年份及第275页，但题名缺失；并列的Amores Carredano作品连具体身份也未列。,补完整文章题名和实际所用作品；每项贸易下降、糖收成未售比例分别对应来源。,已确认引注形式或定位缺口；并未据此判为史实错误,但古巴依赖国际贸易。1808年美国禁运使对北美贸易大幅下降，研究估计减半；部分进口品价格上涨，约三分之二糖收成未能卖出。这里是贸易渠道和特定产品销售的冲击，不是岛上全部经济活动消失。（Juan B. Amores Carredano、Sigfrido Vázquez Cienfuegos有关1808年古巴研究；Vázquez Cienfuegos，*Araucaria*，22，2009，第273—290页，尤其第275页。）,第二轮审计时的书稿位置；章内增补后行号可能移动,
C070,引注,未整改,G14 古巴—爪哇糖业比较表,05_大西洋与美洲.md:289,已列文章题名和年份，仍以“相关糖业比较表”代替实际表号/页，期刊卷期和范围也未列。,补实际版本完整题录及表号，交代两岛年份、糖种、重量口径是否相同。,已确认引注形式或定位缺口；并未据此判为史实错误,"古巴糖出口从1800年的约28,761吨增至1850年的294,952吨，显示它在海地种植园崩溃后扩张的能力；这同时建立在大规模奴隶输入、土地开拓和资本投资之上。1790—1867年输入约78万奴隶的估计覆盖比本书更长的时期，不能全部归入1848年前。（Ulbe Bosma、Jonathan Curry-Machado，〈Two Islands, One Commodity: Cuba, Java and the Global Sugar Trade, 1790–1930〉，*New West Indian Guide*，2012，相关糖业比较表。）",第二轮审计时的书稿位置；章内增补后行号可能移动,
C071,引注,未整改,G15 Echeverri：民众保王主义,05_大西洋与美洲.md:299,已有篇章题名与文集名称，但编者、出版年份和完整篇章信息缺失，“第449页起”未说明实际所引范围。,补所用文集版本、编者和篇章页；定位支持地方权利、土地及自由诉求的具体段落。,已确认引注形式或定位缺口；并未据此判为史实错误,"在波帕扬及更广泛安第斯地区，原住民社群、奴隶和自由有色人种可能借效忠国王保卫地方权利、土地、自治或争取自由。精英共和国并不总能比遥远的国王提供更好条件。（Marcela Echeverri，〈Abascal, Cádiz y el realismo popular en Popayán〉，载 *Abascal y la contra-independencia de América del Sur*，第449页起。）",第二轮审计时的书稿位置；章内增补后行号可能移动,
C072,引注,未整改,G16 Hamnett：秘鲁兵员与财政,05_大西洋与美洲.md:309,1500至8000的正规军、3659000收入及1235781贡赋、继任后的财政判断，都共用整本专著或“同上”；没有原表或具体章节/页。,对兵额、年度财政、继任政策分别给实际页/表并保留比索口径；33.8%另标为作者除法。,已确认引注形式或定位缺口；并未据此判为史实错误,"总督阿巴斯卡尔在1806—1816年建立的军事体系，是法国援西能力评估中最有价值的现实证据。秘鲁正规军由1809年约1,500人扩大到1813年2月约8,000人，另有大规模民兵；战争在很大程度上依靠当地人员和财政，而非等待西班牙每年运来一支欧洲军团。（Brian R. Hamnett，*La política contrarrevolucionaria del Virrey Abascal: Perú, 1806–1816*，IEP，2000。）",第二轮审计时的书稿位置；章内增补后行号可能移动,
C073,引注,未整改,G16 Hamnett：秘鲁兵员与财政,05_大西洋与美洲.md:313,1500至8000的正规军、3659000收入及1235781贡赋、继任后的财政判断，都共用整本专著或“同上”；没有原表或具体章节/页。,对兵额、年度财政、继任政策分别给实际页/表并保留比索口径；33.8%另标为作者除法。,已确认引注形式或定位缺口；并未据此判为史实错误,"这证明法国若避免西班牙本土崩溃，可以通过有限援助放大一个已经存在的保王体系。然而，当地能力有边界。1810年9月至1811年9月的收入约3,659,000比索，其中原住民贡赋1,235,781，比重约33.8%。实际历史中加的斯改革废除贡赋，会在战争最需现金时制造缺口；在没有占领与加的斯制宪的主线上，这项法律不自动出现，但“平等承诺与财政依赖如何相容”的矛盾仍必须处理。（Hamnett，同上。）",第二轮审计时的书稿位置；章内增补后行号可能移动,
C074,引注,未整改,G16 Hamnett：秘鲁兵员与财政,05_大西洋与美洲.md:351,1500至8000的正规军、3659000收入及1235781贡赋、继任后的财政判断，都共用整本专著或“同上”；没有原表或具体章节/页。,对兵额、年度财政、继任政策分别给实际页/表并保留比索口径；33.8%另标为作者除法。,已确认引注形式或定位缺口；并未据此判为史实错误,"到1816年前后，秘鲁累计债务约1,100万比索；佩苏埃拉任内一组收入约180万、支出约2,683,825的预算，显示缺口约883,825。银矿存在不等于政府手里有可立即支付的现金。（Hamnett，阿巴斯卡尔继任后的财政讨论。）",第二轮审计时的书稿位置；章内增补后行号可能移动,
C075,引注,未整改,G17 巴西：邮船与里约人口,05_大西洋与美洲.md:467,I052的印刷、制造业及邮船政策只指主题章节；I053里约人口4.5万至6万、奴隶输入量只指Schultz主题，没有具体调查年份、页或表。,给法令日期/条款及邮船资料定位；人口和奴隶流量分列年份、地域与出处，避免把范围当同年统计。,已确认引注形式或定位缺口；并未据此判为史实错误,宫廷迁移还改变了信息与制度。1808年巴西撤销部分限制制造业的规定、设立王家印刷所；伦敦出版的《巴西邮报》持续批评条约与行政，却也主张渐进改革。1810年英葡安排建立的法尔茅斯—里约邮船和英国商行网络，使商业优势同时成为信息优势。法国单有欧洲声望，难以取代这套定期到达的船、信用和消息。（Schultz；Manchester，1810年条约与英国商人章节。）,第二轮审计时的书稿位置；章内增补后行号可能移动,
C076,引注,未整改,G17 巴西：邮船与里约人口,05_大西洋与美洲.md:471,I052的印刷、制造业及邮船政策只指主题章节；I053里约人口4.5万至6万、奴隶输入量只指Schultz主题，没有具体调查年份、页或表。,给法令日期/条款及邮船资料定位；人口和奴隶流量分列年份、地域与出处，避免把范围当同年统计。,已确认引注形式或定位缺口；并未据此判为史实错误,王室迁都的城市叙事不能只写剧院、宫廷和印刷所。18世纪末里约人口大约4.5万—6万，奴隶人口占比很高；此前每年已有约万人的奴隶输入。宫廷、建筑、服务和出口经济扩大，会增加强迫劳动需求。（Schultz，城市社会与奴隶劳动章节。）,第二轮审计时的书稿位置；章内增补后行号可能移动,
C077,引注,未整改,G18 巴西关税与1810年条约,05_大西洋与美洲.md:459,24%与15%税率、船旗优惠及领事司法只指一本书和整篇文章，未给各自法律条款或引证页。,注明开港法令与条约日期、税目及条款；若据Manchester/Pedreira转引则列实际页，不冒充原条约亲阅。,已确认引注形式或定位缺口；并未据此判为史实错误,"晚一步止损的分支不同。1808年巴西港口已经开放，王室及其追随者已在里约建立利益。初期一般进口税率为24%，葡萄牙船运另有优惠；1810年对英条约给予英国货物15%税率，又有领事司法等特殊待遇，后来对葡萄牙货物另作调整。税率须按年份、船旗、商品和协定分别解释，不能把一个税率表当成整个时期不变的制度。（Alan K. Manchester，*British Preeminence in Brazil*，1933；Jorge M. Pedreira，〈From Growth to Collapse: Portugal, Brazil, and the Breakdown of the Old Colonial System〉，*HAHR*，80卷4期，2000，第839—864页。）",第二轮审计时的书稿位置；章内增补后行号可能移动,
C078,引注,未整改,G19 Aksan：奥斯曼军制与供应,06_东方与印度.md:25,具体兵数或供应比例只称“改革与禁卫军解体诸章”“军需与首都供应讨论”，没有可稳定定位的页/表/章号。,按军队编制和首都供给两组分别定位；确认统计时点与分母。,已确认引注形式或定位缺口；并未据此判为史实错误,"禁卫军军饷凭证可以流通，商人、宗教人士和家庭也可能持有收益权。于是，清除虚额不仅是校正一张兵员表，也是在取消一批社会财富。1809年出现约4,000人实际应召、却领取约14,000份军饷的案例；到1826年，名册和实际服役之间的差距更大。不同数字的年份与地域须分开，不能据此宣布整个帝国只剩几千名能战之兵。（Virginia H. Aksan，*Ottoman Wars, 1700–1870: An Empire Besieged*，2007，改革与禁卫军解体诸章。）",第二轮审计时的书稿位置；章内增补后行号可能移动,
C079,引注,未整改,G19 Aksan：奥斯曼军制与供应,06_东方与印度.md:47,具体兵数或供应比例只称“改革与禁卫军解体诸章”“军需与首都供应讨论”，没有可稳定定位的页/表/章号。,按军队编制和首都供给两组分别定位；确认统计时点与分母。,已确认引注形式或定位缺口；并未据此判为史实错误,伊斯坦布尔依赖多瑙河、黑海和巴尔干的粮食与牲畜供应；研究所举1818年羊只来源中，多瑙河公国占约42%。即便中央愿意参与对英经济战争，也不可能无成本地切断自身商业和粮食网络。（Aksan，军需与首都供应讨论。）,第二轮审计时的书稿位置；章内增补后行号可能移动,
C080,引注,未整改,G20 Pamuk：货币史作品未识别,06_东方与印度.md:51,只给Pamuk姓名和“货币、财政讨论”，没有题名或版本；其支持的是跨年币值不可直接比较这一关键方法。,补实际作品及银含量/货币变化资料位置；不要补一个未读过的名著替代原研究。,已确认引注形式或定位缺口；并未据此判为史实错误,财政数字亦须先处理币值。18世纪末与19世纪前期的库鲁什数额，经历货币含银量和征收口径变化。将1784年收入、改革新库收入与1826年的名义预算直接排列，就可能把贬值当成国力增长。部分1820年代币值剧烈变动，尤其不宜再按单一汇率折成法郎，给法国东方补贴表提供虚假精度。（Şevket Pamuk及Aksan的货币、财政讨论；Shaw，新秩序财政章节。）,第二轮审计时的书稿位置；章内增补后行号可能移动,
C081,引注,未整改,G21 Driault：领事文书、船只与波斯火炮,06_东方与印度.md:75,分别涉及领事观察、红海船只、五个月铸20炮；只称某年段文书或使团材料，缺信件日期、文号或页。I067还将Marsot并列而未分清归属。,逐项标出原文书日期、收发人及所用编本页；使团报告与后人估计分开。,已确认引注形式或定位缺口；并未据此判为史实错误,1805年以后崛起的穆罕默德·阿里并不以“亲法”或“亲英”之一为固定身份。他欢迎法国技术和人员，却防备法国再次占领；他向英国控制的市场出售粮食，却不愿因此成为英国附庸。1808年前后加固亚历山大防御、拒绝带有控制意味的援助，正体现这种选择。（Driault，1808—1810年领事文书。）,第二轮审计时的书稿位置；章内增补后行号可能移动,
C082,引注,未整改,G21 Driault：领事文书、船只与波斯火炮,06_东方与印度.md:83,分别涉及领事观察、红海船只、五个月铸20炮；只称某年段文书或使团材料，缺信件日期、文号或页。I067还将Marsot并列而未分清归属。,逐项标出原文书日期、收发人及所用编本页；使团报告与后人估计分开。,已确认引注形式或定位缺口；并未据此判为史实错误,阿里为了向阿拉伯半岛投送军队，在布拉克制造船只，拆成部件后用骆驼运往苏伊士再组装；1809—1811年有关记录列出18艘约100—150吨的船。他也利用马斯喀特航运。这个工程证明埃及能组织一条跨沙漠转运线，不能把它说成一条容纳欧洲舰队直航印度的运河。（Marsot；Driault，红海船运文书。）,第二轮审计时的书稿位置；章内增补后行号可能移动,
C083,引注,未整改,G21 Driault：领事文书、船只与波斯火炮,06_东方与印度.md:159,分别涉及领事观察、红海船只、五个月铸20炮；只称某年段文书或使团材料，缺信件日期、文号或页。I067还将Marsot并列而未分清归属。,逐项标出原文书日期、收发人及所用编本页；使团报告与后人估计分开。,已确认引注形式或定位缺口；并未据此判为史实错误,法比耶在约五个月中铸出20门炮，是使团技术工作的成功。部分火炮随后被封存而未有效用于预定战争，又显示技术能力与指挥、财政、外交之间的脱节。（Driault；加尔达纳使团材料。）,第二轮审计时的书稿位置；章内增补后行号可能移动,
C084,引注,未整改,G22 Scott：埃及军队统计,06_东方与印度.md:109,卷二“军队与海军章节”没有章号、表题或页，精确兵员数难以直接复查；Fahmy并列未说明支持何句。,补Scott实际统计表位置和观察年份；Fahmy承担解释的段落另注。,已确认引注形式或定位缺口；并未据此判为史实错误,"1830年代埃及动员人口的规模可达十余万，但同时代观察者斯科特所列名义军额90,550人与其估计的约8万埃及正规军，并不是同一范围；叙利亚部队、非正规军与海军另有口径。农民人口约数与军额相比，可以显示负担沉重，不应伪装成精确的人均动员极限。（C. R. Scott，*Rambles in Egypt and Candia*，1837，卷二，军队与海军章节；Fahmy。）",第二轮审计时的书稿位置；章内增补后行号可能移动,
C085,引注,未整改,G23 Marsot：产棉、战争损失与财政,06_东方与印度.md:115,59200至153363坎塔尔、财政负担等数字只指农业工业诸章或晚期财政讨论；缺具体页/表。,补每个数的时间、口径与引证页；死亡、债务和欠税不要共用无法分辨支持对象的整书引用。,已确认引注形式或定位缺口；并未据此判为史实错误,"埃及确有工业扩展。长绒棉的引种、灌溉与国家收购，创造出口收入；马尔索所列棉花数量由1828年的59,200坎塔尔增至1844年的153,363。兵工厂可以月产数门火炮、数百支步枪；不同工场的数字不能相加成不变产能。煤、铁、设备和熟练人员仍依赖外来供应。（Marsot，农业、工业与海军各章。）",第二轮审计时的书稿位置；章内增补后行号可能移动,
C086,引注,未整改,G23 Marsot：产棉、战争损失与财政,06_东方与印度.md:117,59200至153363坎塔尔、财政负担等数字只指农业工业诸章或晚期财政讨论；缺具体页/表。,补每个数的时间、口径与引证页；死亡、债务和欠税不要共用无法分辨支持对象的整书引用。,已确认引注形式或定位缺口；并未据此判为史实错误,"军队现代化还面对瘟疫、欠饷和行政负荷。1835年瘟疫死亡约50万是历史估计，不能当作完全核定人口数；但其对劳动力、军队和税收的冲击不容忽视。1841年前后债务约8,000万法郎的估计，1844年一组税款拖欠约占应收额19%的数据，都表明胜利并不自动形成充足现金流。（Marsot，政权晚期财政与继承讨论。）",第二轮审计时的书稿位置；章内增补后行号可能移动,
C087,引注,未整改,G24 Panzac：奴隶与国家收入,06_东方与印度.md:129,人数和收入占比只定位为奴隶经济及国家收入章节，没有页/表或章号。,补各城市/政权对应原表，明确人口存量、年度收益及分母。,已确认引注形式或定位缺口；并未据此判为史实错误,"阿尔及尔1813年可确认的奴隶规模上限约1,645人；突尼斯在一项峰值估计中，私掠收入约占国家收入15.7%。它们足以解释国家对海上暴力的依赖，却不支持将整片北非经济都简化为贩卖欧洲俘虏。（Panzac，奴隶经济及国家收入章节。）",第二轮审计时的书稿位置；章内增补后行号可能移动,
C088,引注,未整改,G25 英波补助与条约,06_东方与印度.md:149,10万英镑与20万土曼分别涉及不同文书，现仅列Brydges整书及三个条约年份；1814年条件也未列条款。,按年份、币种、触发条件列文书日期和条款/编本页；承诺额与实际支付分列。,已确认引注形式或定位缺口；并未据此判为史实错误,1808年底波斯向法国提出最后要求；加尔达纳1809年2月离开，英国外交人员紧接着到来。英国1809年提供约10万英镑补助及训练支持，后续协定又调整为20万土曼等标准。这些金额涉及年份、币种与履约条件，不能统一写成“每年英国固定支付某数”。1814年条约更带有战争责任等限制。（Harford Jones Brydges，*An Account of the Transactions of His Majesty’s Mission to the Court of Persia*，1834；英波1809、1812、1814年协定。）,第二轮审计时的书稿位置；章内增补后行号可能移动,
C089,引注,未整改,G26 Elphinstone：阿富汗财政,06_东方与印度.md:169,近3000万名义收入与不足2000万实际收入只称财政与军队章节，没有明确章号/页表。,补1815所用版本的实际位置及贾吉尔扣项，保留观察年份与税源边界。,已确认引注形式或定位缺口；并未据此判为史实错误,埃尔芬斯通1809年出使喀布尔宫廷时，观察到的阿富汗王权正处于竞争、地方分权与财政困难中。他所述近3千万卢比的名义收入，与不足2千万的实际收入并不相同；其中又有相当部分分给贾吉尔持有人，中央真正可以支配的现金更少。（Mountstuart Elphinstone，*An Account of the Kingdom of Caubul*，1815，财政与军队章节。）,第二轮审计时的书稿位置；章内增补后行号可能移动,
C090,引注,未整改,G27 Kaye：阿富汗战争后勤,06_东方与印度.md:211,给了卷一388—389页，却未给所用版本年份；多版卷册页码应同真实版本对应。,识别实际版本并核其卷页，保留1838年仅作后世尺度类比的限定。,已确认引注形式或定位缺口；并未据此判为史实错误,"1838年英国入侵阿富汗的一支约9,500名战斗人员的孟加拉军，带有数万随营人员和约3万头骆驼，可作数十年后的规模警示；它不是1808年法国方案的真实编制。（John William Kaye，*History of the War in Afghanistan*，卷一，第388—389页。）",第二轮审计时的书稿位置；章内增补后行号可能移动,
C091,引注,未整改,G28 拿破仑印度远征命令,06_东方与印度.md:245,“1808年6月10日前后相关命令”难以定位19600人、10600水手、56船到底各出自哪封命令；1805计划与1808计划也合在一注。,分列日期、收发人、通信集版本与文号/页，并说明是否为同一方案同一阶段。,已确认引注形式或定位缺口；并未据此判为史实错误,"拿破仑1805年曾设想投入约2万法国军人，联同西班牙和岛上力量；1808年5—6月的方案又列出约19,600名陆军、10,600名水手及56艘各类舰船。纸面上的兵力和船数是真实计划的一部分，不应抹去。（拿破仑《通信集》，1805年1月16日及1808年6月10日前后相关命令；Sen；Parkinson。）",第二轮审计时的书稿位置；章内增补后行号可能移动,
C092,引注,未整改,G29 Prentout经Kaeppelin转引,06_东方与印度.md:249,诚实声明没有通读Prentout是优点；但实际使用的Kaeppelin书评缺刊物、年份、页和链接，转引链仍断在读者入口。,列完整书评题录及具体页；Prentout原书只作被评作品，不冒充已读原著。,已确认引注形式或定位缺口；并未据此判为史实错误,"实际增援远小于方案。海军大臣德克雷、德卡恩及远洋舰队指挥官之间有目标与风险判断差异；利努瓦并不简单受当地总督战术指挥。将执行失败全部归为德克雷“胆小”，会忽略部门分权、船只状态、命令延迟与欧洲优先级。（Parkinson，第9章；Henri Prentout，*L’Île de France sous Decaen, 1803–1810*，1901，相关内容在本研究中经Pierre Kaeppelin书评及Sen转述使用，未冒称已核全书。）",第二轮审计时的书稿位置；章内增补后行号可能移动,
C093,引注,未整改,G29 Prentout经Kaeppelin转引,06_东方与印度.md:263,诚实声明没有通读Prentout是优点；但实际使用的Kaeppelin书评缺刊物、年份、页和链接，转引链仍断在读者入口。,列完整书评题录及具体页；Prentout原书只作被评作品，不冒充已读原著。,已确认引注形式或定位缺口；并未据此判为史实错误,法兰西岛的种植园经济和殖民统治依靠奴隶劳动。殖民者抵制革命时期的废奴，也曾反对危急时武装奴隶。1809年相关动员公告被撤回，表明总督不能把奴隶人口直接计成可自由使用的兵源。（Prentout经Kaeppelin转述；Sen，殖民地动员部分。）,第二轮审计时的书稿位置；章内增补后行号可能移动,
C094,引注,未整改,G30 Wilson续编与Alavi,06_东方与印度.md:287,Wilson续编卷七未列实际版次年份；Alavi只有作者与书名，无版本与定位。韦洛尔和特拉凡哥尔主题称谓未落实为明确章节/页。,明确续编与Mill原书关系、版本、卷页；将Alavi的军制解释与叙事史料各自定位。,已确认引注形式或定位缺口；并未据此判为史实错误,1806年韦洛尔兵变中，蒂普家族的存在和象征确有作用；军服、胡须、耳饰与皮革规定触及军人宗教和身份，亦是关键因素。它证明公司军队内部存在脆弱点，不证明法国曾直接策划，更不证明同一时刻全印度土兵都在等待法国登陆。（H. H. Wilson，*The History of British India*续编，卷七，韦洛尔章节；Seema Alavi，*The Sepoys and the Company*。）,第二轮审计时的书稿位置；章内增补后行号可能移动,
C095,引注,未整改,G30 Wilson续编与Alavi,06_东方与印度.md:291,Wilson续编卷七未列实际版次年份；Alavi只有作者与书名，无版本与定位。韦洛尔和特拉凡哥尔主题称谓未落实为明确章节/页。,明确续编与Mill原书关系、版本、卷页；将Alavi的军制解释与叙事史料各自定位。,已确认引注形式或定位缺口；并未据此判为史实错误,1808—1809年韦卢·坦皮领导的抵抗，与附属军费用、地方权力和宗教政治有关。法国即将援助的传闻可以扩大动员，却没有变成可持续的法印联合行动。纳伊尔部队规模不小，仍在英国军队和地方政治变化中迅速失败。（Wilson，卷七，特拉凡哥尔章节。）,第二轮审计时的书稿位置；章内增补后行号可能移动,
C096,引注,未整改,G31 Pemble：廓尔喀战争,06_东方与印度.md:297,仅给简题名及“有关军制与外交讨论”，没有出版年份、实际版本及页/章。,补真实使用版本、书的完整题名和所用章节；核部队与外交说法的各自出处。,已确认引注形式或定位缺口；并未据此判为史实错误,尼泊尔有自己的山地扩张和边境利益。1814—1816年的战争表明，它能给英国造成显著成本；但军械补给、资源与多线压力同样限制行动。它对中国或旁遮普的求援，不等于对法国作出从属承诺。（John Pemble，*The Invasion of Nepal: John Company at War*，有关军制与外交讨论。）,第二轮审计时的书稿位置；章内增补后行号可能移动,
C097,引注,未整改,G32 公司续约文书的直接引语,06_东方与印度.md:319,英文直接引语没有确定归属1812文集的哪页还是1813请愿的哪栏；后文350行给请愿整段卷栏，不足以辨明该句实际出处。,找出该句所在的具体文书与页/栏；若只能经后书转引，明确标转引。,已确认引注形式或定位缺口；并未据此判为史实错误,1812年围绕续约的文书中，公司强调如果因欧洲目的而在印度进行战争，公共财政应承担相应责任：“an European war for European objects”。它是在向英国政府争取费用分担，不能直接读成公司已经退出帝国扩张。（*Papers Respecting the Negociation with His Majesty’s Ministers on the Subject of the East-India Company’s Charter*，1812；公司1813年2月22日致议会请愿。）,第二轮审计时的书稿位置；章内增补后行号可能移动,
C098,引注,未整改,G33 Milburn卷二中国贸易总表,06_东方与印度.md:400,书的1813年版本已在前文识别，问题是精确销售与税收数只指中文泛称“中国贸易总表及说明”，未给页或可辨原表标题；链接仅指前文卷一。,给卷二实际原表页或英文完整表题及入口；不误将卷一链接当卷二查核入口。,已确认引注形式或定位缺口；并未据此判为史实错误,"米尔本列出1792—1793至1808—1809年17年间，公司中国货物在伦敦销售约57,896,274英镑，其中茶约55,160,230；相应关税与消费税为32,290,599，年均约190万英镑。这后一项才是可以明确称作英国国库收入的税收。（Milburn，卷二，中国贸易总表及说明。）",第二轮审计时的书稿位置；章内增补后行号可能移动,
C099,引注,未整改,G34 Marichal：耶尔莫债务,05_大西洋与美洲.md:269,约300人的政变与131200、86000比索债务合用第7章和未识别的“墨西哥政治史料”，具体两个债务数字无定位。,分别定位政变叙事与债务账例；标清债务余额、应还额或累计偿还。,已确认引注形式或定位缺口；并未据此判为史实错误,"墨西哥城的半岛人商人、土生白人市议员、总督与高等法院，不是两个整齐阵营。1808年加布里埃尔·德·耶尔莫带领约300人推翻伊图里加赖总督，既有王权归属之争，也有具体经济利益。耶尔莫本人就因“整顿基金”政策背负巨额还款压力：相关债务约131,200比索，至1808年9月已偿还约86,000。这样的经历表明，保王政变也可能由不满王室征敛的人发动。（Marichal，第7章；墨西哥政治史料。）",第二轮审计时的书稿位置；章内增补后行号可能移动,
C100,引注,未整改,G35 达达尼尔谈判与科兰古信件,06_东方与印度.md:35,两部著作仅指1808年谈判部分；相邻37行的科兰古3月16日信还以“je crois”承担解释，未给收件人、编本页或文号。,补信件的实际出处和必要上下文；先确认“估计”的具体对象，再评价未获批准的程度，不单凭两个词推断整个协议状态。,已确认引注形式或定位缺口；并未据此判为史实错误,拿破仑愿意以奥斯曼领土同俄国谈判，但他又不愿让俄国拥有完全自由的地中海出口。1808年法俄交涉中，君士坦丁堡与达达尼尔海峡的归属不断成为障碍。俄国若得到城市，却仍须经过法国控制的海峡，相当于离开自家门口也要取得邻国许可；法国若把海峡全部交给俄国，则改变欧洲长期均势。（John H. Puryear，*Napoleon and the Dardanelles*，1951；Albert Vandal，*Napoléon et Alexandre Ier*，卷一，1808年谈判部分。）,第二轮审计时的书稿位置；章内增补后行号可能移动,
L001,材料吸收,未整改,征额再分配与逃役下降：支持政策适应的定量证据,nodes/r_5b1357a9c6/cards/t_1f7db4/Q2_integration_panel.md:107–125,Rouanet与Piano 2023的拉屈埃政策、表4约−5个百分点结果及3256/2812源内出入均未在现稿呈现。,将“可预期征额有助合作”由政策口号变成已有经验支持的机制，同时保留降负担的兵额代价。,本轮确认项目卡已有细读记录；没有重跑回归。不得把下降直接解释为净增兵，更不能外推所有新省。完整来源：Drafting the Great Army: The Political Economy of Conscription in Napoleonic France，JEH83(4):1057–1100，doi:10.1017/S0022050723000360。,"## 4　RP23真正支持什么，不支持什么

【锚点】Rouanet与Piano（2023，pp.1065、1088–1092）描述Lacuée于1808提出分级、1809实施差异征集、1810差异更强。Table 4第4列给出高抵抗第4/5类省1810相对1809的逃役差距变化−4.99631个百分点，标准误1.73068；按刊本标准误作普通正态近似区间是**−8.39至−1.60点**。这是对已刊估计的复算，不是本卡新回归，也不是新省的预测区间。

同期人口征集份额系数约−0.00024。**降低合规失败率的一部分方法，就是降低需要这些地区承担的负担。**两项一起读，才不会把优化征额分配误写成额外获得等量净兵力。

### 4.1　识别边界

- **选择并入与时间共线。**兼并日期、战争日历、交通条件、既有国家能力均相关；简单“入法年资”斜率不能分清这些因素。
- **强控制删掉重要目标地区。**作者注33明确：“these data were not available for the Belgian, German, and Italian departments”（p.1077）。Table1样本从554到534、365、292。最强控制规格不是整个并合帝国的充分代表。
- **征额政策本身内生。**高逃役者获得较低配额；战争风险和执法资源也会同步改变。事件研究支持政策机制，但不是随机分省实验；征额系列存在处理前差异及1809提前调整迹象。
- **后测量控制。**人均税为1802/03截面；识字用1816–20，身高、职业用1820年级；不是所有控制都在政策前确定。
- **不是所有空间关系都稳健。**距巴黎按100公里计；Table1第3列约+3.31点，但第5列约+3.05点、空间标准误1.90045，近似区间跨零。边界系数在空间修正下也跨零。地形比较更稳定，却不能推出500公里、某语言或某宗教的断裂线。旅费控制多不稳定（附录pp.26–27）。

### 4.2　发表材料也要审计

正文p.1092称无改革多3,256名逃役者，总数10,499会高27%；附录p.61公式实际汇总**2,812名额外逃役者、3,256名额外送军者**。2,812/10,499＝26.78%，3,256/10,499＝31.01%。前者与正文27%、第4/5类49%的表述更相符。

这是已页图核对的内部出入，不代表本卡已查清作者代码。附录又把S定义为真正到营者，却用人口征集份额系数构造ΔS，尚需核查变量实现。因此既不冻结“精确净增兵为零”，也不把3,256−2,812＝444冒充已识别的净增兵。**降负担可以有效降逃役的方向仍有发表证据；精确人数留作待复核项。**",第二轮审计时的书稿位置；章内增补后行号可能移动,
L002,材料吸收,未整改,制度移植的文化与地区异质性,nodes/r_b55f2c1cf5/cards/t_f3c44f/c10_causal_evidence.md:35–35,Lecce—Ogliari 2019作者稿的447县、1886教师工资、交互项−.208及识别限制未被现稿呈现。,使“制度有效但因地而异”具有正反证据，解释为何不能用长期平均收益替每一地区背书。,项目使用2019年3月稿提取文本，未原页逐格验证；结果非1803—1848GDP，非宗教本质论；与ACJR部分共用数据。题名Institutional Transplant and Cultural Proximity: Evidence from Nineteenth-Century Prussia，刊本doi:10.1017/S0022050719000366。,"|Lecce–Ogliari 2019-03稿[4]|447普鲁士县；被法国并合/卫星国×新教人口份额；1886男性小学教师工资对数|表3(5)交互−.208(SE.0403)，近似区间[−.28699,−.12901]；按前拿破仑政治单位聚类SE.0692时[−.34363,−.07237]|宗教非随机且主测量为1871；工资非GDP；后处理控制；19地区DID存在1750前期交互显著；文化与制度接近性难完全分离|反对无条件同质收益外推；不是新教有害、不是宗教本质论，也不是欧洲普适阈值|",第二轮审计时的书稿位置；章内增补后行号可能移动,
L003,材料吸收,未整改,公投与民意代理的失真,nodes/r_5b1357a9c6/cards/t_7c3954/F5_french_society_succession.md:36–36,共和八年及1815表决的数字、伪造与参与范围争议没有实质入文。,将“忠诚有条件”落在帝国展示同意的制度上，并防止把官方赞成票当全民拥护。,项目卡部分精确数字仍待原表，不能全部当核定事实。先恢复Langlois等研究的可核发现，再逐数给版本与证据等级。,"【事实】公投数字系列：an VIII 官方 3,011,007 赞成/1,562 反对——Langlois 证明系卢西安·波拿巴在 1800 年 2 月 5–7 日间最后一刻伪造，真实赞成票少于 1793 年宪法（相差约 35 万），且军队根本未投票 (S12)；an X 约 365 万赞成/8,300 反对（参与率约 45%）；an XII 官方赞成亦在 350 万量级/2,600 反对（约 40%；通行精确数 357 万级本卡未见原表，标待核）；1815 年附加法 1,552,942 赞成/5,740 反对（参与率约 20%，与 an VIII 同水平；陆军 120,300＋海军 16,200 票被官方表格膨胀为 45 万）(S13, S14)。",第二轮审计时的书稿位置；章内增补后行号可能移动,
L004,材料吸收,未整改,1811—1813审查政策变动与机关冲突,nodes/r_5b1357a9c6/cards/t_7c3954/F5_french_society_succession.md:121–121,669稿改163禁76、后续下降与1811年命令转向等材料缺失；现稿仅保留审查的一般性叙述。,同一例同时展示皇帝能纠偏与纠偏依个人裁量的不稳定；直接修补M002而非在末尾堆一张审查表。,"Coffin据存世周报，非所有出版物的社会总体审查率，底层AF IV档案为转引。Victor Coffin, Censorship and Literature under Napoleon I, AHR22(2),1917:288–308。","**报刊与书籍检查**【事实】：1810-02-05 敕令建立出版总局（Direction générale de l'Imprimerie et de la Librairie，8 编 51 条）：巴黎印刷所限 60 家（1811-02-11 增至 80），brevet+宣誓准入，事前审查合法化（censure préalable），外国书进口须许可；拿破仑 1809-12-12 国务会议语：""印刷业不是一门生意……而是一个武器库，绝不能任由所有人取用"" (S38)。执行统计（Coffin 据总局周报 AF IV 1049/1354）：1811 年审 669 稿、改 163、禁 76（改禁率 >30%）；1812 年 1–3 月 185 稿改 39 禁 10，4–12 月 386 稿仅改 4 禁 1；1813 年改禁率 <3%——1811-12-13 拿破仑在国务会议痛斥审查过严（""On règlemente beaucoup trop""）后系统性放松 (S39)。省级政治报刊""实际上已不复为舆论因素""（Coffin）(S39)。歌谣、历书、colporteur 印品下沉管制：历书必须刊圣拿破仑节（8-15）与加冕-奥斯特里茨纪念（12-2）(S38)。",第二轮审计时的书稿位置；章内增补后行号可能移动,
L005,材料吸收,未整改,中枢通信时滞被否定容量神话的提醒替代,nodes/r_5b1357a9c6/cards/t_08b9e7/F1_napoleon_center.md:182–184,现稿正确拒绝信件数量等于容量，却未保留逐卷时段、巴黎—马德里和莫斯科通信延误等可用证据。,说明地方授权为何必要、跨战区同时承诺为何危险，不恢复原卡“中枢已达硬极限”的未证判断。,1808含次年1月、1811只九个月，4190是折年非观察峰值；信件计数并非全部工作量，回路估计须另标作者裁量。,"**通量**【事实】Correspondance générale（Fondation Napoléon，总计划40,960封）逐卷计数：1805≈1,790（由1806卷""较上年+50%""回推）；**1806=2,685**（T6导言）；1807：卷数未获（缺口）；**1808+1809.1=3,021**（T8导言）；1809.2–1810.2：卷数未获（缺口）；**1810.3–1811.3=3,006**（T10导言；基金会2014年报另载3,214，采导言值并注差异）；**1811.4–12=3,144**（T11导言）→**1811年折年率≈4,190封，为已证峰值**；**1812=2,551**（T12序）。这只是发文；收文、口头裁决、签署（每张许可证、每份名单）不在内。
【事实】收件人集中度（1811.4–12）：Clarke 1,149（36%）+Lacuée 247（8%）→军务占60%；Decrès 320；Berthier 238（半岛遥控）；Davout 229；Maret 120；Mollien 98+Gaudin 40；**约瑟夫（西班牙国王）1封**。（T11导言。）
**时延**【事实】巴黎—马德里最快信使5–6天单程（T8导言）；巴黎—莫斯科公文包每日达、单程14–15天（Caulaincourt）；拜伦（Baylen 7-19/22降）消息8-02达波尔多≈11–14天；别列津纳后""十五天无任何estafette""（1812-11-29致Maret，T12序引）。→ **决策环路（信息上行+命令下行）：西欧8–12天，伊比利亚3–4周，俄境4–5周**。",第二轮审计时的书稿位置；章内增补后行号可能移动,
L006,材料吸收,未整改,阿姆斯特丹借款容量与信用约束的定量锚,nodes/r_5b1357a9c6/cards/t_656a10/X1_finance_houses.md:502–502,研究卡保留8300万盾名义、7600万实募的融资量级，现稿强调商票网络却未呈现这一容量案例。,给共同信用安排一个可讨论的市场深度参照，同时写出法国政治控制反会摧毁融资的机制。,Buist印页61–62尚须回核；“1805—07两年”、年化、拒贷范围及“兼并后归零”均不可不加审计照抄。确认的是材料遗漏，非原卡所有命题为真。,"| **阿姆斯特丹对单一体系的年吸收** | 1805–07两年约**8,300万盾名义／7,600万实募**（≈£660–720万） | 拒绝普鲁士、德意志小邦与意大利王国；1810年兼并后归零 | 若 F1 实施，可恢复至年 **1,700–3,450万盾** | Buist 印页61–62 |",第二轮审计时的书稿位置；章内增补后行号可能移动,
L007,材料吸收,未整改,财政官员与地方抵抗的具体社会组成,nodes/r_5b1357a9c6/cards/t_afeae6/Q1_resistance_determinants.md:197–197,约瑟夫政府流亡官员中财政雇员逾40%、警察21%的结构性例证没有入文。,把财政汲取、地方怨恨与合作者命运连在一起，避免把抵抗只讲成抽象民族或宗教情感。,分母只是1814逃入法国的一组官员，不是西班牙所有官员或所有被迫害者；原卡引Woolf印页232，应回页核对。,"Woolf特别点出 droits réunis（酒、盐、烟间接税）征管方式招致最普遍怨恨，官员常粗暴；一个可量化的旁证是：1814年逃入法国的Joseph政府西班牙公务员中**逾40%是财政部雇员，警察官员仅占21%**（印p.232）。蒂罗尔1809向布雷西亚以北山谷的蔓延""owed as much to the dreaded introduction of a new consumption tax as to the excess production crisis of their iron ore mines""，磨坊主、面包师、客栈主、酒商、店主与农民一同罢市；贝格1813年1月制造业工人起义由急性工业危机引发（同页）。罗马的法国档案同样显示征兵动员点火：新征兵、关修院、逐教士、财政要求在数月内把一个原本""prêt à se soumettre""的地方推入""une opposition sans grandes violences""（Madelin, *La Rome de Napoléon*, 索引p.186）；而教士拒绝交出出生登记册、市长装作不懂法律、富人行贿、逃征者遁入 macchia，官方报纸却宣称征兵进行得""tranquillité""（索引pp.187–188）。**行政报告的""平静""不能未经对照就编码为零值**——这是本卡编码纪律的直接来源。",第二轮审计时的书稿位置；章内增补后行号可能移动,
L008,材料吸收,未整改,法律延续与社会信任：Buggle实际读到的2013工作稿,nodes/r_b55f2c1cf5/cards/t_f3c44f/c10_causal_evidence.md:34；89–99；167,现稿没有呈现Buggle这组已核过的独立结果及其“采用＋后继保留”的机制。现稿已有制度延续观点，所以这是证据支撑遗漏，不是主题完全缺席。,把“法典可比王朝更长寿”变成有对象和时间边界的论证；短段机制入正文，表值与限制入附编，不塞进1815财政模型。,实际读到2013 SOEPpapers566，不是2016 EER刊本；2003社会信任不是1848政治忠诚；迁移、空间相关和后继选择仍有限制。本轮比对保存的原文文本，不宣称重新做了原页图像/回归。,研究卡记录：2013稿表4(5)，历史法律边界50公里样本，信任系数0.0485，SE 0.0169，N=4031；表6部分规格不显著。原文文本明确处理包含adoption and continuation of the Code Civil。,第二轮审计时的书稿位置；章内增补后行号可能移动,
L009,材料吸收,未整改,征税集中与限制支出不是同一改革：Dincecco,nodes/r_b55f2c1cf5/cards/t_f3c44f/mechanism_audit.md:20–55,现稿提出预算约束、共同偿债和财政宪制，却未纳入这组已研究的“征收权集中≠支出权受约束”的比较证据。,解释帝国为什么不仅要能收钱，还要使纳税者与债权人相信钱按规则花；将集权能力和限制皇权的交易有机连接。,历史面板相关与制度解释，不是拿破仑政策的随机效应；0.6206不直接等于增加62%，两系数差的显著性另需协方差；表页图像复核仍列待办。,研究卡和保存原文区分财政集中与有限政府。表6(2)相对“碎片化且专制”基组，集中专制0.2215、集中有限政府0.6206；因变量为黄金计价人均公共收入的对数，11国面板。,第二轮审计时的书稿位置；章内增补后行号可能移动,
L010,材料吸收,未整改,先加入者改变后来者的选择：Ploeckl的关税联盟机制,nodes/r_b55f2c1cf5/cards/t_f3c44f/mechanism_audit.md:57–76,现稿有共同市场和“退出不起”的判断，却没有呈现工程已读的加入顺序、外部选项及补偿机制研究。,让巴黎从“所有人一起服从”的口号转向具体交易：先谈哪些内陆伙伴，向仍可使用英国港口者付多少交换条件；合作并不自然等于退出无门。,不是处理效应回归；没有SE/CI不是数据漏填，应标不适用。史实普鲁士的地理、制度和1815后领土条件不自动属于法国；不得恢复旧卡未经校准的同盟概率或把−0.055价格差当福利下界。,2010论文第4—5节以联盟博弈和历史叙事解释序贯谈判：先形成的联盟改变外部国家的通道、关税和财政收益，影响加入顺序；海港外部选项会改变谈判地位。,第二轮审计时的书稿位置；章内增补后行号可能移动,
S001,结构/覆盖,未整改,材料覆盖仍是文件/卡片到章节映射，不是证据到论证的验收,audit/*coverage.md；材料总账；本轮73个研究卡目录验收状态,物理登记可以证明文件存在，却没有逐项说明每份材料中的有效数据、引文、反证和思考在何处入文或为何舍弃。已确认的7组遗漏表明现有覆盖宣称不足。,建立来源家族—证据项—正文位置—注号链；对排除项写重复、被纠正、与设问无关或证据不足，不以“看过”“已归章”代替采用。,沿用首轮；原账保留,见第一轮结构与覆盖缺陷.csv,第二轮审计时的书稿位置；章内增补后行号可能移动,
S002,结构/覆盖,未整改,法国财政段出现同一证据两次铺陈,01_法国的能力与代价.md:140、146、154、156,共和十三年172763591/149627795收入案例与高丹新增1.05亿、辛普朗成本案例在相邻节完整重复，第二次未引出相称的新一层推论。高丹/戈丹译名不统一。,每个证据保留信息最完整的一次，第二处只承接结论；所有数字、条件与出处仍保留，并统一人名。,沿用首轮；原账保留,见第一轮结构与覆盖缺陷.csv,第二轮审计时的书稿位置；章内增补后行号可能移动,
S003,结构/覆盖,未整改,面向研究者的纠错话语侵入面向读者的叙事,全书；例如第一章144—164行、资料附编360—419行,全稿含“本次”28次、“原研究”10次、“旧稿”6次、“本工程”7次；这些不是按词判错，但与大量“某数不等于某物”的防误读段叠加，使部分章节像修订备忘录。必要口径说明与旧版修订史没有稳定分层。,正文先叙事件、利益与因果；承重口径紧随数据；旧版错误和工具障碍移入编辑记录。删除重复元话语，不删除材料。,沿用首轮；原账保留,见第一轮结构与覆盖缺陷.csv,第二轮审计时的书稿位置；章内增补后行号可能移动,
S004,结构/覆盖,未整改,缺统一的实际使用文献书目和来源家族登记,全书注释与文献；多个前引、相关章节、研究摘录式短引,209条注释并非209个独立来源；一注多书、跨章重引与实际使用作者稿/书评交错。当前缺按作品与版本统一的读者书目，短引定位和来源独立性难复查。,列实际使用作品、版本、转引链与资料入口；每个短引唯一回指，同源不同镜像不增加证据份数。不同规范均可，但须完整一致。,沿用首轮；原账保留,见第一轮结构与覆盖缺陷.csv,第二轮审计时的书稿位置；章内增补后行号可能移动,
S005,结构/覆盖,未整改,旧覆盖审计的未完状态与新书稿冲突,audit/root_coverage.md:34；10_资料附编.md:410、423,root_coverage仍说Branda驻军表1806—1809对齐未解决，而现稿已说明原图格位恢复。没有清楚的失效/被替代标记，用户会得到两个进度结论。,保留旧记录但加日期和“已由何次核验关闭”，以唯一现行缺陷账管理状态；不把已解决项继续列入待办，也不抹去历史证据。,沿用首轮；原账保留,见第一轮结构与覆盖缺陷.csv,第二轮审计时的书稿位置；章内增补后行号可能移动,
T001,术语,未整改,liste civile误译为“民用表”,01_法国的能力与代价.md:158,liste civile在这份主权开支账中指皇室/君主岁费；“民用表”既不是通行历史财政术语，也容易被误解为一般民政开支。原文另将司法、内政、警务和宗教等开支分开。,两处分别改作“皇室岁费3000万”和“当地皇室岁费150万”，必要时首见附法文。保留49650万合计、1342万复算与原文1400万取整区别。,拿破仑1810年7月26日罗马财政安排；工程所存公开转录，不是原档图像,"拿破仑对罗马的要求，则展示另一种算法。1810年7月26日的财政安排，把陆军3.5亿、海军1亿、民用表3,000万、外交850万、财政中央800万合计为4.965亿法郎，按3,700万人口分摊，每百万人约需1,342万，文书取整为1,400万。罗马地区约80万人遂被要求承担约1,100万，再扣当地民用表150万和教皇120万，目标净贡献约800万。**巴黎是先算帝国需要多少钱，再向地方分摊；这不能代替地方究竟付得起多少的调查。**〔法17〕
原文：
Les dépenses de la justice, de l’intérieur, de la police, des cultes, ne regardent pas les dépenses générales. Il en est de même de 17 ou 18 millions de dépenses des finances. Il n’y a réellement que les rela­tions extérieures, une portion des finances pour le Sénat et le Corps législatif, la guerre, la marine et la liste civile, qui soient des dépenses de l’État et tenant à l’exercice de la souveraineté. Ces dépenses

sont:

Liste civile 30,000,000′

Relations extérieures 8,500,000

Finances. 8,000,000

Guerre et administration de la guerre. . . . 350,000,000

Marine 100,000,000

Total 496,500,000

Ce total divisé par 37 millions, formant la population de la France, donnerait, pour chaque million d’habitants, un contingent de 14 millions pour les dépenses qui tiennent à l’exercice de la souveraineté. La population des États romains doit payer comme les autres; mais elle n’est que de 800,000 habitants ; son contingent pour 800,000 habi­tants doit donc être moindre de deux dixièmes, ou de 2,800,000 francs : son contingent ne serait donc plus que d’environ 11 millions; mais elle paye 1,500,000 francs de liste civile et 1,200,000 francs pour le Pape; il y a donc encore à déduire 2,700,000 francs, ce qui réduit son contingent à 8 millions environ. Il faudrait donc que, les dépenses des petits ministères soldées, elle donnât encore 8 millions pour faire face à tout ce qui tient à l’exercice de la souveraineté, c’est-à-dire à la guerre, à la marine, etc.",第二轮审计时的书稿位置；章内增补后行号可能移动,
