region,scenario,policy_note,T,R,E,O,S,D,mass_band_lo,mass_band_hi,sustained_band_lo,sustained_band_hi,band_basis,flip_evidence
北意伦巴第,A_藩属,维持意大利王国、欧仁治下现行安排不变,0,0,1,0,0,1,0.15,0.30,0.00,0.05,1809威尼托与艾米利亚先例显示新间接税+奥军入境即可触发;无此二者则以IT王国常态计,若磨粉税式新消费税再开或奥军重返波河;若本地府长体系被法籍官员替换
北意伦巴第,P_缓和并合,并为法国省但留意大利籍府长、不动教会安排、征兵沿用旧额,0,0,1,0,1,0,0.25,0.45,0.03,0.10,类比0010格(BE1802/NL1811/HH1806/PL1807)4例中1例大起义;主权破坏提高但无宗教与地形放大,若并合同时撤换本地精英则上调;若奥地利被彻底中立化且十年无新税则下调
北意伦巴第,H_强制并合,并省+教产处置+关税一体化+征兵倍增,0,1,1,1,1,1,0.70,0.90,0.15,0.30,类比0111格(VE1809/EM1809)2例皆大起义、1例跨季;Woolf印p232蒂罗尔蔓延布雷西亚以北由新消费税推动,若对教会采取专约式妥协则R归零;若奥军无力进抵则sustained上界减半
德意志西部,A_藩属,莱茵联邦诸邦维持君主与现行教会安排,1,0,1,0,0,1,0.10,0.25,0.00,0.05,Grab印p108南德1813仍calm;Rowe印p79莱茵1804统治可接受,若1813式帝国崩溃期到来;若征兵额突增至威斯特法利亚水平
德意志西部,P_缓和并合,莱茵—威斯特法利亚并省并保专约、留本地官员与教产买受者,1,0,1,0,1,0,0.15,0.30,0.00,0.05,类比1010格6例仅1例(ZH1804)大起义;RH1802为同类实测负例,若教产或礼仪政策再起冲突;若并省同时提高间接税征管粗暴度(Woolf印p232 droits réunis)
德意志西部,H_强制并合,并省+对教会施压+征兵加倍+海关严办,1,1,1,1,1,1,0.35,0.60,0.05,0.15,罗马1809(1110)为强制并合但无大起义的单例;威斯特法利亚1809(1011)有大起义无持续;两者夹逼,若奥普同时开战提供外援机会则上调;若维持专约与本地司法则回落至P档
巴伐利亚,A_藩属,维特尔斯巴赫保王位、蒙特格拉斯官僚继续,1,0,1,0,0,1,0.05,0.15,0.00,0.03,Grab印pp103-108本朝得地、精英入官、1813南德仍平静;本档是史实档,若南德被要求承担西班牙式长期兵役;若1809蒂罗尔式割省再现于本部
巴伐利亚,P_缓和并合,并为法国省但留蒙特格拉斯行政班底与王室年金,1,0,1,0,1,0,0.20,0.40,0.02,0.08,类比S1R0D1E1束6例中3例大起义;废朝但保官僚的中间档,若旧王室在奥地利设流亡中心;若并合换来关税与市场一体化红利且十年无新征兵峰
巴伐利亚,H_强制并合,废朝+分割为数省+世俗化第二波+征兵扩张,1,1,1,1,1,1,0.45,0.70,0.08,0.20,蒂罗尔1809是巴伐利亚强制中央化的实测结果(1101格);但巴伐利亚本部无蒂罗尔式特权传统与奥军边境,若奥地利仍在且能出兵蒂罗尔—因河方向;若安排本地贵族进入法国元老院与军官团
加泰罗尼亚,A_藩属,保波旁王朝、加泰旧建制不动,1,1,0,1,0,0,0.25,0.45,0.05,0.15,1793-95 guerra gran已显示somatén可复活(Moliner Prada印p91);无王朝废立则动员理由弱,若法军再度驻扎并摊派;若西班牙王室主动配合且不发生正规军瓦解
加泰罗尼亚,P_缓和并合,兼并至埃布罗但保留somatén法律形式与地方洪塔式自治,1,1,1,1,1,0,0.55,0.80,0.20,0.40,类比1101格9/10;E上调因保留地方建制;但沿海英舰与西班牙腹地仍提供外援,若英国无法在地中海岸持续补给;若同时废除somatén与miquelet建制则上调至H档
加泰罗尼亚,H_强制并合,兼并+废地方建制+教产处置+征兵,1,1,0,1,1,1,0.80,0.95,0.40,0.65,1101格实测9/10大起义、含ES/TY/CA三个持续例;Moliner Prada印pp91-94既存武装建制+有产者领导,若法军彻底控制海岸并切断巴利阿里—西西里补给;若西班牙本部同时保持和平与合作
那不勒斯,A_藩属,缪拉式藩属王国、不并省,1,1,1,1,0,1,0.35,0.55,0.15,0.30,卡拉布里亚1806-11为藩属期实测持续起义;Woolf印p232西西里英援是其存续条件,若西西里被夺或英援中断;若南方封建废除让农民实得公地
那不勒斯,P_缓和并合,并省但留那不勒斯贵族与教会安排、渐进征兵,1,0,1,1,1,0,0.45,0.70,0.15,0.30,并省提高主权破坏但宗教冲突可控;英西西里基地使O不可能归零,若英军撤出地中海;若中南意行政由本地人主导十年以上
那不勒斯,H_强制并合,并省+教产处置+征兵+镇压匪帮,1,1,0,1,1,1,0.80,0.95,0.40,0.65,1101格;卡拉布里亚三年才平定(Grab印pp165-168),若采Manhès式军事化治安并同时收买氏族网络;若英国失西西里
全西班牙,H_强制并合,废王朝并省化全境,1,1,0,1,1,1,0.90,0.98,0.70,0.90,ES1808实测;Woolf印pp233-234统治阶级全面失信+无第三等级承接,若保留波旁立宪王朝(见A档);若英军无法维持半岛军事存在
全西班牙,A_保王朝同盟,保波旁并联姻、以条约取资源,1,1,1,0,0,0,0.20,0.40,0.03,0.12,1808前西班牙持续作为法国盟邦;Woolf印p234指1808年前危机来自宫廷派系而非民众反法,若戈多伊式宫廷危机再爆并被法国介入;若法国要求超出1803补助条约的兵员摊派
葡萄牙,H_强制并合,废布拉干萨、并省或设波拿巴王,1,1,0,1,1,1,0.85,0.95,0.40,0.65,1807-08实测:六月Oporto主教起义、八月英军登陆(Grab印pp145-147),若英国海军无法登陆且巴西宫廷不资助;若保留摄政与旧军且只封港
葡萄牙,P_缓和,保王室或摄政、仅封港与驻军,1,1,1,0,0,0,0.25,0.45,0.05,0.15,1807年前葡萄牙长期在英法间两面周旋而无起义,若驻军就地征发与解散葡军;若英国以武力强夺舰队反使本地转向法国
波兰,A_藩属,维持华沙公国、贵族主导、复国前景保留,0,0,1,0,0,1,0.05,0.15,0.00,0.03,Grab印pp179-183全部本地行政与贵族掌权;军费占预算三分之二仍未见大起义,若农奴解放被实质推行触动贵族;若复国承诺被公开放弃
波兰,P_缓和并合,并为法国省但保szlachta地方权力与波兰语行政,0,0,1,0,1,0,0.15,0.35,0.02,0.08,类比0010格;主权破坏但精英续任;波兰精英合作动机来自复国而非法国本身,若并合被读作放弃复国;若同时给予波兰王国名号与宪法
波兰,H_强制并合,并省+法语行政+征兵扩张+触动农奴制,0,1,0,1,1,1,0.45,0.70,0.10,0.25,无地形庇护与近便外援时上界受限;但俄国边境提供O;贵族一旦转向则组织能力极强,若俄国同时施压边境;若法国以土地与官职买断szlachta
