case,level,years_since_new_annex,population_m,departments,gross_senior_posts,gross_civil_low,gross_civil_mid,gross_civil_high,externally_recruited_paid_mid,gross_gendarmes,foreign_recruited_gendarmes,gend_over_1809_actual,gend_over_1811_regulation,baseline_demand,inner_revision,additional_garrison_present,allied_roster_lost,allied_roster_remaining,annual_nominal_levy,annual_arrived,mature_extra_present,demand_present,human_present_supply,human_balance_present,required_french_roster,french_paid_roster,cash_delta_Mfr,excluded_historical_direct_tax_net_penalty_Mfr,minimum_extra_central_army_Mfr,army_budget_gap_Mfr,human_assumption,cash_assumption,note
A_inner_1810,low,10,38.25,110.0,1100.0,11000.0,17600.0,24200.0,1264.0,11907.5,2124.625,0.7695166085045884,0.45798076923076925,540000.0,-4450.0,800.0,0.0,200000.0,600.0,420.0,0.0,536350.0,595000.0,58650.0,431000.0,428571.4285714286,0,0.0,1.6999999999999886,1.6999999999999886,F2_500k_Fr_plus200k_B;new_A_recruits_exclude_actual1812_A_regions,F4_300M_Fr_army_700fr_per_head;1812_existing_direct_cash_already_in_base;regional_new_cash_hypothetical,all_counts_not_same_year_census;annual_levy_not_extra_stock;no_navy_growth_paid_twice
A_inner_1810,mid,10,38.25,110.0,1100.0,11000.0,17600.0,24200.0,1264.0,13840.0,2435.0,0.894403515574512,0.5323076923076923,540000.0,3400.0,1200.0,0.0,200000.0,600.0,420.0,0.0,544600.0,595000.0,50400.0,440705.8823529412,428571.4285714286,0,0.0,8.494117647058829,8.494117647058829,F2_500k_Fr_plus200k_B;new_A_recruits_exclude_actual1812_A_regions,F4_300M_Fr_army_700fr_per_head;1812_existing_direct_cash_already_in_base;regional_new_cash_hypothetical,all_counts_not_same_year_census;annual_levy_not_extra_stock;no_navy_growth_paid_twice
A_inner_1810,high,10,38.25,110.0,1100.0,11000.0,17600.0,24200.0,1264.0,16205.0,3055.75,1.0472405325061394,0.6232692307692308,540000.0,11250.0,2000.0,0.0,200000.0,600.0,420.0,0.0,553250.0,595000.0,41750.0,450882.3529411765,428571.4285714286,0,0.0,15.617647058823536,15.617647058823536,F2_500k_Fr_plus200k_B;new_A_recruits_exclude_actual1812_A_regions,F4_300M_Fr_army_700fr_per_head;1812_existing_direct_cash_already_in_base;regional_new_cash_hypothetical,all_counts_not_same_year_census;annual_levy_not_extra_stock;no_navy_growth_paid_twice
B_select_no_Berg_1825,low,10,39.476,114.0,1140.0,11400.0,18240.0,25080.0,1408.0,12507.9,2484.865,0.8083171772004653,0.48107307692307694,540000.0,-4450.0,5100.000008,0.0,200000.0,2350.8,1712.94,0.0,540650.000008,595000.0,54349.999992000055,436058.82353882346,428571.4285714286,0,0.0,5.241176477176452,5.241176477176452,F2_500k_Fr_plus200k_B;new_A_recruits_exclude_actual1812_A_regions,F4_300M_Fr_army_700fr_per_head;1812_existing_direct_cash_already_in_base;regional_new_cash_hypothetical,all_counts_not_same_year_census;annual_levy_not_extra_stock;no_navy_growth_paid_twice
B_select_no_Berg_1825,mid,10,39.476,114.0,1140.0,11400.0,18240.0,25080.0,1408.0,14630.6,2909.36,0.9454956701563914,0.5627153846153846,540000.0,3400.0,7700.000008,0.0,200000.0,2350.8,1712.94,0.0,551100.000008,595000.0,43899.999992000055,448352.9411858823,428571.4285714286,0,0.0,13.847058830117646,13.847058830117646,F2_500k_Fr_plus200k_B;new_A_recruits_exclude_actual1812_A_regions,F4_300M_Fr_army_700fr_per_head;1812_existing_direct_cash_already_in_base;regional_new_cash_hypothetical,all_counts_not_same_year_census;annual_levy_not_extra_stock;no_navy_growth_paid_twice
B_select_no_Berg_1825,high,10,39.476,114.0,1140.0,11400.0,18240.0,25080.0,1408.0,17185.8,3644.23,1.110624272974021,0.6609923076923077,540000.0,11250.0,11200.000012,0.0,200000.0,2350.8,1712.94,0.0,562450.000012,595000.0,32549.999988000025,461705.88236705883,428571.4285714286,0,0.0,23.19411765694116,23.19411765694116,F2_500k_Fr_plus200k_B;new_A_recruits_exclude_actual1812_A_regions,F4_300M_Fr_army_700fr_per_head;1812_existing_direct_cash_already_in_base;regional_new_cash_hypothetical,all_counts_not_same_year_census;annual_levy_not_extra_stock;no_navy_growth_paid_twice
B_select_Berg_1825,low,10,40.476,118.0,1180.0,11800.0,18880.0,25960.0,1536.0,12907.9,2724.865,0.834166989789324,0.49645769230769227,540000.0,-4450.0,10100.000007999999,7000.0,193000.0,4150.8,3062.94,3249.8549999999996,545650.000008,592299.855,46649.85499200004,448941.17647999997,421428.5714285714,-5.0,0.0,14.258823535999966,19.258823535999966,F2_500k_Fr_plus200k_B;new_A_recruits_exclude_actual1812_A_regions,F4_300M_Fr_army_700fr_per_head;1812_existing_direct_cash_already_in_base;regional_new_cash_hypothetical,all_counts_not_same_year_census;annual_levy_not_extra_stock;no_navy_growth_paid_twice
B_select_Berg_1825,mid,10,40.476,118.0,1180.0,11800.0,18880.0,25960.0,1536.0,15180.6,3239.36,0.9810391624660721,0.5838692307692308,540000.0,3400.0,15200.000007999999,7000.0,193000.0,4150.8,3062.94,3249.8549999999996,558600.000008,592299.855,33699.85499200004,464176.470597647,434285.71428571426,4.0,0.0,24.923529418352928,20.923529418352928,F2_500k_Fr_plus200k_B;new_A_recruits_exclude_actual1812_A_regions,F4_300M_Fr_army_700fr_per_head;1812_existing_direct_cash_already_in_base;regional_new_cash_hypothetical,all_counts_not_same_year_census;annual_levy_not_extra_stock;no_navy_growth_paid_twice
B_select_Berg_1825,high,10,40.476,118.0,1180.0,11800.0,18880.0,25960.0,1536.0,17935.8,4094.23,1.1590926715781311,0.6898384615384615,540000.0,11250.0,21200.000012,7000.0,193000.0,4150.8,3062.94,3249.8549999999996,572450.000012,592299.855,19849.854988000006,480470.5882494117,442857.14285714284,10.0,0.0,36.32941177458821,26.32941177458821,F2_500k_Fr_plus200k_B;new_A_recruits_exclude_actual1812_A_regions,F4_300M_Fr_army_700fr_per_head;1812_existing_direct_cash_already_in_base;regional_new_cash_hypothetical,all_counts_not_same_year_census;annual_levy_not_extra_stock;no_navy_growth_paid_twice
B_full_four_1815,low,10,51.35,160.0,1600.0,16000.0,25600.0,35200.0,3632.0,19072.5,6737.125,1.2325513765025204,0.7335576923076923,540000.0,-4450.0,39300.0,96000.0,104000.0,23000.0,15705.0,38936.35800000001,574850.0,552336.358,-22513.641999999993,572294.1176470588,284285.71428571426,-101.0,0.0,100.60588235294114,201.60588235294114,F2_500k_Fr_plus200k_B;new_A_recruits_exclude_actual1812_A_regions,F4_300M_Fr_army_700fr_per_head;1812_existing_direct_cash_already_in_base;regional_new_cash_hypothetical,all_counts_not_same_year_census;annual_levy_not_extra_stock;no_navy_growth_paid_twice
B_full_four_1815,mid,10,51.35,160.0,1600.0,16000.0,25600.0,35200.0,3632.0,24110.0,9170.0,1.55809745379346,0.9273076923076923,540000.0,3400.0,78950.0,96000.0,104000.0,23000.0,15705.0,38936.35800000001,622350.0,552336.358,-70013.64199999999,628176.4705882353,434285.71428571426,4.0,0.0,139.72352941176467,135.72352941176467,F2_500k_Fr_plus200k_B;new_A_recruits_exclude_actual1812_A_regions,F4_300M_Fr_army_700fr_per_head;1812_existing_direct_cash_already_in_base;regional_new_cash_hypothetical,all_counts_not_same_year_census;annual_levy_not_extra_stock;no_navy_growth_paid_twice
B_full_four_1815,high,10,51.35,160.0,1600.0,16000.0,25600.0,35200.0,3632.0,29780.0,12063.25,1.9245185472405324,1.1453846153846154,540000.0,11250.0,121500.0,96000.0,104000.0,23000.0,15705.0,38936.35800000001,672750.0,552336.358,-120413.64199999999,687470.5882352941,564285.7142857143,95.0,0.0,181.2294117647059,86.2294117647059,F2_500k_Fr_plus200k_B;new_A_recruits_exclude_actual1812_A_regions,F4_300M_Fr_army_700fr_per_head;1812_existing_direct_cash_already_in_base;regional_new_cash_hypothetical,all_counts_not_same_year_census;annual_levy_not_extra_stock;no_navy_growth_paid_twice
B_full_historical_outer_1815,low,10,56.675999999999995,178.0,1780.0,17800.0,28480.0,39160.0,4296.0,22492.9,8853.365,1.4535931239498514,0.8651115384615385,540000.0,-4450.0,66100.000008,104000.0,96000.0,31000.8,20687.94,38936.35800000001,601650.0000080001,545536.358,-56113.64200800005,611823.5294211765,284285.71428571426,-101.0,0.0,128.2764705948236,229.2764705948236,F2_500k_Fr_plus200k_B;new_A_recruits_exclude_actual1812_A_regions,F4_300M_Fr_army_700fr_per_head;1812_existing_direct_cash_already_in_base;regional_new_cash_hypothetical,all_counts_not_same_year_census;annual_levy_not_extra_stock;no_navy_growth_paid_twice
B_full_historical_outer_1815,mid,10,56.675999999999995,178.0,1780.0,17800.0,28480.0,39160.0,4296.0,29030.6,12218.36,1.8760889233553055,1.1165615384615384,540000.0,3400.0,118850.000008,104000.0,96000.0,31000.8,20687.94,38936.35800000001,662250.0000080001,545536.358,-116713.64200800005,683117.6470682354,434285.71428571426,4.0,0.0,178.1823529477648,174.1823529477648,F2_500k_Fr_plus200k_B;new_A_recruits_exclude_actual1812_A_regions,F4_300M_Fr_army_700fr_per_head;1812_existing_direct_cash_already_in_base;regional_new_cash_hypothetical,all_counts_not_same_year_census;annual_levy_not_extra_stock;no_navy_growth_paid_twice
B_full_historical_outer_1815,high,10,56.675999999999995,178.0,1780.0,17800.0,28480.0,39160.0,4296.0,36610.8,16297.73,2.365955796820473,1.4081076923076925,540000.0,11250.0,178300.000012,104000.0,96000.0,31000.8,20687.94,38936.35800000001,729550.000012,545536.358,-184013.64201199997,762294.1176611765,564285.7142857143,95.0,0.0,233.60588236282354,138.60588236282354,F2_500k_Fr_plus200k_B;new_A_recruits_exclude_actual1812_A_regions,F4_300M_Fr_army_700fr_per_head;1812_existing_direct_cash_already_in_base;regional_new_cash_hypothetical,all_counts_not_same_year_census;annual_levy_not_extra_stock;no_navy_growth_paid_twice
C_province_pressure_1830,low,10,77.317,248.0,2480.0,24800.0,39680.0,54560.0,9216.0,44854.4,25362.565000000002,2.8986945844642626,1.7251692307692308,540000.0,-4450.0,307997.000008,170000.0,30000.0,59170.0,31911.78,60106.30551600001,843547.0000080001,510606.305516,-332940.69449200004,962408.2353035295,41428.57142857143,-271.0,0.0,373.6857647124707,644.6857647124707,F2_500k_Fr_plus200k_B;new_A_recruits_exclude_actual1812_A_regions,F4_300M_Fr_army_700fr_per_head;1812_existing_direct_cash_already_in_base;regional_new_cash_hypothetical,all_counts_not_same_year_census;annual_levy_not_extra_stock;no_navy_growth_paid_twice
C_province_pressure_1830,mid,10,77.317,248.0,2480.0,24800.0,39680.0,54560.0,9216.0,64533.1,38640.36,4.1704213519451985,2.4820423076923075,540000.0,3400.0,446952.000008,170000.0,30000.0,59170.0,31911.78,60106.30551600001,990352.0000080001,510606.305516,-479745.69449200004,1135120.000009412,374285.71428571426,-38.0,0.0,494.5840000065883,532.5840000065883,F2_500k_Fr_plus200k_B;new_A_recruits_exclude_actual1812_A_regions,F4_300M_Fr_army_700fr_per_head;1812_existing_direct_cash_already_in_base;regional_new_cash_hypothetical,all_counts_not_same_year_census;annual_levy_not_extra_stock;no_navy_growth_paid_twice
C_province_pressure_1830,high,10,77.317,248.0,2480.0,24800.0,39680.0,54560.0,9216.0,86654.3,53497.53,5.599993537546853,3.3328576923076922,540000.0,11250.0,598607.000012,170000.0,30000.0,59170.0,31911.78,60106.30551600001,1149857.000012,510606.305516,-639250.6944960001,1322772.9411905883,635714.2857142857,145.0,0.0,625.9410588334118,480.94105883341183,F2_500k_Fr_plus200k_B;new_A_recruits_exclude_actual1812_A_regions,F4_300M_Fr_army_700fr_per_head;1812_existing_direct_cash_already_in_base;regional_new_cash_hypothetical,all_counts_not_same_year_census;annual_levy_not_extra_stock;no_navy_growth_paid_twice
historical_direct_1812_scale_only,low,10,43.57599999999999,128.0,1280.0,12800.0,20480.0,28160.0,1928.0,15327.9,4240.865,0.9905583559519193,0.5895346153846154,540000.0,-4450.0,27600.000008,8000.0,192000.0,8600.8,5402.9400000000005,0.0,563150.000008,588200.0,25049.999992000055,470529.4117741176,428571.4285714286,0,0.0,29.37058824188233,29.37058824188233,F2_500k_Fr_plus200k_B;new_A_recruits_exclude_actual1812_A_regions,F4_300M_Fr_army_700fr_per_head;1812_existing_direct_cash_already_in_base;regional_new_cash_hypothetical,all_counts_not_same_year_census;annual_levy_not_extra_stock;no_navy_growth_paid_twice
historical_direct_1812_scale_only,mid,10,43.57599999999999,128.0,1280.0,12800.0,20480.0,28160.0,1928.0,18760.6,5483.360000000001,1.2123949851363576,0.7215615384615384,540000.0,3400.0,41100.000008,8000.0,192000.0,8600.8,5402.9400000000005,0.0,584500.0000080001,588200.0,3699.999991999939,495647.0588329413,428571.4285714286,0,0.0,46.9529411830589,46.9529411830589,F2_500k_Fr_plus200k_B;new_A_recruits_exclude_actual1812_A_regions,F4_300M_Fr_army_700fr_per_head;1812_existing_direct_cash_already_in_base;regional_new_cash_hypothetical,all_counts_not_same_year_census;annual_levy_not_extra_stock;no_navy_growth_paid_twice
historical_direct_1812_scale_only,high,10,43.57599999999999,128.0,1280.0,12800.0,20480.0,28160.0,1928.0,23035.8,7290.23,1.48867778208608,0.8859923076923076,540000.0,11250.0,58800.000012000004,8000.0,192000.0,8600.8,5402.9400000000005,0.0,610050.000012,588200.0,-21850.000011999975,525705.8823670588,428571.4285714286,0,0.0,67.99411765694111,67.99411765694111,F2_500k_Fr_plus200k_B;new_A_recruits_exclude_actual1812_A_regions,F4_300M_Fr_army_700fr_per_head;1812_existing_direct_cash_already_in_base;regional_new_cash_hypothetical,all_counts_not_same_year_census;annual_levy_not_extra_stock;no_navy_growth_paid_twice
