parent_land_case,sensitivity_profile,GB_regular_stock_scenario,arrival_share_low_assumed,arrival_share_high_assumed,British_regular_D2_low_model,British_regular_D2_high_model,militia_D2_low_assumed,militia_D2_high_assumed,baseline_outcome,sensitivity_judgment_not_fitted,separate_strong_position_80k_W2_branch,strong_position_condition,sources,evidence_status,confidence,judgment_method
Kent_W0_F20000,JUNE_STOCK_64614,64614,0.2,0.35,13000,23000,6000,12000,C,C,C,30_to_40k_regulars_plus25_to35k_trained_militia_guns_cavalry_prepared_position_NOT_VERIFIED,S07 stock;S20 p165 transport_not_combat_strength;B4 section6,MODEL_NOT_OBSERVATION,LOW_TO_MEDIUM,QUALITATIVE_ORDINAL_NOT_AUTOMATIC_STRENGTH_RATIO
Kent_W0_F20000,ESSEX_SAME_ARRIVAL_AS_KENT,58000,0.2,0.35,12000,20000,6000,12000,C,C,C,30_to_40k_regulars_plus25_to35k_trained_militia_guns_cavalry_prepared_position_NOT_VERIFIED,S07 stock;S20 p165 transport_not_combat_strength;B4 section6,MODEL_NOT_OBSERVATION,LOW_TO_MEDIUM,QUALITATIVE_ORDINAL_NOT_AUTOMATIC_STRENGTH_RATIO
Kent_W0_F40000,JUNE_STOCK_64614,64614,0.2,0.35,13000,23000,6000,12000,F,F,F,30_to_40k_regulars_plus25_to35k_trained_militia_guns_cavalry_prepared_position_NOT_VERIFIED,S07 stock;S20 p165 transport_not_combat_strength;B4 section6,MODEL_NOT_OBSERVATION,LOW_TO_MEDIUM,QUALITATIVE_ORDINAL_NOT_AUTOMATIC_STRENGTH_RATIO
Kent_W0_F40000,ESSEX_SAME_ARRIVAL_AS_KENT,58000,0.2,0.35,12000,20000,6000,12000,F,F,F,30_to_40k_regulars_plus25_to35k_trained_militia_guns_cavalry_prepared_position_NOT_VERIFIED,S07 stock;S20 p165 transport_not_combat_strength;B4 section6,MODEL_NOT_OBSERVATION,LOW_TO_MEDIUM,QUALITATIVE_ORDINAL_NOT_AUTOMATIC_STRENGTH_RATIO
Kent_W0_F80000,JUNE_STOCK_64614,64614,0.2,0.35,13000,23000,6000,12000,F,F,F,30_to_40k_regulars_plus25_to35k_trained_militia_guns_cavalry_prepared_position_NOT_VERIFIED,S07 stock;S20 p165 transport_not_combat_strength;B4 section6,MODEL_NOT_OBSERVATION,LOW_TO_MEDIUM,QUALITATIVE_ORDINAL_NOT_AUTOMATIC_STRENGTH_RATIO
Kent_W0_F80000,ESSEX_SAME_ARRIVAL_AS_KENT,58000,0.2,0.35,12000,20000,6000,12000,F,F,F,30_to_40k_regulars_plus25_to35k_trained_militia_guns_cavalry_prepared_position_NOT_VERIFIED,S07 stock;S20 p165 transport_not_combat_strength;B4 section6,MODEL_NOT_OBSERVATION,LOW_TO_MEDIUM,QUALITATIVE_ORDINAL_NOT_AUTOMATIC_STRENGTH_RATIO
Kent_W0_F120000,JUNE_STOCK_64614,64614,0.2,0.35,13000,23000,6000,12000,F,F,F,30_to_40k_regulars_plus25_to35k_trained_militia_guns_cavalry_prepared_position_NOT_VERIFIED,S07 stock;S20 p165 transport_not_combat_strength;B4 section6,MODEL_NOT_OBSERVATION,LOW_TO_MEDIUM,QUALITATIVE_ORDINAL_NOT_AUTOMATIC_STRENGTH_RATIO
Kent_W0_F120000,ESSEX_SAME_ARRIVAL_AS_KENT,58000,0.2,0.35,12000,20000,6000,12000,F,F,F,30_to_40k_regulars_plus25_to35k_trained_militia_guns_cavalry_prepared_position_NOT_VERIFIED,S07 stock;S20 p165 transport_not_combat_strength;B4 section6,MODEL_NOT_OBSERVATION,LOW_TO_MEDIUM,QUALITATIVE_ORDINAL_NOT_AUTOMATIC_STRENGTH_RATIO
Kent_W1_F20000,JUNE_STOCK_64614,64614,0.35,0.5,23000,32000,12000,22000,I,I,I,30_to_40k_regulars_plus25_to35k_trained_militia_guns_cavalry_prepared_position_NOT_VERIFIED,S07 stock;S20 p165 transport_not_combat_strength;B4 section6,MODEL_NOT_OBSERVATION,LOW_TO_MEDIUM,QUALITATIVE_ORDINAL_NOT_AUTOMATIC_STRENGTH_RATIO
Kent_W1_F20000,ESSEX_SAME_ARRIVAL_AS_KENT,58000,0.35,0.5,20000,29000,12000,22000,I,I,I,30_to_40k_regulars_plus25_to35k_trained_militia_guns_cavalry_prepared_position_NOT_VERIFIED,S07 stock;S20 p165 transport_not_combat_strength;B4 section6,MODEL_NOT_OBSERVATION,LOW_TO_MEDIUM,QUALITATIVE_ORDINAL_NOT_AUTOMATIC_STRENGTH_RATIO
Kent_W1_F40000,JUNE_STOCK_64614,64614,0.35,0.5,23000,32000,12000,22000,C,C,C,30_to_40k_regulars_plus25_to35k_trained_militia_guns_cavalry_prepared_position_NOT_VERIFIED,S07 stock;S20 p165 transport_not_combat_strength;B4 section6,MODEL_NOT_OBSERVATION,LOW_TO_MEDIUM,QUALITATIVE_ORDINAL_NOT_AUTOMATIC_STRENGTH_RATIO
Kent_W1_F40000,ESSEX_SAME_ARRIVAL_AS_KENT,58000,0.35,0.5,20000,29000,12000,22000,C,C,C,30_to_40k_regulars_plus25_to35k_trained_militia_guns_cavalry_prepared_position_NOT_VERIFIED,S07 stock;S20 p165 transport_not_combat_strength;B4 section6,MODEL_NOT_OBSERVATION,LOW_TO_MEDIUM,QUALITATIVE_ORDINAL_NOT_AUTOMATIC_STRENGTH_RATIO
Kent_W1_F80000,JUNE_STOCK_64614,64614,0.35,0.5,23000,32000,12000,22000,F,F,F,30_to_40k_regulars_plus25_to35k_trained_militia_guns_cavalry_prepared_position_NOT_VERIFIED,S07 stock;S20 p165 transport_not_combat_strength;B4 section6,MODEL_NOT_OBSERVATION,LOW_TO_MEDIUM,QUALITATIVE_ORDINAL_NOT_AUTOMATIC_STRENGTH_RATIO
Kent_W1_F80000,ESSEX_SAME_ARRIVAL_AS_KENT,58000,0.35,0.5,20000,29000,12000,22000,F,F,F,30_to_40k_regulars_plus25_to35k_trained_militia_guns_cavalry_prepared_position_NOT_VERIFIED,S07 stock;S20 p165 transport_not_combat_strength;B4 section6,MODEL_NOT_OBSERVATION,LOW_TO_MEDIUM,QUALITATIVE_ORDINAL_NOT_AUTOMATIC_STRENGTH_RATIO
Kent_W1_F120000,JUNE_STOCK_64614,64614,0.35,0.5,23000,32000,12000,22000,F,F,F,30_to_40k_regulars_plus25_to35k_trained_militia_guns_cavalry_prepared_position_NOT_VERIFIED,S07 stock;S20 p165 transport_not_combat_strength;B4 section6,MODEL_NOT_OBSERVATION,LOW_TO_MEDIUM,QUALITATIVE_ORDINAL_NOT_AUTOMATIC_STRENGTH_RATIO
Kent_W1_F120000,ESSEX_SAME_ARRIVAL_AS_KENT,58000,0.35,0.5,20000,29000,12000,22000,F,F,F,30_to_40k_regulars_plus25_to35k_trained_militia_guns_cavalry_prepared_position_NOT_VERIFIED,S07 stock;S20 p165 transport_not_combat_strength;B4 section6,MODEL_NOT_OBSERVATION,LOW_TO_MEDIUM,QUALITATIVE_ORDINAL_NOT_AUTOMATIC_STRENGTH_RATIO
Kent_W2_F20000,JUNE_STOCK_64614,64614,0.45,0.65,29000,42000,20000,32000,I,I,I,30_to_40k_regulars_plus25_to35k_trained_militia_guns_cavalry_prepared_position_NOT_VERIFIED,S07 stock;S20 p165 transport_not_combat_strength;B4 section6,MODEL_NOT_OBSERVATION,LOW_TO_MEDIUM,QUALITATIVE_ORDINAL_NOT_AUTOMATIC_STRENGTH_RATIO
Kent_W2_F20000,ESSEX_SAME_ARRIVAL_AS_KENT,58000,0.45,0.65,26000,38000,20000,32000,I,I,I,30_to_40k_regulars_plus25_to35k_trained_militia_guns_cavalry_prepared_position_NOT_VERIFIED,S07 stock;S20 p165 transport_not_combat_strength;B4 section6,MODEL_NOT_OBSERVATION,LOW_TO_MEDIUM,QUALITATIVE_ORDINAL_NOT_AUTOMATIC_STRENGTH_RATIO
Kent_W2_F40000,JUNE_STOCK_64614,64614,0.45,0.65,29000,42000,20000,32000,C,C,C,30_to_40k_regulars_plus25_to35k_trained_militia_guns_cavalry_prepared_position_NOT_VERIFIED,S07 stock;S20 p165 transport_not_combat_strength;B4 section6,MODEL_NOT_OBSERVATION,LOW_TO_MEDIUM,QUALITATIVE_ORDINAL_NOT_AUTOMATIC_STRENGTH_RATIO
Kent_W2_F40000,ESSEX_SAME_ARRIVAL_AS_KENT,58000,0.45,0.65,26000,38000,20000,32000,C,C,C,30_to_40k_regulars_plus25_to35k_trained_militia_guns_cavalry_prepared_position_NOT_VERIFIED,S07 stock;S20 p165 transport_not_combat_strength;B4 section6,MODEL_NOT_OBSERVATION,LOW_TO_MEDIUM,QUALITATIVE_ORDINAL_NOT_AUTOMATIC_STRENGTH_RATIO
Kent_W2_F80000,JUNE_STOCK_64614,64614,0.45,0.65,29000,42000,20000,32000,F,F,C,30_to_40k_regulars_plus25_to35k_trained_militia_guns_cavalry_prepared_position_NOT_VERIFIED,S07 stock;S20 p165 transport_not_combat_strength;B4 section6,MODEL_NOT_OBSERVATION,LOW_TO_MEDIUM,QUALITATIVE_ORDINAL_NOT_AUTOMATIC_STRENGTH_RATIO
Kent_W2_F80000,ESSEX_SAME_ARRIVAL_AS_KENT,58000,0.45,0.65,26000,38000,20000,32000,F,F,C,30_to_40k_regulars_plus25_to35k_trained_militia_guns_cavalry_prepared_position_NOT_VERIFIED,S07 stock;S20 p165 transport_not_combat_strength;B4 section6,MODEL_NOT_OBSERVATION,LOW_TO_MEDIUM,QUALITATIVE_ORDINAL_NOT_AUTOMATIC_STRENGTH_RATIO
Kent_W2_F120000,JUNE_STOCK_64614,64614,0.45,0.65,29000,42000,20000,32000,F,F,F,30_to_40k_regulars_plus25_to35k_trained_militia_guns_cavalry_prepared_position_NOT_VERIFIED,S07 stock;S20 p165 transport_not_combat_strength;B4 section6,MODEL_NOT_OBSERVATION,LOW_TO_MEDIUM,QUALITATIVE_ORDINAL_NOT_AUTOMATIC_STRENGTH_RATIO
Kent_W2_F120000,ESSEX_SAME_ARRIVAL_AS_KENT,58000,0.45,0.65,26000,38000,20000,32000,F,F,F,30_to_40k_regulars_plus25_to35k_trained_militia_guns_cavalry_prepared_position_NOT_VERIFIED,S07 stock;S20 p165 transport_not_combat_strength;B4 section6,MODEL_NOT_OBSERVATION,LOW_TO_MEDIUM,QUALITATIVE_ORDINAL_NOT_AUTOMATIC_STRENGTH_RATIO
Sussex_W0_F20000,JUNE_STOCK_64614,64614,0.15,0.3,10000,19000,5000,10000,C,C,C,30_to_40k_regulars_plus25_to35k_trained_militia_guns_cavalry_prepared_position_NOT_VERIFIED,S07 stock;S20 p165 transport_not_combat_strength;B4 section6,MODEL_NOT_OBSERVATION,LOW_TO_MEDIUM,QUALITATIVE_ORDINAL_NOT_AUTOMATIC_STRENGTH_RATIO
Sussex_W0_F20000,ESSEX_SAME_ARRIVAL_AS_KENT,58000,0.15,0.3,9000,17000,5000,10000,C,C,C,30_to_40k_regulars_plus25_to35k_trained_militia_guns_cavalry_prepared_position_NOT_VERIFIED,S07 stock;S20 p165 transport_not_combat_strength;B4 section6,MODEL_NOT_OBSERVATION,LOW_TO_MEDIUM,QUALITATIVE_ORDINAL_NOT_AUTOMATIC_STRENGTH_RATIO
Sussex_W0_F40000,JUNE_STOCK_64614,64614,0.15,0.3,10000,19000,5000,10000,F,F,F,30_to_40k_regulars_plus25_to35k_trained_militia_guns_cavalry_prepared_position_NOT_VERIFIED,S07 stock;S20 p165 transport_not_combat_strength;B4 section6,MODEL_NOT_OBSERVATION,LOW_TO_MEDIUM,QUALITATIVE_ORDINAL_NOT_AUTOMATIC_STRENGTH_RATIO
Sussex_W0_F40000,ESSEX_SAME_ARRIVAL_AS_KENT,58000,0.15,0.3,9000,17000,5000,10000,F,F,F,30_to_40k_regulars_plus25_to35k_trained_militia_guns_cavalry_prepared_position_NOT_VERIFIED,S07 stock;S20 p165 transport_not_combat_strength;B4 section6,MODEL_NOT_OBSERVATION,LOW_TO_MEDIUM,QUALITATIVE_ORDINAL_NOT_AUTOMATIC_STRENGTH_RATIO
Sussex_W0_F80000,JUNE_STOCK_64614,64614,0.15,0.3,10000,19000,5000,10000,F,F,F,30_to_40k_regulars_plus25_to35k_trained_militia_guns_cavalry_prepared_position_NOT_VERIFIED,S07 stock;S20 p165 transport_not_combat_strength;B4 section6,MODEL_NOT_OBSERVATION,LOW_TO_MEDIUM,QUALITATIVE_ORDINAL_NOT_AUTOMATIC_STRENGTH_RATIO
Sussex_W0_F80000,ESSEX_SAME_ARRIVAL_AS_KENT,58000,0.15,0.3,9000,17000,5000,10000,F,F,F,30_to_40k_regulars_plus25_to35k_trained_militia_guns_cavalry_prepared_position_NOT_VERIFIED,S07 stock;S20 p165 transport_not_combat_strength;B4 section6,MODEL_NOT_OBSERVATION,LOW_TO_MEDIUM,QUALITATIVE_ORDINAL_NOT_AUTOMATIC_STRENGTH_RATIO
Sussex_W0_F120000,JUNE_STOCK_64614,64614,0.15,0.3,10000,19000,5000,10000,F,F,F,30_to_40k_regulars_plus25_to35k_trained_militia_guns_cavalry_prepared_position_NOT_VERIFIED,S07 stock;S20 p165 transport_not_combat_strength;B4 section6,MODEL_NOT_OBSERVATION,LOW_TO_MEDIUM,QUALITATIVE_ORDINAL_NOT_AUTOMATIC_STRENGTH_RATIO
Sussex_W0_F120000,ESSEX_SAME_ARRIVAL_AS_KENT,58000,0.15,0.3,9000,17000,5000,10000,F,F,F,30_to_40k_regulars_plus25_to35k_trained_militia_guns_cavalry_prepared_position_NOT_VERIFIED,S07 stock;S20 p165 transport_not_combat_strength;B4 section6,MODEL_NOT_OBSERVATION,LOW_TO_MEDIUM,QUALITATIVE_ORDINAL_NOT_AUTOMATIC_STRENGTH_RATIO
Sussex_W1_F20000,JUNE_STOCK_64614,64614,0.25,0.45,16000,29000,10000,18000,C,C,C,30_to_40k_regulars_plus25_to35k_trained_militia_guns_cavalry_prepared_position_NOT_VERIFIED,S07 stock;S20 p165 transport_not_combat_strength;B4 section6,MODEL_NOT_OBSERVATION,LOW_TO_MEDIUM,QUALITATIVE_ORDINAL_NOT_AUTOMATIC_STRENGTH_RATIO
Sussex_W1_F20000,ESSEX_SAME_ARRIVAL_AS_KENT,58000,0.25,0.45,15000,26000,10000,18000,C,C,C,30_to_40k_regulars_plus25_to35k_trained_militia_guns_cavalry_prepared_position_NOT_VERIFIED,S07 stock;S20 p165 transport_not_combat_strength;B4 section6,MODEL_NOT_OBSERVATION,LOW_TO_MEDIUM,QUALITATIVE_ORDINAL_NOT_AUTOMATIC_STRENGTH_RATIO
Sussex_W1_F40000,JUNE_STOCK_64614,64614,0.25,0.45,16000,29000,10000,18000,C,C,C,30_to_40k_regulars_plus25_to35k_trained_militia_guns_cavalry_prepared_position_NOT_VERIFIED,S07 stock;S20 p165 transport_not_combat_strength;B4 section6,MODEL_NOT_OBSERVATION,LOW_TO_MEDIUM,QUALITATIVE_ORDINAL_NOT_AUTOMATIC_STRENGTH_RATIO
Sussex_W1_F40000,ESSEX_SAME_ARRIVAL_AS_KENT,58000,0.25,0.45,15000,26000,10000,18000,C,C,C,30_to_40k_regulars_plus25_to35k_trained_militia_guns_cavalry_prepared_position_NOT_VERIFIED,S07 stock;S20 p165 transport_not_combat_strength;B4 section6,MODEL_NOT_OBSERVATION,LOW_TO_MEDIUM,QUALITATIVE_ORDINAL_NOT_AUTOMATIC_STRENGTH_RATIO
Sussex_W1_F80000,JUNE_STOCK_64614,64614,0.25,0.45,16000,29000,10000,18000,F,F,F,30_to_40k_regulars_plus25_to35k_trained_militia_guns_cavalry_prepared_position_NOT_VERIFIED,S07 stock;S20 p165 transport_not_combat_strength;B4 section6,MODEL_NOT_OBSERVATION,LOW_TO_MEDIUM,QUALITATIVE_ORDINAL_NOT_AUTOMATIC_STRENGTH_RATIO
Sussex_W1_F80000,ESSEX_SAME_ARRIVAL_AS_KENT,58000,0.25,0.45,15000,26000,10000,18000,F,F,F,30_to_40k_regulars_plus25_to35k_trained_militia_guns_cavalry_prepared_position_NOT_VERIFIED,S07 stock;S20 p165 transport_not_combat_strength;B4 section6,MODEL_NOT_OBSERVATION,LOW_TO_MEDIUM,QUALITATIVE_ORDINAL_NOT_AUTOMATIC_STRENGTH_RATIO
Sussex_W1_F120000,JUNE_STOCK_64614,64614,0.25,0.45,16000,29000,10000,18000,F,F,F,30_to_40k_regulars_plus25_to35k_trained_militia_guns_cavalry_prepared_position_NOT_VERIFIED,S07 stock;S20 p165 transport_not_combat_strength;B4 section6,MODEL_NOT_OBSERVATION,LOW_TO_MEDIUM,QUALITATIVE_ORDINAL_NOT_AUTOMATIC_STRENGTH_RATIO
Sussex_W1_F120000,ESSEX_SAME_ARRIVAL_AS_KENT,58000,0.25,0.45,15000,26000,10000,18000,F,F,F,30_to_40k_regulars_plus25_to35k_trained_militia_guns_cavalry_prepared_position_NOT_VERIFIED,S07 stock;S20 p165 transport_not_combat_strength;B4 section6,MODEL_NOT_OBSERVATION,LOW_TO_MEDIUM,QUALITATIVE_ORDINAL_NOT_AUTOMATIC_STRENGTH_RATIO
Sussex_W2_F20000,JUNE_STOCK_64614,64614,0.4,0.6,26000,39000,18000,28000,I,I,I,30_to_40k_regulars_plus25_to35k_trained_militia_guns_cavalry_prepared_position_NOT_VERIFIED,S07 stock;S20 p165 transport_not_combat_strength;B4 section6,MODEL_NOT_OBSERVATION,LOW_TO_MEDIUM,QUALITATIVE_ORDINAL_NOT_AUTOMATIC_STRENGTH_RATIO
Sussex_W2_F20000,ESSEX_SAME_ARRIVAL_AS_KENT,58000,0.4,0.6,23000,35000,18000,28000,I,I,I,30_to_40k_regulars_plus25_to35k_trained_militia_guns_cavalry_prepared_position_NOT_VERIFIED,S07 stock;S20 p165 transport_not_combat_strength;B4 section6,MODEL_NOT_OBSERVATION,LOW_TO_MEDIUM,QUALITATIVE_ORDINAL_NOT_AUTOMATIC_STRENGTH_RATIO
Sussex_W2_F40000,JUNE_STOCK_64614,64614,0.4,0.6,26000,39000,18000,28000,C,C,C,30_to_40k_regulars_plus25_to35k_trained_militia_guns_cavalry_prepared_position_NOT_VERIFIED,S07 stock;S20 p165 transport_not_combat_strength;B4 section6,MODEL_NOT_OBSERVATION,LOW_TO_MEDIUM,QUALITATIVE_ORDINAL_NOT_AUTOMATIC_STRENGTH_RATIO
Sussex_W2_F40000,ESSEX_SAME_ARRIVAL_AS_KENT,58000,0.4,0.6,23000,35000,18000,28000,C,C,C,30_to_40k_regulars_plus25_to35k_trained_militia_guns_cavalry_prepared_position_NOT_VERIFIED,S07 stock;S20 p165 transport_not_combat_strength;B4 section6,MODEL_NOT_OBSERVATION,LOW_TO_MEDIUM,QUALITATIVE_ORDINAL_NOT_AUTOMATIC_STRENGTH_RATIO
Sussex_W2_F80000,JUNE_STOCK_64614,64614,0.4,0.6,26000,39000,18000,28000,F,F,C,30_to_40k_regulars_plus25_to35k_trained_militia_guns_cavalry_prepared_position_NOT_VERIFIED,S07 stock;S20 p165 transport_not_combat_strength;B4 section6,MODEL_NOT_OBSERVATION,LOW_TO_MEDIUM,QUALITATIVE_ORDINAL_NOT_AUTOMATIC_STRENGTH_RATIO
Sussex_W2_F80000,ESSEX_SAME_ARRIVAL_AS_KENT,58000,0.4,0.6,23000,35000,18000,28000,F,F,C,30_to_40k_regulars_plus25_to35k_trained_militia_guns_cavalry_prepared_position_NOT_VERIFIED,S07 stock;S20 p165 transport_not_combat_strength;B4 section6,MODEL_NOT_OBSERVATION,LOW_TO_MEDIUM,QUALITATIVE_ORDINAL_NOT_AUTOMATIC_STRENGTH_RATIO
Sussex_W2_F120000,JUNE_STOCK_64614,64614,0.4,0.6,26000,39000,18000,28000,F,F,F,30_to_40k_regulars_plus25_to35k_trained_militia_guns_cavalry_prepared_position_NOT_VERIFIED,S07 stock;S20 p165 transport_not_combat_strength;B4 section6,MODEL_NOT_OBSERVATION,LOW_TO_MEDIUM,QUALITATIVE_ORDINAL_NOT_AUTOMATIC_STRENGTH_RATIO
Sussex_W2_F120000,ESSEX_SAME_ARRIVAL_AS_KENT,58000,0.4,0.6,23000,35000,18000,28000,F,F,F,30_to_40k_regulars_plus25_to35k_trained_militia_guns_cavalry_prepared_position_NOT_VERIFIED,S07 stock;S20 p165 transport_not_combat_strength;B4 section6,MODEL_NOT_OBSERVATION,LOW_TO_MEDIUM,QUALITATIVE_ORDINAL_NOT_AUTOMATIC_STRENGTH_RATIO
Thames–Essex_W0_F20000,JUNE_STOCK_64614,64614,0.12,0.25,8000,16000,4000,10000,C,C,C,30_to_40k_regulars_plus25_to35k_trained_militia_guns_cavalry_prepared_position_NOT_VERIFIED,S07 stock;S20 p165 transport_not_combat_strength;B4 section6,MODEL_NOT_OBSERVATION,LOW_TO_MEDIUM,QUALITATIVE_ORDINAL_NOT_AUTOMATIC_STRENGTH_RATIO
Thames–Essex_W0_F20000,ESSEX_SAME_ARRIVAL_AS_KENT,58000,0.2,0.35,12000,20000,6000,12000,C,C,C,30_to_40k_regulars_plus25_to35k_trained_militia_guns_cavalry_prepared_position_NOT_VERIFIED,S07 stock;S20 p165 transport_not_combat_strength;B4 section6,MODEL_NOT_OBSERVATION,LOW_TO_MEDIUM,QUALITATIVE_ORDINAL_NOT_AUTOMATIC_STRENGTH_RATIO
Thames–Essex_W0_F40000,JUNE_STOCK_64614,64614,0.12,0.25,8000,16000,4000,10000,F,F,F,30_to_40k_regulars_plus25_to35k_trained_militia_guns_cavalry_prepared_position_NOT_VERIFIED,S07 stock;S20 p165 transport_not_combat_strength;B4 section6,MODEL_NOT_OBSERVATION,LOW_TO_MEDIUM,QUALITATIVE_ORDINAL_NOT_AUTOMATIC_STRENGTH_RATIO
Thames–Essex_W0_F40000,ESSEX_SAME_ARRIVAL_AS_KENT,58000,0.2,0.35,12000,20000,6000,12000,F,F,F,30_to_40k_regulars_plus25_to35k_trained_militia_guns_cavalry_prepared_position_NOT_VERIFIED,S07 stock;S20 p165 transport_not_combat_strength;B4 section6,MODEL_NOT_OBSERVATION,LOW_TO_MEDIUM,QUALITATIVE_ORDINAL_NOT_AUTOMATIC_STRENGTH_RATIO
Thames–Essex_W0_F80000,JUNE_STOCK_64614,64614,0.12,0.25,8000,16000,4000,10000,F,F,F,30_to_40k_regulars_plus25_to35k_trained_militia_guns_cavalry_prepared_position_NOT_VERIFIED,S07 stock;S20 p165 transport_not_combat_strength;B4 section6,MODEL_NOT_OBSERVATION,LOW_TO_MEDIUM,QUALITATIVE_ORDINAL_NOT_AUTOMATIC_STRENGTH_RATIO
Thames–Essex_W0_F80000,ESSEX_SAME_ARRIVAL_AS_KENT,58000,0.2,0.35,12000,20000,6000,12000,F,F,F,30_to_40k_regulars_plus25_to35k_trained_militia_guns_cavalry_prepared_position_NOT_VERIFIED,S07 stock;S20 p165 transport_not_combat_strength;B4 section6,MODEL_NOT_OBSERVATION,LOW_TO_MEDIUM,QUALITATIVE_ORDINAL_NOT_AUTOMATIC_STRENGTH_RATIO
Thames–Essex_W0_F120000,JUNE_STOCK_64614,64614,0.12,0.25,8000,16000,4000,10000,F,F,F,30_to_40k_regulars_plus25_to35k_trained_militia_guns_cavalry_prepared_position_NOT_VERIFIED,S07 stock;S20 p165 transport_not_combat_strength;B4 section6,MODEL_NOT_OBSERVATION,LOW_TO_MEDIUM,QUALITATIVE_ORDINAL_NOT_AUTOMATIC_STRENGTH_RATIO
Thames–Essex_W0_F120000,ESSEX_SAME_ARRIVAL_AS_KENT,58000,0.2,0.35,12000,20000,6000,12000,F,F,F,30_to_40k_regulars_plus25_to35k_trained_militia_guns_cavalry_prepared_position_NOT_VERIFIED,S07 stock;S20 p165 transport_not_combat_strength;B4 section6,MODEL_NOT_OBSERVATION,LOW_TO_MEDIUM,QUALITATIVE_ORDINAL_NOT_AUTOMATIC_STRENGTH_RATIO
Thames–Essex_W1_F20000,JUNE_STOCK_64614,64614,0.25,0.4,16000,26000,10000,18000,C,C,C,30_to_40k_regulars_plus25_to35k_trained_militia_guns_cavalry_prepared_position_NOT_VERIFIED,S07 stock;S20 p165 transport_not_combat_strength;B4 section6,MODEL_NOT_OBSERVATION,LOW_TO_MEDIUM,QUALITATIVE_ORDINAL_NOT_AUTOMATIC_STRENGTH_RATIO
Thames–Essex_W1_F20000,ESSEX_SAME_ARRIVAL_AS_KENT,58000,0.35,0.5,20000,29000,12000,22000,C,I,I,30_to_40k_regulars_plus25_to35k_trained_militia_guns_cavalry_prepared_position_NOT_VERIFIED,S07 stock;S20 p165 transport_not_combat_strength;B4 section6,MODEL_NOT_OBSERVATION,LOW_TO_MEDIUM,QUALITATIVE_ORDINAL_NOT_AUTOMATIC_STRENGTH_RATIO
Thames–Essex_W1_F40000,JUNE_STOCK_64614,64614,0.25,0.4,16000,26000,10000,18000,C,C,C,30_to_40k_regulars_plus25_to35k_trained_militia_guns_cavalry_prepared_position_NOT_VERIFIED,S07 stock;S20 p165 transport_not_combat_strength;B4 section6,MODEL_NOT_OBSERVATION,LOW_TO_MEDIUM,QUALITATIVE_ORDINAL_NOT_AUTOMATIC_STRENGTH_RATIO
Thames–Essex_W1_F40000,ESSEX_SAME_ARRIVAL_AS_KENT,58000,0.35,0.5,20000,29000,12000,22000,C,C,C,30_to_40k_regulars_plus25_to35k_trained_militia_guns_cavalry_prepared_position_NOT_VERIFIED,S07 stock;S20 p165 transport_not_combat_strength;B4 section6,MODEL_NOT_OBSERVATION,LOW_TO_MEDIUM,QUALITATIVE_ORDINAL_NOT_AUTOMATIC_STRENGTH_RATIO
Thames–Essex_W1_F80000,JUNE_STOCK_64614,64614,0.25,0.4,16000,26000,10000,18000,F,F,F,30_to_40k_regulars_plus25_to35k_trained_militia_guns_cavalry_prepared_position_NOT_VERIFIED,S07 stock;S20 p165 transport_not_combat_strength;B4 section6,MODEL_NOT_OBSERVATION,LOW_TO_MEDIUM,QUALITATIVE_ORDINAL_NOT_AUTOMATIC_STRENGTH_RATIO
Thames–Essex_W1_F80000,ESSEX_SAME_ARRIVAL_AS_KENT,58000,0.35,0.5,20000,29000,12000,22000,F,F,F,30_to_40k_regulars_plus25_to35k_trained_militia_guns_cavalry_prepared_position_NOT_VERIFIED,S07 stock;S20 p165 transport_not_combat_strength;B4 section6,MODEL_NOT_OBSERVATION,LOW_TO_MEDIUM,QUALITATIVE_ORDINAL_NOT_AUTOMATIC_STRENGTH_RATIO
Thames–Essex_W1_F120000,JUNE_STOCK_64614,64614,0.25,0.4,16000,26000,10000,18000,F,F,F,30_to_40k_regulars_plus25_to35k_trained_militia_guns_cavalry_prepared_position_NOT_VERIFIED,S07 stock;S20 p165 transport_not_combat_strength;B4 section6,MODEL_NOT_OBSERVATION,LOW_TO_MEDIUM,QUALITATIVE_ORDINAL_NOT_AUTOMATIC_STRENGTH_RATIO
Thames–Essex_W1_F120000,ESSEX_SAME_ARRIVAL_AS_KENT,58000,0.35,0.5,20000,29000,12000,22000,F,F,F,30_to_40k_regulars_plus25_to35k_trained_militia_guns_cavalry_prepared_position_NOT_VERIFIED,S07 stock;S20 p165 transport_not_combat_strength;B4 section6,MODEL_NOT_OBSERVATION,LOW_TO_MEDIUM,QUALITATIVE_ORDINAL_NOT_AUTOMATIC_STRENGTH_RATIO
Thames–Essex_W2_F20000,JUNE_STOCK_64614,64614,0.4,0.6,26000,39000,18000,28000,I,I,I,30_to_40k_regulars_plus25_to35k_trained_militia_guns_cavalry_prepared_position_NOT_VERIFIED,S07 stock;S20 p165 transport_not_combat_strength;B4 section6,MODEL_NOT_OBSERVATION,LOW_TO_MEDIUM,QUALITATIVE_ORDINAL_NOT_AUTOMATIC_STRENGTH_RATIO
Thames–Essex_W2_F20000,ESSEX_SAME_ARRIVAL_AS_KENT,58000,0.45,0.65,26000,38000,20000,32000,I,I,I,30_to_40k_regulars_plus25_to35k_trained_militia_guns_cavalry_prepared_position_NOT_VERIFIED,S07 stock;S20 p165 transport_not_combat_strength;B4 section6,MODEL_NOT_OBSERVATION,LOW_TO_MEDIUM,QUALITATIVE_ORDINAL_NOT_AUTOMATIC_STRENGTH_RATIO
Thames–Essex_W2_F40000,JUNE_STOCK_64614,64614,0.4,0.6,26000,39000,18000,28000,C,C,C,30_to_40k_regulars_plus25_to35k_trained_militia_guns_cavalry_prepared_position_NOT_VERIFIED,S07 stock;S20 p165 transport_not_combat_strength;B4 section6,MODEL_NOT_OBSERVATION,LOW_TO_MEDIUM,QUALITATIVE_ORDINAL_NOT_AUTOMATIC_STRENGTH_RATIO
Thames–Essex_W2_F40000,ESSEX_SAME_ARRIVAL_AS_KENT,58000,0.45,0.65,26000,38000,20000,32000,C,C,C,30_to_40k_regulars_plus25_to35k_trained_militia_guns_cavalry_prepared_position_NOT_VERIFIED,S07 stock;S20 p165 transport_not_combat_strength;B4 section6,MODEL_NOT_OBSERVATION,LOW_TO_MEDIUM,QUALITATIVE_ORDINAL_NOT_AUTOMATIC_STRENGTH_RATIO
Thames–Essex_W2_F80000,JUNE_STOCK_64614,64614,0.4,0.6,26000,39000,18000,28000,F,F,C,30_to_40k_regulars_plus25_to35k_trained_militia_guns_cavalry_prepared_position_NOT_VERIFIED,S07 stock;S20 p165 transport_not_combat_strength;B4 section6,MODEL_NOT_OBSERVATION,LOW_TO_MEDIUM,QUALITATIVE_ORDINAL_NOT_AUTOMATIC_STRENGTH_RATIO
Thames–Essex_W2_F80000,ESSEX_SAME_ARRIVAL_AS_KENT,58000,0.45,0.65,26000,38000,20000,32000,F,F,C,30_to_40k_regulars_plus25_to35k_trained_militia_guns_cavalry_prepared_position_NOT_VERIFIED,S07 stock;S20 p165 transport_not_combat_strength;B4 section6,MODEL_NOT_OBSERVATION,LOW_TO_MEDIUM,QUALITATIVE_ORDINAL_NOT_AUTOMATIC_STRENGTH_RATIO
Thames–Essex_W2_F120000,JUNE_STOCK_64614,64614,0.4,0.6,26000,39000,18000,28000,F,F,F,30_to_40k_regulars_plus25_to35k_trained_militia_guns_cavalry_prepared_position_NOT_VERIFIED,S07 stock;S20 p165 transport_not_combat_strength;B4 section6,MODEL_NOT_OBSERVATION,LOW_TO_MEDIUM,QUALITATIVE_ORDINAL_NOT_AUTOMATIC_STRENGTH_RATIO
Thames–Essex_W2_F120000,ESSEX_SAME_ARRIVAL_AS_KENT,58000,0.45,0.65,26000,38000,20000,32000,F,F,F,30_to_40k_regulars_plus25_to35k_trained_militia_guns_cavalry_prepared_position_NOT_VERIFIED,S07 stock;S20 p165 transport_not_combat_strength;B4 section6,MODEL_NOT_OBSERVATION,LOW_TO_MEDIUM,QUALITATIVE_ORDINAL_NOT_AUTOMATIC_STRENGTH_RATIO
Weymouth_W0_F20000,JUNE_STOCK_64614,64614,0.1,0.2,6000,13000,3000,8000,C,C,C,30_to_40k_regulars_plus25_to35k_trained_militia_guns_cavalry_prepared_position_NOT_VERIFIED,S07 stock;S20 p165 transport_not_combat_strength;B4 section6,MODEL_NOT_OBSERVATION,LOW_TO_MEDIUM,QUALITATIVE_ORDINAL_NOT_AUTOMATIC_STRENGTH_RATIO
Weymouth_W0_F20000,ESSEX_SAME_ARRIVAL_AS_KENT,58000,0.1,0.2,6000,12000,3000,8000,C,C,C,30_to_40k_regulars_plus25_to35k_trained_militia_guns_cavalry_prepared_position_NOT_VERIFIED,S07 stock;S20 p165 transport_not_combat_strength;B4 section6,MODEL_NOT_OBSERVATION,LOW_TO_MEDIUM,QUALITATIVE_ORDINAL_NOT_AUTOMATIC_STRENGTH_RATIO
Weymouth_W0_F40000,JUNE_STOCK_64614,64614,0.1,0.2,6000,13000,3000,8000,F西,F西,F西,30_to_40k_regulars_plus25_to35k_trained_militia_guns_cavalry_prepared_position_NOT_VERIFIED,S07 stock;S20 p165 transport_not_combat_strength;B4 section6,MODEL_NOT_OBSERVATION,LOW_TO_MEDIUM,QUALITATIVE_ORDINAL_NOT_AUTOMATIC_STRENGTH_RATIO
Weymouth_W0_F40000,ESSEX_SAME_ARRIVAL_AS_KENT,58000,0.1,0.2,6000,12000,3000,8000,F西,F西,F西,30_to_40k_regulars_plus25_to35k_trained_militia_guns_cavalry_prepared_position_NOT_VERIFIED,S07 stock;S20 p165 transport_not_combat_strength;B4 section6,MODEL_NOT_OBSERVATION,LOW_TO_MEDIUM,QUALITATIVE_ORDINAL_NOT_AUTOMATIC_STRENGTH_RATIO
Weymouth_W0_F80000,JUNE_STOCK_64614,64614,0.1,0.2,6000,13000,3000,8000,F西,F西,F西,30_to_40k_regulars_plus25_to35k_trained_militia_guns_cavalry_prepared_position_NOT_VERIFIED,S07 stock;S20 p165 transport_not_combat_strength;B4 section6,MODEL_NOT_OBSERVATION,LOW_TO_MEDIUM,QUALITATIVE_ORDINAL_NOT_AUTOMATIC_STRENGTH_RATIO
Weymouth_W0_F80000,ESSEX_SAME_ARRIVAL_AS_KENT,58000,0.1,0.2,6000,12000,3000,8000,F西,F西,F西,30_to_40k_regulars_plus25_to35k_trained_militia_guns_cavalry_prepared_position_NOT_VERIFIED,S07 stock;S20 p165 transport_not_combat_strength;B4 section6,MODEL_NOT_OBSERVATION,LOW_TO_MEDIUM,QUALITATIVE_ORDINAL_NOT_AUTOMATIC_STRENGTH_RATIO
Weymouth_W0_F120000,JUNE_STOCK_64614,64614,0.1,0.2,6000,13000,3000,8000,F西,F西,F西,30_to_40k_regulars_plus25_to35k_trained_militia_guns_cavalry_prepared_position_NOT_VERIFIED,S07 stock;S20 p165 transport_not_combat_strength;B4 section6,MODEL_NOT_OBSERVATION,LOW_TO_MEDIUM,QUALITATIVE_ORDINAL_NOT_AUTOMATIC_STRENGTH_RATIO
Weymouth_W0_F120000,ESSEX_SAME_ARRIVAL_AS_KENT,58000,0.1,0.2,6000,12000,3000,8000,F西,F西,F西,30_to_40k_regulars_plus25_to35k_trained_militia_guns_cavalry_prepared_position_NOT_VERIFIED,S07 stock;S20 p165 transport_not_combat_strength;B4 section6,MODEL_NOT_OBSERVATION,LOW_TO_MEDIUM,QUALITATIVE_ORDINAL_NOT_AUTOMATIC_STRENGTH_RATIO
Weymouth_W1_F20000,JUNE_STOCK_64614,64614,0.2,0.35,13000,23000,8000,15000,C,C,C,30_to_40k_regulars_plus25_to35k_trained_militia_guns_cavalry_prepared_position_NOT_VERIFIED,S07 stock;S20 p165 transport_not_combat_strength;B4 section6,MODEL_NOT_OBSERVATION,LOW_TO_MEDIUM,QUALITATIVE_ORDINAL_NOT_AUTOMATIC_STRENGTH_RATIO
Weymouth_W1_F20000,ESSEX_SAME_ARRIVAL_AS_KENT,58000,0.2,0.35,12000,20000,8000,15000,C,C,C,30_to_40k_regulars_plus25_to35k_trained_militia_guns_cavalry_prepared_position_NOT_VERIFIED,S07 stock;S20 p165 transport_not_combat_strength;B4 section6,MODEL_NOT_OBSERVATION,LOW_TO_MEDIUM,QUALITATIVE_ORDINAL_NOT_AUTOMATIC_STRENGTH_RATIO
Weymouth_W1_F40000,JUNE_STOCK_64614,64614,0.2,0.35,13000,23000,8000,15000,C,C,C,30_to_40k_regulars_plus25_to35k_trained_militia_guns_cavalry_prepared_position_NOT_VERIFIED,S07 stock;S20 p165 transport_not_combat_strength;B4 section6,MODEL_NOT_OBSERVATION,LOW_TO_MEDIUM,QUALITATIVE_ORDINAL_NOT_AUTOMATIC_STRENGTH_RATIO
Weymouth_W1_F40000,ESSEX_SAME_ARRIVAL_AS_KENT,58000,0.2,0.35,12000,20000,8000,15000,C,C,C,30_to_40k_regulars_plus25_to35k_trained_militia_guns_cavalry_prepared_position_NOT_VERIFIED,S07 stock;S20 p165 transport_not_combat_strength;B4 section6,MODEL_NOT_OBSERVATION,LOW_TO_MEDIUM,QUALITATIVE_ORDINAL_NOT_AUTOMATIC_STRENGTH_RATIO
Weymouth_W1_F80000,JUNE_STOCK_64614,64614,0.2,0.35,13000,23000,8000,15000,F西,F西,F西,30_to_40k_regulars_plus25_to35k_trained_militia_guns_cavalry_prepared_position_NOT_VERIFIED,S07 stock;S20 p165 transport_not_combat_strength;B4 section6,MODEL_NOT_OBSERVATION,LOW_TO_MEDIUM,QUALITATIVE_ORDINAL_NOT_AUTOMATIC_STRENGTH_RATIO
Weymouth_W1_F80000,ESSEX_SAME_ARRIVAL_AS_KENT,58000,0.2,0.35,12000,20000,8000,15000,F西,F西,F西,30_to_40k_regulars_plus25_to35k_trained_militia_guns_cavalry_prepared_position_NOT_VERIFIED,S07 stock;S20 p165 transport_not_combat_strength;B4 section6,MODEL_NOT_OBSERVATION,LOW_TO_MEDIUM,QUALITATIVE_ORDINAL_NOT_AUTOMATIC_STRENGTH_RATIO
Weymouth_W1_F120000,JUNE_STOCK_64614,64614,0.2,0.35,13000,23000,8000,15000,F西,F西,F西,30_to_40k_regulars_plus25_to35k_trained_militia_guns_cavalry_prepared_position_NOT_VERIFIED,S07 stock;S20 p165 transport_not_combat_strength;B4 section6,MODEL_NOT_OBSERVATION,LOW_TO_MEDIUM,QUALITATIVE_ORDINAL_NOT_AUTOMATIC_STRENGTH_RATIO
Weymouth_W1_F120000,ESSEX_SAME_ARRIVAL_AS_KENT,58000,0.2,0.35,12000,20000,8000,15000,F西,F西,F西,30_to_40k_regulars_plus25_to35k_trained_militia_guns_cavalry_prepared_position_NOT_VERIFIED,S07 stock;S20 p165 transport_not_combat_strength;B4 section6,MODEL_NOT_OBSERVATION,LOW_TO_MEDIUM,QUALITATIVE_ORDINAL_NOT_AUTOMATIC_STRENGTH_RATIO
Weymouth_W2_F20000,JUNE_STOCK_64614,64614,0.35,0.55,23000,36000,15000,25000,I,I,I,30_to_40k_regulars_plus25_to35k_trained_militia_guns_cavalry_prepared_position_NOT_VERIFIED,S07 stock;S20 p165 transport_not_combat_strength;B4 section6,MODEL_NOT_OBSERVATION,LOW_TO_MEDIUM,QUALITATIVE_ORDINAL_NOT_AUTOMATIC_STRENGTH_RATIO
Weymouth_W2_F20000,ESSEX_SAME_ARRIVAL_AS_KENT,58000,0.35,0.55,20000,32000,15000,25000,I,I,I,30_to_40k_regulars_plus25_to35k_trained_militia_guns_cavalry_prepared_position_NOT_VERIFIED,S07 stock;S20 p165 transport_not_combat_strength;B4 section6,MODEL_NOT_OBSERVATION,LOW_TO_MEDIUM,QUALITATIVE_ORDINAL_NOT_AUTOMATIC_STRENGTH_RATIO
Weymouth_W2_F40000,JUNE_STOCK_64614,64614,0.35,0.55,23000,36000,15000,25000,C,C,C,30_to_40k_regulars_plus25_to35k_trained_militia_guns_cavalry_prepared_position_NOT_VERIFIED,S07 stock;S20 p165 transport_not_combat_strength;B4 section6,MODEL_NOT_OBSERVATION,LOW_TO_MEDIUM,QUALITATIVE_ORDINAL_NOT_AUTOMATIC_STRENGTH_RATIO
Weymouth_W2_F40000,ESSEX_SAME_ARRIVAL_AS_KENT,58000,0.35,0.55,20000,32000,15000,25000,C,C,C,30_to_40k_regulars_plus25_to35k_trained_militia_guns_cavalry_prepared_position_NOT_VERIFIED,S07 stock;S20 p165 transport_not_combat_strength;B4 section6,MODEL_NOT_OBSERVATION,LOW_TO_MEDIUM,QUALITATIVE_ORDINAL_NOT_AUTOMATIC_STRENGTH_RATIO
Weymouth_W2_F80000,JUNE_STOCK_64614,64614,0.35,0.55,23000,36000,15000,25000,F西,F西,C,30_to_40k_regulars_plus25_to35k_trained_militia_guns_cavalry_prepared_position_NOT_VERIFIED,S07 stock;S20 p165 transport_not_combat_strength;B4 section6,MODEL_NOT_OBSERVATION,LOW_TO_MEDIUM,QUALITATIVE_ORDINAL_NOT_AUTOMATIC_STRENGTH_RATIO
Weymouth_W2_F80000,ESSEX_SAME_ARRIVAL_AS_KENT,58000,0.35,0.55,20000,32000,15000,25000,F西,F西,C,30_to_40k_regulars_plus25_to35k_trained_militia_guns_cavalry_prepared_position_NOT_VERIFIED,S07 stock;S20 p165 transport_not_combat_strength;B4 section6,MODEL_NOT_OBSERVATION,LOW_TO_MEDIUM,QUALITATIVE_ORDINAL_NOT_AUTOMATIC_STRENGTH_RATIO
Weymouth_W2_F120000,JUNE_STOCK_64614,64614,0.35,0.55,23000,36000,15000,25000,F西,F西,F西,30_to_40k_regulars_plus25_to35k_trained_militia_guns_cavalry_prepared_position_NOT_VERIFIED,S07 stock;S20 p165 transport_not_combat_strength;B4 section6,MODEL_NOT_OBSERVATION,LOW_TO_MEDIUM,QUALITATIVE_ORDINAL_NOT_AUTOMATIC_STRENGTH_RATIO
Weymouth_W2_F120000,ESSEX_SAME_ARRIVAL_AS_KENT,58000,0.35,0.55,20000,32000,15000,25000,F西,F西,F西,30_to_40k_regulars_plus25_to35k_trained_militia_guns_cavalry_prepared_position_NOT_VERIFIED,S07 stock;S20 p165 transport_not_combat_strength;B4 section6,MODEL_NOT_OBSERVATION,LOW_TO_MEDIUM,QUALITATIVE_ORDINAL_NOT_AUTOMATIC_STRENGTH_RATIO
