obs_id,geo,geo_level,integration_class,period_start,period_end,period_label,metric,value,unit,denominator,value_status,source_id,locator,comparability,notes
Q001,Rhineland4,region_group,annexed_inner,1800,1805,AnIX-XIII 1800/1-1804/5,mobilised,9081,persons,,reported_count_or_rate,R03,p179 Table3; PDF193,rowe_two_period,Not RP23 definition; no annualization. Empire aggregate not independent.
Q002,Rhineland4,region_group,annexed_inner,1800,1805,AnIX-XIII 1800/1-1804/5,draft_dodgers_pre_presentation,2763,persons,author mobilised,reported_count_or_rate,R03,p179 Table3; PDF193,rowe_two_period,Not RP23 definition; no annualization. Empire aggregate not independent.
Q003,Rhineland4,region_group,annexed_inner,1800,1805,AnIX-XIII 1800/1-1804/5,dodgers_arrested_percent,6,percent,draft dodgers,reported_count_or_rate,R03,p179 Table3; PDF193,rowe_two_period,Not RP23 definition; no annualization. Empire aggregate not independent.
Q004,Rhineland4,region_group,annexed_inner,1800,1805,AnIX-XIII 1800/1-1804/5,deserters_after_joining,1203,persons,author mobilised,reported_count_or_rate,R03,p179 Table3; PDF193,rowe_two_period,Not RP23 definition; no annualization. Empire aggregate not independent.
Q005,Rhineland4,region_group,annexed_inner,1806,1810,1806-1810,mobilised,24186,persons,,reported_count_or_rate,R03,p179 Table3; PDF193,rowe_two_period,Not RP23 definition; no annualization. Empire aggregate not independent.
Q006,Rhineland4,region_group,annexed_inner,1806,1810,1806-1810,draft_dodgers_pre_presentation,8138,persons,author mobilised,reported_count_or_rate,R03,p179 Table3; PDF193,rowe_two_period,Not RP23 definition; no annualization. Empire aggregate not independent.
Q007,Rhineland4,region_group,annexed_inner,1806,1810,1806-1810,dodgers_arrested_percent,8,percent,draft dodgers,reported_count_or_rate,R03,p179 Table3; PDF193,rowe_two_period,Not RP23 definition; no annualization. Empire aggregate not independent.
Q008,Rhineland4,region_group,annexed_inner,1806,1810,1806-1810,deserters_after_joining,725,persons,author mobilised,reported_count_or_rate,R03,p179 Table3; PDF193,rowe_two_period,Not RP23 definition; no annualization. Empire aggregate not independent.
Q009,Alsace2,region_group,old_france,1800,1805,AnIX-XIII 1800/1-1804/5,mobilised,7921,persons,,reported_count_or_rate,R03,p179 Table3; PDF193,rowe_two_period,Not RP23 definition; no annualization. Empire aggregate not independent.
Q010,Alsace2,region_group,old_france,1800,1805,AnIX-XIII 1800/1-1804/5,draft_dodgers_pre_presentation,615,persons,author mobilised,reported_count_or_rate,R03,p179 Table3; PDF193,rowe_two_period,Not RP23 definition; no annualization. Empire aggregate not independent.
Q011,Alsace2,region_group,old_france,1800,1805,AnIX-XIII 1800/1-1804/5,dodgers_arrested_percent,13,percent,draft dodgers,reported_count_or_rate,R03,p179 Table3; PDF193,rowe_two_period,Not RP23 definition; no annualization. Empire aggregate not independent.
Q012,Alsace2,region_group,old_france,1800,1805,AnIX-XIII 1800/1-1804/5,deserters_after_joining,1813,persons,author mobilised,reported_count_or_rate,R03,p179 Table3; PDF193,rowe_two_period,Not RP23 definition; no annualization. Empire aggregate not independent.
Q013,Alsace2,region_group,old_france,1806,1810,1806-1810,mobilised,13933,persons,,reported_count_or_rate,R03,p179 Table3; PDF193,rowe_two_period,Not RP23 definition; no annualization. Empire aggregate not independent.
Q014,Alsace2,region_group,old_france,1806,1810,1806-1810,draft_dodgers_pre_presentation,2386,persons,author mobilised,reported_count_or_rate,R03,p179 Table3; PDF193,rowe_two_period,Not RP23 definition; no annualization. Empire aggregate not independent.
Q015,Alsace2,region_group,old_france,1806,1810,1806-1810,dodgers_arrested_percent,17,percent,draft dodgers,reported_count_or_rate,R03,p179 Table3; PDF193,rowe_two_period,Not RP23 definition; no annualization. Empire aggregate not independent.
Q016,Alsace2,region_group,old_france,1806,1810,1806-1810,deserters_after_joining,1843,persons,author mobilised,reported_count_or_rate,R03,p179 Table3; PDF193,rowe_two_period,Not RP23 definition; no annualization. Empire aggregate not independent.
Q017,French_Empire_excl4Italy,region_group,overlapping_aggregate,1800,1805,AnIX-XIII 1800/1-1804/5,mobilised,313616,persons,,reported_count_or_rate,R03,p179 Table3; PDF193,rowe_two_period,Not RP23 definition; no annualization. Empire aggregate not independent.
Q018,French_Empire_excl4Italy,region_group,overlapping_aggregate,1800,1805,AnIX-XIII 1800/1-1804/5,draft_dodgers_pre_presentation,65220,persons,author mobilised,reported_count_or_rate,R03,p179 Table3; PDF193,rowe_two_period,Not RP23 definition; no annualization. Empire aggregate not independent.
Q019,French_Empire_excl4Italy,region_group,overlapping_aggregate,1800,1805,AnIX-XIII 1800/1-1804/5,dodgers_arrested_percent,11,percent,draft dodgers,reported_count_or_rate,R03,p179 Table3; PDF193,rowe_two_period,Not RP23 definition; no annualization. Empire aggregate not independent.
Q020,French_Empire_excl4Italy,region_group,overlapping_aggregate,1800,1805,AnIX-XIII 1800/1-1804/5,deserters_after_joining,87288,persons,author mobilised,reported_count_or_rate,R03,p179 Table3; PDF193,rowe_two_period,Not RP23 definition; no annualization. Empire aggregate not independent.
Q021,French_Empire_excl4Italy,region_group,overlapping_aggregate,1806,1810,1806-1810,mobilised,530219,persons,,reported_count_or_rate,R03,p179 Table3; PDF193,rowe_two_period,Not RP23 definition; no annualization. Empire aggregate not independent.
Q022,French_Empire_excl4Italy,region_group,overlapping_aggregate,1806,1810,1806-1810,draft_dodgers_pre_presentation,162831,persons,author mobilised,reported_count_or_rate,R03,p179 Table3; PDF193,rowe_two_period,Not RP23 definition; no annualization. Empire aggregate not independent.
Q023,French_Empire_excl4Italy,region_group,overlapping_aggregate,1806,1810,1806-1810,dodgers_arrested_percent,20,percent,draft dodgers,reported_count_or_rate,R03,p179 Table3; PDF193,rowe_two_period,Not RP23 definition; no annualization. Empire aggregate not independent.
Q024,French_Empire_excl4Italy,region_group,overlapping_aggregate,1806,1810,1806-1810,deserters_after_joining,64100,persons,author mobilised,reported_count_or_rate,R03,p179 Table3; PDF193,rowe_two_period,Not RP23 definition; no annualization. Empire aggregate not independent.
Q025,Roer,department,annexed_inner,1803,1803,1803 memorandum; old-regime comparator date unspecified,tax_paid_reported,11138406,francs,,reported_memorandum,R03,pp201-202; PDF215-216,roer_fiscal,Same-tax/base equivalence not demonstrated; no assessed tax or net expenditure.
Q026,Roer,department,annexed_inner,1803,1803,1803 memorandum; old-regime comparator date unspecified,old_regime_tax_estimate,6250000,francs,,historical_estimate,R03,pp201-202; PDF215-216,roer_fiscal,Same-tax/base equivalence not demonstrated; no assessed tax or net expenditure.
Q027,French_Empire,aggregate,overlapping_aggregate,1809,1809,1809,gendarmes,15500,persons,,reported_count,R03,p181; PDF195,gendarmes,Not all occupation/security forces.
Q028,Rhineland4,aggregate,annexed_inner,1809,1809,1809,gendarmes,527,persons,,reported_count,R03,p181; PDF195,gendarmes,Not all occupation/security forces.
Q029,Doire,department,annexed_inner,1805,1806,AnXIV population table,population,224127,persons,,reported_count,F90,p213,piedmont_population,Tanaro later abolished; cannot assume constant 1800-1810 boundary.
Q030,Marengo,department,annexed_inner,1805,1806,AnXIV population table,population,332554,persons,,reported_count,F90,p213,piedmont_population,Tanaro later abolished; cannot assume constant 1800-1810 boundary.
Q031,Po,department,annexed_inner,1805,1806,AnXIV population table,population,395193,persons,,reported_count,F90,p213,piedmont_population,Tanaro later abolished; cannot assume constant 1800-1810 boundary.
Q032,Sesia,department,annexed_inner,1805,1806,AnXIV population table,population,204445,persons,,reported_count,F90,p213,piedmont_population,Tanaro later abolished; cannot assume constant 1800-1810 boundary.
Q033,Stura,department,annexed_inner,1805,1806,AnXIV population table,population,395074,persons,,reported_count,F90,p213,piedmont_population,Tanaro later abolished; cannot assume constant 1800-1810 boundary.
Q034,Tanaro,department,annexed_inner,1805,1806,AnXIV population table,population,310459,persons,,reported_count,F90,p213,piedmont_population,Tanaro later abolished; cannot assume constant 1800-1810 boundary.
Q035,Piedmont,region,annexed_inner,1805,1806,AnXIV,population_total_prose,1813473,persons,,reported_count_conflict,F90,p213,piedmont_population,"Six rows sum 1861852, not this number."
Q036,Piedmont,region,annexed_inner,1800,1810,11 cohorts through1810; not exactly calendar-year flows,registered_11_cohorts,166556,persons,,reported_count_conflict,F90,"pp213-214,219",piedmont_cohorts,Includes distinct registration/medical/induction categories; do not add all metrics.
Q037,Piedmont,region,annexed_inner,1800,1810,11 cohorts through1810; not exactly calendar-year flows,reported_average_cohort,15354,persons,,reported_count_conflict,F90,"pp213-214,219",piedmont_cohorts,Includes distinct registration/medical/induction categories; do not add all metrics.
Q038,Piedmont,region,annexed_inner,1800,1810,11 cohorts through1810; not exactly calendar-year flows,exempted_all,53740,persons,,reported_count,F90,"pp213-214,219",piedmont_cohorts,Includes distinct registration/medical/induction categories; do not add all metrics.
Q039,Piedmont,region,annexed_inner,1800,1810,11 cohorts through1810; not exactly calendar-year flows,incorporated_conscripts,35281,persons,,reported_count,F90,"pp213-214,219",piedmont_cohorts,Includes distinct registration/medical/induction categories; do not add all metrics.
Q040,Piedmont,region,annexed_inner,1800,1810,11 cohorts through1810; not exactly calendar-year flows,volunteers,2682,persons,,reported_count,F90,"pp213-214,219",piedmont_cohorts,Includes distinct registration/medical/induction categories; do not add all metrics.
Q041,Piedmont,region,annexed_inner,1800,1810,11 cohorts through1810; not exactly calendar-year flows,velites,280,persons,,reported_count,F90,"pp213-214,219",piedmont_cohorts,Includes distinct registration/medical/induction categories; do not add all metrics.
Q042,Piedmont,region,annexed_inner,1800,1810,11 cohorts through1810; not exactly calendar-year flows,all_joined_prose_p214,38242,persons,,reported_count_conflict,F90,"pp213-214,219",piedmont_cohorts,Includes distinct registration/medical/induction categories; do not add all metrics.
Q043,Piedmont,region,annexed_inner,1800,1810,11 cohorts through1810; not exactly calendar-year flows,all_joined_prose_p219,38243,persons,,reported_count,F90,"pp213-214,219",piedmont_cohorts,Includes distinct registration/medical/induction categories; do not add all metrics.
Q044,Piedmont,region,annexed_inner,1800,1810,11 cohorts through1810; not exactly calendar-year flows,mixed_evaders_all,9272,persons,,reported_count_conflict,F90,"pp213-214,219",piedmont_cohorts,Includes distinct registration/medical/induction categories; do not add all metrics.
Q045,Piedmont,region,annexed_inner,1800,1810,11 cohorts through1810; not exactly calendar-year flows,condemned_refractaires,6938,persons,,reported_count,F90,"pp213-214,219",piedmont_cohorts,Includes distinct registration/medical/induction categories; do not add all metrics.
Q046,Piedmont,region,annexed_inner,1800,1810,11 cohorts through1810; not exactly calendar-year flows,refractaires_returned,211,persons,,reported_count,F90,"pp213-214,219",piedmont_cohorts,Includes distinct registration/medical/induction categories; do not add all metrics.
Q047,Piedmont,region,annexed_inner,1800,1810,11 cohorts through1810; not exactly calendar-year flows,refractaires_arrested,942,persons,,reported_count,F90,"pp213-214,219",piedmont_cohorts,Includes distinct registration/medical/induction categories; do not add all metrics.
Q048,Piedmont,region,annexed_inner,1800,1805,AnIX-XIII,registered,69319,persons,,reported_count,F90,p214,piedmont_cohorts,Period mixed-evader sum differs from reported all-period total by71.
Q049,Piedmont,region,annexed_inner,1800,1805,AnIX-XIII,exempted,16007,persons,registered,reported_count,F90,p214,piedmont_cohorts,Period mixed-evader sum differs from reported all-period total by71.
Q050,Piedmont,region,annexed_inner,1800,1805,AnIX-XIII,mixed_evaders,6272,persons,,reported_count,F90,p214,piedmont_cohorts,Period mixed-evader sum differs from reported all-period total by71.
Q051,Piedmont,region,annexed_inner,1806,1810,1806-1810,registered,88242,persons,,reported_count,F90,p214,piedmont_cohorts,Period mixed-evader sum differs from reported all-period total by71.
Q052,Piedmont,region,annexed_inner,1806,1810,1806-1810,exempted,37733,persons,registered,reported_count,F90,p214,piedmont_cohorts,Period mixed-evader sum differs from reported all-period total by71.
Q053,Piedmont,region,annexed_inner,1806,1810,1806-1810,mixed_evaders,2929,persons,,reported_count,F90,p214,piedmont_cohorts,Period mixed-evader sum differs from reported all-period total by71.
Q054,Piedmont,region,annexed_inner,1802,1803,AnXI; statement cut-off unspecified,quota,4000,persons,,reported_plan,F90,p218 n27,piedmont_early,Author quotes Napoleon; not a full-year finalized levy.
Q055,Piedmont,region,annexed_inner,1802,1803,AnXI; statement cut-off unspecified,departed_rhetorical_ceiling,500,persons,quota4000,rhetorical_ceiling_not_observation,F90,p218 n27,piedmont_early,je ne sache pas quil y en ait 500 de partis; not exactly500 arrivals.
Q056,Piedmont,region,annexed_inner,1803,1803,Thermidor AnXI,gendarmes,668,persons,,derived_sum_406plus262,F90,p219 n34,gendarmes,Foot406; mounted262; not total occupation troops.
Q057,Belgium9,region,annexed_inner,1798,1813,AnVII to1813-11-15,population_used,3028705,persons,,reported_count,F90,p221 n41,belgium_cumulative,Darquenne via Stevens via Frasca; unique-person deduplication unknown.
Q058,Belgium9,region,annexed_inner,1798,1813,AnVII to1813-11-15,called_up_cumulative,225147,persons,,reported_count,F90,p221 n41,belgium_cumulative,Darquenne via Stevens via Frasca; unique-person deduplication unknown.
Q059,Belgium9,region,annexed_inner,1798,1813,AnVII to1813-11-15,incorporated_cumulative,216111,persons,,reported_count,F90,p221 n41,belgium_cumulative,Darquenne via Stevens via Frasca; unique-person deduplication unknown.
Q060,Belgium9,region,annexed_inner,1798,1813,AnVII to1813-11-15,mixed_evaders_cumulative,89267,persons,,reported_count,F90,p221 n41,belgium_cumulative,Darquenne via Stevens via Frasca; unique-person deduplication unknown.
Q061,Belgium9,region,annexed_inner,1798,1813,AnVII to1813-11-15,reincorporated,24560,persons,,reported_count,F90,p221 n41,belgium_cumulative,Darquenne via Stevens via Frasca; unique-person deduplication unknown.
Q062,Belgium9,region,annexed_inner,1800,1810,AnIX-1810,exemption_percent,17.9,percent,called_up,reported_rate,F90,p221,belgium_exemption,Not same denominator as RP23 cohort exemption rate.
Q063,Belgium9,region,annexed_inner,1798,1805,through1804-05,refractaires_percent,10.7,percent,stages not fully specified,reported_rate,W91,p160; PDF171,woolf_belgium,Cannot sum rates or concatenate with RP23.
Q064,Belgium9,region,annexed_inner,1798,1805,through1804-05,deserters_percent,49.3,percent,stages not fully specified,reported_rate,W91,p160; PDF171,woolf_belgium,Cannot sum rates or concatenate with RP23.
Q065,Belgium9,region,annexed_inner,1805,1809,1805-1809,refractaires_percent,42.4,percent,stages not fully specified,reported_rate,W91,p160; PDF171,woolf_belgium,Cannot sum rates or concatenate with RP23.
Q066,Belgium9,region,annexed_inner,1805,1809,1805-1809,deserters_percent,14.8,percent,stages not fully specified,reported_rate,W91,p160; PDF171,woolf_belgium,Cannot sum rates or concatenate with RP23.
Q067,Rhineland4,region,annexed_inner,1800,1805,1800-1805,desertion_percent_woolf,10,percent,author aggregate,reported_approximate_rate,W91,p161; PDF172,woolf_rhine,Conflicts with R03 13%/3%; definitions/sample differ or unresolved. Do not average.
Q068,Rhineland4,region,annexed_inner,1806,1810,1806-1810,desertion_percent_woolf,2,percent,author aggregate,reported_strict_upper_bound,W91,p161; PDF172,woolf_rhine,Conflicts with R03 13%/3%; definitions/sample differ or unresolved. Do not average.
Q069,Prefects_all,person_pool,overlapping_aggregate,1800,1800,1800,mean_prior_admin_experience,2.4,years,,reported_mean,W91,p76; PDF87,prefects,Not department staffing density.
Q070,Prefects_all,person_pool,overlapping_aggregate,1805,1805,1805,mean_prior_admin_experience,6.5,years,,reported_mean,W91,p76; PDF87,prefects,Not department staffing density.
Q071,Prefects_all,person_pool,overlapping_aggregate,1812,1812,1812,mean_prior_admin_experience,10,years,,reported_mean,W91,p76; PDF87,prefects,Not department staffing density.
Q072,Empire92depts,department_group,mixed,1810,1812,1810-1812,mobile_column_arrests,63000,persons,,reported_count,W91,p162; PDF173,enforcement,"Arrests are policing output, not consent or conscription success."
Q073,Belgium,region,annexed_inner,1812,1812,1812 budget expectations,projected_revenue_regional,83,million_francs,,budget_projection,M25,p321; PDF341,marion1812,Regional line gross/net not explicit; sum closer to gross. Not realized receipts.
Q074,Holland,region,annexed_outer,1812,1812,1812 budget expectations,projected_revenue_regional,66.5,million_francs,,budget_projection,M25,p321; PDF341,marion1812,Regional line gross/net not explicit; sum closer to gross. Not realized receipts.
Q075,Hanseatic,region,annexed_outer,1812,1812,1812 budget expectations,projected_revenue_regional,38.791,million_francs,,budget_projection,M25,p321; PDF341,marion1812,Regional line gross/net not explicit; sum closer to gross. Not realized receipts.
Q076,Rhineland,region,annexed_inner,1812,1812,1812 budget expectations,projected_revenue_regional,37.5,million_francs,,budget_projection,M25,p321; PDF341,marion1812,Regional line gross/net not explicit; sum closer to gross. Not realized receipts.
Q077,Piedmont,region,annexed_inner,1812,1812,1812 budget expectations,projected_revenue_regional,33,million_francs,,budget_projection,M25,p321; PDF341,marion1812,Regional line gross/net not explicit; sum closer to gross. Not realized receipts.
Q078,Tuscany,region,annexed_outer,1812,1812,1812 budget expectations,projected_revenue_regional,22.5,million_francs,,budget_projection,M25,p321; PDF341,marion1812,Regional line gross/net not explicit; sum closer to gross. Not realized receipts.
Q079,Liguria,region,annexed_inner,1812,1812,1812 budget expectations,projected_revenue_regional,16,million_francs,,budget_projection,M25,p321; PDF341,marion1812,Regional line gross/net not explicit; sum closer to gross. Not realized receipts.
Q080,Rome,region,annexed_outer,1812,1812,1812 budget expectations,projected_revenue_regional,16.5,million_francs,,budget_projection,M25,p321; PDF341,marion1812,Regional line gross/net not explicit; sum closer to gross. Not realized receipts.
Q081,Annexed_all,aggregate,mixed,1812,1812,1812 budget expectations,projected_gross_all,342.260044,million_francs,,budget_projection,M25,p321; PDF341,marion1812,Do not treat net as after every strategic military cost.
Q082,Annexed_all,aggregate,mixed,1812,1812,1812 budget expectations,projected_net_all,226.389345,million_francs,,budget_projection,M25,p321; PDF341,marion1812,Do not treat net as after every strategic military cost.
Q083,Recent_annexed,aggregate,annexed_outer,1811,1811,Gaudin1811-04-30,projected_revenue_ceiling,105,million_francs,,budget_upper_projection,M25,p321; PDF341,marion1811,At most105; regional components104.5 rounded.
Q084,French_army,aggregate,mixed,,,Napoleonic period; exact accounting year not fixed here; Mollien retrospective memoir,soldier_cost_maintenance,600,francs_per_soldier_year,,reported_cost_estimate,M25,pp322-323; PDF342-343,military_cost,600/700/900 not same accounting perimeter;1000 contested estimate also discussed; do not assign all costs to1806.
Q085,French_army,aggregate,mixed,,,Napoleonic period; exact accounting year not fixed here; Mollien retrospective memoir,soldier_cost_including_arms_horses,700,francs_per_soldier_year,,reported_cost_estimate,M25,pp322-323; PDF342-343,military_cost,600/700/900 not same accounting perimeter;1000 contested estimate also discussed; do not assign all costs to1806.
Q086,French_army,aggregate,mixed,1806,1806,1806-11-12 report,naples_soldier_cost_reported,900,francs_per_soldier_year,,reported_cost_estimate,M25,pp322-323; PDF342-343,military_cost,600/700/900 not same accounting perimeter;1000 contested estimate also discussed; do not assign all costs to1806.
Q087,Italy_Kingdom,region_or_event,satellite,1807,1810,1807-1810,draft_evaders,22227,persons,,reported_count,G13,p108,grab_events,Author transcribes archival/secondary sources; not direct archive reading.
Q088,Italy_Kingdom,region_or_event,satellite,1806,1810,1806-1810,army_deserters,17750,persons,,contemporary_estimate,G13,p109,grab_events,Author transcribes archival/secondary sources; not direct archive reading.
Q089,Marches3,region_or_event,satellite_new,1808,1808,1808-1808,initial_quota,1020,persons,,reported_plan,G13,p108,grab_events,Author transcribes archival/secondary sources; not direct archive reading.
Q090,French_recruit_call,region_or_event,mixed,1813,1813,October09-December31,october_call_quota,127433,persons,,reported_plan,G13,p118,grab_events,Author transcribes archival/secondary sources; not direct archive reading.
Q091,French_recruit_call,region_or_event,mixed,1813,1813,October09-December31,arrived_by_dec31,72265,persons,,reported_count,G13,p118,grab_events,Author transcribes archival/secondary sources; not direct archive reading.
Q092,RP23_sample,sample_distribution,mixed,1806,1810,1806-1810,conscription_rate_mean,29.59,percent,cohort,published_summary_not_microdata,RP23A,p4 Table1,rp23_summary,No population weighting assumed; cannot multiply means for aggregate soldiers.
Q093,RP23_sample,sample_distribution,mixed,1806,1810,1806-1810,draft_dodging_mean,14.95,percent,effectively drafted,published_summary_not_microdata,RP23A,p4 Table1,rp23_summary,No population weighting assumed; cannot multiply means for aggregate soldiers.
Q094,RP23_sample,sample_distribution,mixed,1806,1810,1806-1810,draft_dodging_p25,3.556,percent,effectively drafted,published_summary_not_microdata,RP23A,p4 Table1,rp23_summary,No population weighting assumed; cannot multiply means for aggregate soldiers.
Q095,RP23_sample,sample_distribution,mixed,1806,1810,1806-1810,draft_dodging_p50,10.92,percent,effectively drafted,published_summary_not_microdata,RP23A,p4 Table1,rp23_summary,No population weighting assumed; cannot multiply means for aggregate soldiers.
Q096,RP23_sample,sample_distribution,mixed,1806,1810,1806-1810,draft_dodging_p75,21.69,percent,effectively drafted,published_summary_not_microdata,RP23A,p4 Table1,rp23_summary,No population weighting assumed; cannot multiply means for aggregate soldiers.
Q097,RP23_sample,sample_distribution,mixed,1806,1810,1806-1810,exemption_mean,54.21,percent,cohort,published_summary_not_microdata,RP23A,p4 Table1,rp23_summary,No population weighting assumed; cannot multiply means for aggregate soldiers.
Q098,RP23_sample,sample_distribution,mixed,1806,1810,1806-1810,dodging_observations,554,records,,published_summary_not_microdata,RP23A,p4 Table1,rp23_summary,No population weighting assumed; cannot multiply means for aggregate soldiers.
Q099,RP23_sample,sample_distribution,mixed,1806,1810,1806-1810,conscription_observations,555,records,,published_summary_not_microdata,RP23A,p4 Table1,rp23_summary,No population weighting assumed; cannot multiply means for aggregate soldiers.
Q100,French_controlled,aggregate,mixed,1810,1810,1810,draft_dodgers_observed,10499,persons,,published_observation,RP23,p1092,rp23_back_envelope,"Text27% corresponds to2812, not3256; S/C semantics also unresolved."
Q101,French_controlled,aggregate,mixed,1810,1810,1810,additional_dodgers_main,3256,persons,,published_counterfactual_conflict,RP23,p1092,rp23_back_envelope,"Text27% corresponds to2812, not3256; S/C semantics also unresolved."
Q102,French_controlled,aggregate,mixed,1810,1810,1810,additional_dodgers_appendix,2812,persons,,published_counterfactual_conflict,RP23A,p61,rp23_back_envelope,"Text27% corresponds to2812, not3256; S/C semantics also unresolved."
Q103,French_controlled,aggregate,mixed,1810,1810,1810,additional_sent_appendix,3256,persons,,published_counterfactual_conflict,RP23A,p61,rp23_back_envelope,"Text27% corresponds to2812, not3256; S/C semantics also unresolved."
Q104,OldFrance,coverage,old_france,1800,1813,coverage_audit_1800-1813,comparable_annual_collected_to_assessed_tax,,ratio,,not_obtained,AUDIT,notes_method.md,missing,"Absence in this assembled evidence, not proof records do not exist. Roer one tax-paid point does not close ratio."
Q105,Belgium,coverage,annexed_inner,1800,1813,coverage_audit_1800-1813,comparable_annual_collected_to_assessed_tax,,ratio,,not_obtained,AUDIT,notes_method.md,missing,"Absence in this assembled evidence, not proof records do not exist. Roer one tax-paid point does not close ratio."
Q106,Rhineland,coverage,annexed_inner,1800,1813,coverage_audit_1800-1813,comparable_annual_collected_to_assessed_tax,,ratio,,not_obtained,AUDIT,notes_method.md,missing,"Absence in this assembled evidence, not proof records do not exist. Roer one tax-paid point does not close ratio."
Q107,Piedmont,coverage,annexed_inner,1800,1813,coverage_audit_1800-1813,comparable_annual_collected_to_assessed_tax,,ratio,,not_obtained,AUDIT,notes_method.md,missing,"Absence in this assembled evidence, not proof records do not exist. Roer one tax-paid point does not close ratio."
Q108,Liguria,coverage,annexed_inner,1800,1813,coverage_audit_1800-1813,comparable_annual_collected_to_assessed_tax,,ratio,,not_obtained,AUDIT,notes_method.md,missing,"Absence in this assembled evidence, not proof records do not exist. Roer one tax-paid point does not close ratio."
Q109,Tuscany,coverage,annexed_outer,1800,1813,coverage_audit_1800-1813,comparable_annual_collected_to_assessed_tax,,ratio,,not_obtained,AUDIT,notes_method.md,missing,"Absence in this assembled evidence, not proof records do not exist. Roer one tax-paid point does not close ratio."
Q110,Rome,coverage,annexed_outer,1800,1813,coverage_audit_1800-1813,comparable_annual_collected_to_assessed_tax,,ratio,,not_obtained,AUDIT,notes_method.md,missing,"Absence in this assembled evidence, not proof records do not exist. Roer one tax-paid point does not close ratio."
Q111,Holland,coverage,annexed_outer,1800,1813,coverage_audit_1800-1813,comparable_annual_collected_to_assessed_tax,,ratio,,not_obtained,AUDIT,notes_method.md,missing,"Absence in this assembled evidence, not proof records do not exist. Roer one tax-paid point does not close ratio."
Q112,Hanseatic,coverage,annexed_outer,1800,1813,coverage_audit_1800-1813,comparable_annual_collected_to_assessed_tax,,ratio,,not_obtained,AUDIT,notes_method.md,missing,"Absence in this assembled evidence, not proof records do not exist. Roer one tax-paid point does not close ratio."
Q113,Illyria,coverage,special_provinces,1800,1813,coverage_audit_1800-1813,comparable_annual_collected_to_assessed_tax,,ratio,,not_obtained,AUDIT,notes_method.md,missing,"Absence in this assembled evidence, not proof records do not exist. Roer one tax-paid point does not close ratio."
Q114,Catalonia,coverage,military_annexation,1800,1813,coverage_audit_1800-1813,comparable_annual_collected_to_assessed_tax,,ratio,,not_obtained,AUDIT,notes_method.md,missing,"Absence in this assembled evidence, not proof records do not exist. Roer one tax-paid point does not close ratio."
Q115,ItalyKingdom,coverage,satellite,1800,1813,coverage_audit_1800-1813,comparable_annual_collected_to_assessed_tax,,ratio,,not_obtained,AUDIT,notes_method.md,missing,"Absence in this assembled evidence, not proof records do not exist. Roer one tax-paid point does not close ratio."
Q116,Naples,coverage,satellite,1800,1813,coverage_audit_1800-1813,comparable_annual_collected_to_assessed_tax,,ratio,,not_obtained,AUDIT,notes_method.md,missing,"Absence in this assembled evidence, not proof records do not exist. Roer one tax-paid point does not close ratio."
