record_type,scenario,bound,year,hulls,launches,natural_retirement,war_loss,hull_exit_rate,personnel_total_1000,qualified_personnel_1000,nonline_personnel_reserved_1000,nonline_qualified_reserved_1000,ready_fraction,mobilizable_continuous,mobilizable_integer,binding,commissioned_model_I,reserve_ready_within_12m,hulls_not_mobilizable_within12m,hull_physical_readiness_ceiling,displacement_hulls_t,displacement_mobilizable_t,fleet_training_factor_assumed,trained_ship_equivalents_diagnostic,sea_training_days_assumed,evidence_ids,assumptions
model_not_observation,W,low,1810,50,0,0,0,0.035,60,35,25,15,0.7,35.0,35,hull_readiness,28,7,15,35.0,160000,112000,0.55,19.25,30,S01;S04;S05;S06;S07;S08;S11,F3_model_parameters.json
model_not_observation,W,low,1811,54.75,8,1.75,1.5,0.035,62.0,36.55,25,15,0.7,38.325,38,hull_readiness,30,8,16.75,38.325,175200.0,121600,0.55,20.9,30,S01;S04;S05;S06;S07;S08;S11,F3_model_parameters.json
model_not_observation,W,low,1812,59.33375,8,1.91625,1.5,0.035,63.8,37.9915,25,15,0.7,41.533625,41,hull_readiness,32,9,18.33375,41.533625,189868.0,131200,0.55,22.55,30,S01;S04;S05;S06;S07;S08;S11,F3_model_parameters.json
model_not_observation,W,low,1813,63.757069,8,2.076681,1.5,0.035,65.42,39.332095,25,15,0.7,44.629948,44,hull_readiness,35,9,19.757069,44.629948,204022.62,140800,0.55,24.2,30,S01;S04;S05;S06;S07;S08;S11,F3_model_parameters.json
model_not_observation,W,low,1814,68.025571,8,2.231497,1.5,0.035,66.878,40.578848,25,15,0.7,47.6179,47,hull_readiness,37,10,21.025571,47.6179,217681.83,150400,0.55,25.85,30,S01;S04;S05;S06;S07;S08;S11,F3_model_parameters.json
model_not_observation,W,low,1815,72.144676,8,2.380895,1.5,0.035,68.1902,41.738329,25,15,0.7,50.501273,50,hull_readiness,40,10,22.144676,50.501273,230862.96,160000,0.55,27.5,30,S01;S04;S05;S06;S07;S08;S11,F3_model_parameters.json
model_not_observation,W,low,1816,73.315996,7,4.328681,1.5,0.06,69.37118,42.816646,25,15,0.7,51.321197,51,hull_readiness,40,11,22.315996,51.321197,234611.19,163200,0.556667,28.39,30,S01;S04;S05;S06;S07;S08;S11,F3_model_parameters.json
model_not_observation,W,low,1817,74.417036,7,4.39896,1.5,0.06,70.434062,43.819481,25,15,0.7,52.091925,52,hull_readiness,41,11,22.417036,52.091925,238134.52,166400,0.563333,29.2933,30,S01;S04;S05;S06;S07;S08;S11,F3_model_parameters.json
model_not_observation,W,low,1818,75.452014,7,4.465022,1.5,0.06,71.390656,44.752117,25,15,0.7,52.81641,52,hull_readiness,41,11,23.452014,52.81641,241446.44,166400,0.57,29.64,30,S01;S04;S05;S06;S07;S08;S11,F3_model_parameters.json
model_not_observation,W,low,1819,76.424893,7,4.527121,1.5,0.06,72.25159,45.619469,25,15,0.7,53.497425,53,hull_readiness,42,11,23.424893,53.497425,244559.66,169600,0.576667,30.5633,30,S01;S04;S05;S06;S07;S08;S11,F3_model_parameters.json
model_not_observation,W,low,1820,77.339399,7,4.585494,1.5,0.06,73.026431,46.426106,25,15,0.7,54.13758,54,hull_readiness,43,11,23.339399,54.13758,247486.08,172800,0.583333,31.5,30,S01;S04;S05;S06;S07;S08;S11,F3_model_parameters.json
model_not_observation,W,low,1821,77.199035,6,4.640364,1.5,0.06,73.723788,47.176279,25,15,0.7,54.039325,54,hull_readiness,43,11,23.199035,54.039325,247036.91,172800,0.59,31.86,30,S01;S04;S05;S06;S07;S08;S11,F3_model_parameters.json
model_not_observation,W,low,1822,77.067093,6,4.631942,1.5,0.06,74.351409,47.873939,25,15,0.7,53.946965,53,hull_readiness,42,11,24.067093,53.946965,246614.7,169600,0.596667,31.6233,30,S01;S04;S05;S06;S07;S08;S11,F3_model_parameters.json
model_not_observation,W,low,1823,76.943068,6,4.624026,1.5,0.06,74.916268,48.522763,25,15,0.7,53.860147,53,hull_readiness,42,11,23.943068,53.860147,246217.82,169600,0.603333,31.9767,30,S01;S04;S05;S06;S07;S08;S11,F3_model_parameters.json
model_not_observation,W,low,1824,76.826484,6,4.616584,1.5,0.06,75.424642,49.12617,25,15,0.7,53.778539,53,hull_readiness,42,11,23.826484,53.778539,245844.75,169600,0.61,32.33,30,S01;S04;S05;S06;S07;S08;S11,F3_model_parameters.json
model_not_observation,W,low,1825,76.716895,6,4.609589,1.5,0.06,75.882177,49.687338,25,15,0.7,53.701826,53,hull_readiness,42,11,23.716895,53.701826,245494.06,169600,0.616667,32.6833,30,S01;S04;S05;S06;S07;S08;S11,F3_model_parameters.json
model_not_observation,W,low,1826,76.613881,6,4.603014,1.5,0.06,76.29396,50.209224,25,15,0.7,53.629717,53,hull_readiness,42,11,23.613881,53.629717,245164.42,169600,0.623333,33.0367,30,S01;S04;S05;S06;S07;S08;S11,F3_model_parameters.json
model_not_observation,W,low,1827,76.517048,6,4.596833,1.5,0.06,76.664564,50.694579,25,15,0.7,53.561934,53,hull_readiness,42,11,23.517048,53.561934,244854.55,169600,0.63,33.39,30,S01;S04;S05;S06;S07;S08;S11,F3_model_parameters.json
model_not_observation,W,low,1828,76.426025,6,4.591023,1.5,0.06,76.998107,51.145958,25,15,0.7,53.498218,53,hull_readiness,42,11,23.426025,53.498218,244563.28,169600,0.636667,33.7433,30,S01;S04;S05;S06;S07;S08;S11,F3_model_parameters.json
model_not_observation,W,low,1829,76.340464,6,4.585562,1.5,0.06,77.298297,51.565741,25,15,0.7,53.438325,53,hull_readiness,42,11,23.340464,53.438325,244289.48,169600,0.643333,34.0967,30,S01;S04;S05;S06;S07;S08;S11,F3_model_parameters.json
model_not_observation,W,low,1830,76.260036,6,4.580428,1.5,0.06,77.568467,51.956139,25,15,0.7,53.382025,53,hull_readiness,42,11,23.260036,53.382025,244032.11,169600,0.65,34.45,30,S01;S04;S05;S06;S07;S08;S11,F3_model_parameters.json
model_not_observation,W,low,1831,76.184434,6,4.575602,1.5,0.06,77.81162,52.319209,25,15,0.7,53.329104,53,hull_readiness,42,11,23.184434,53.329104,243790.19,169600,0.65,34.45,30,S01;S04;S05;S06;S07;S08;S11,F3_model_parameters.json
model_not_observation,W,low,1832,76.113368,6,4.571066,1.5,0.06,78.030458,52.656865,25,15,0.7,53.279357,53,hull_readiness,42,11,23.113368,53.279357,243562.78,169600,0.65,34.45,30,S01;S04;S05;S06;S07;S08;S11,F3_model_parameters.json
model_not_observation,W,low,1833,76.046566,6,4.566802,1.5,0.06,78.227412,52.970884,25,15,0.7,53.232596,53,hull_readiness,42,11,23.046566,53.232596,243349.01,169600,0.65,34.45,30,S01;S04;S05;S06;S07;S08;S11,F3_model_parameters.json
model_not_observation,W,low,1834,75.983772,6,4.562794,1.5,0.06,78.404671,53.262922,25,15,0.7,53.18864,53,hull_readiness,42,11,22.983772,53.18864,243148.07,169600,0.65,34.45,30,S01;S04;S05;S06;S07;S08;S11,F3_model_parameters.json
model_not_observation,W,low,1835,75.924745,6,4.559026,1.5,0.06,78.564204,53.534518,25,15,0.7,53.147322,53,hull_readiness,42,11,22.924745,53.147322,242959.19,169600,0.65,34.45,30,S01;S04;S05;S06;S07;S08;S11,F3_model_parameters.json
model_not_observation,W,base,1810,50,0,0,0,0.025,65,40,30,17.5,0.775,38.75,38,hull_readiness,33,5,12,38.75,175000,133000,0.65,24.7,55,S01;S04;S05;S06;S07;S08;S11,F3_model_parameters.json
model_not_observation,W,base,1811,57.75,10,1.25,1,0.025,69.15,42.1,30,17.5,0.775,44.75625,44,hull_readiness,38,6,13.75,44.75625,202125.0,154000,0.65,28.6,55,S01;S04;S05;S06;S07;S08;S11,F3_model_parameters.json
model_not_observation,W,base,1812,65.30625,10,1.44375,1,0.025,72.9265,44.074,30,17.5,0.775,50.612344,50,hull_readiness,43,7,15.30625,50.612344,228571.88,175000,0.65,32.5,55,S01;S04;S05;S06;S07;S08;S11,F3_model_parameters.json
model_not_observation,W,base,1813,72.673594,10,1.632656,1,0.025,76.363115,45.92956,30,17.5,0.775,56.322035,56,hull_readiness,49,7,16.673594,56.322035,254357.58,196000,0.65,36.4,55,S01;S04;S05;S06;S07;S08;S11,F3_model_parameters.json
model_not_observation,W,base,1814,79.856754,10,1.81684,1,0.025,79.490435,47.673786,30,17.5,0.775,61.863043,61,personnel,53,8,18.856754,61.888984,279498.64,213500,0.65,39.65,55,S01;S04;S05;S06;S07;S08;S11,F3_model_parameters.json
model_not_observation,W,base,1815,86.860335,10,1.996419,1,0.025,82.336296,49.313359,30,17.5,0.775,65.420369,65,personnel,56,9,21.860335,67.31676,304011.17,227500,0.65,42.25,55,S01;S04;S05;S06;S07;S08;S11,F3_model_parameters.json
model_not_observation,W,base,1816,90.017318,8.5,4.343017,1,0.05,84.926029,50.854558,30,17.5,0.775,68.657536,68,personnel,59,9,22.017318,69.763422,315060.61,238000,0.656667,44.6533,55,S01;S04;S05;S06;S07;S08;S11,F3_model_parameters.json
model_not_observation,W,base,1817,93.016452,8.5,4.500866,1,0.05,87.282686,52.303284,30,17.5,0.775,71.603358,71,personnel,62,9,22.016452,72.087751,325557.58,248500,0.663333,47.0967,55,S01;S04;S05;S06;S07;S08;S11,F3_model_parameters.json
model_not_observation,W,base,1818,95.86563,8.5,4.650823,1,0.05,89.427245,53.665087,30,17.5,0.775,74.284056,74,personnel,64,10,21.86563,74.295863,335529.7,259000,0.67,49.58,55,S01;S04;S05;S06;S07;S08;S11,F3_model_parameters.json
model_not_observation,W,base,1819,98.572348,8.5,4.793281,1,0.05,91.378793,54.945182,30,17.5,0.775,76.39357,76,hull_readiness,66,10,22.572348,76.39357,345003.22,266000,0.676667,51.4267,55,S01;S04;S05;S06;S07;S08;S11,F3_model_parameters.json
model_not_observation,W,base,1820,101.143731,8.5,4.928617,1,0.05,93.154701,56.148471,30,17.5,0.775,78.386391,78,hull_readiness,68,10,23.143731,78.386391,354003.06,273000,0.683333,53.3,55,S01;S04;S05;S06;S07;S08;S11,F3_model_parameters.json
model_not_observation,W,base,1821,102.086544,7,5.057187,1,0.05,94.770778,57.279563,30,17.5,0.775,79.117072,79,hull_readiness,69,10,23.086544,79.117072,357302.91,276500,0.69,54.51,55,S01;S04;S05;S06;S07;S08;S11,F3_model_parameters.json
model_not_observation,W,base,1822,102.982217,7,5.104327,1,0.05,96.241408,58.342789,30,17.5,0.775,79.811218,79,hull_readiness,69,10,23.982217,79.811218,360437.76,276500,0.696667,55.0367,55,S01;S04;S05;S06;S07;S08;S11,F3_model_parameters.json
model_not_observation,W,base,1823,103.833106,7,5.149111,1,0.05,97.579681,59.342222,30,17.5,0.775,80.470657,80,hull_readiness,70,10,23.833106,80.470657,363415.87,280000,0.703333,56.2667,55,S01;S04;S05;S06;S07;S08;S11,F3_model_parameters.json
model_not_observation,W,base,1824,104.641451,7,5.191655,1,0.05,98.79751,60.281688,30,17.5,0.775,81.097124,81,hull_readiness,70,11,23.641451,81.097124,366245.08,283500,0.71,57.51,55,S01;S04;S05;S06;S07;S08;S11,F3_model_parameters.json
model_not_observation,W,base,1825,105.409378,7,5.232073,1,0.05,99.905734,61.164787,30,17.5,0.775,81.692268,81,hull_readiness,70,11,24.409378,81.692268,368932.82,283500,0.716667,58.05,55,S01;S04;S05;S06;S07;S08;S11,F3_model_parameters.json
model_not_observation,W,base,1826,106.138909,7,5.270469,1,0.05,100.914218,61.9949,30,17.5,0.775,82.257655,82,hull_readiness,71,11,24.138909,82.257655,371486.18,287000,0.723333,59.3133,55,S01;S04;S05;S06;S07;S08;S11,F3_model_parameters.json
model_not_observation,W,base,1827,106.831964,7,5.306945,1,0.05,101.831938,62.775206,30,17.5,0.775,82.794772,82,hull_readiness,71,11,24.831964,82.794772,373911.87,287000,0.73,59.86,55,S01;S04;S05;S06;S07;S08;S11,F3_model_parameters.json
model_not_observation,W,base,1828,107.490366,7,5.341598,1,0.05,102.667064,63.508693,30,17.5,0.775,83.305033,83,hull_readiness,72,11,24.490366,83.305033,376216.28,290500,0.736667,61.1433,55,S01;S04;S05;S06;S07;S08;S11,F3_model_parameters.json
model_not_observation,W,base,1829,108.115848,7,5.374518,1,0.05,103.427028,64.198172,30,17.5,0.775,83.789782,83,hull_readiness,72,11,25.115848,83.789782,378405.47,290500,0.743333,61.6967,55,S01;S04;S05;S06;S07;S08;S11,F3_model_parameters.json
model_not_observation,W,base,1830,108.710055,7,5.405792,1,0.05,104.118596,64.846282,30,17.5,0.775,84.250293,84,hull_readiness,73,11,24.710055,84.250293,380485.19,294000,0.75,63.0,55,S01;S04;S05;S06;S07;S08;S11,F3_model_parameters.json
model_not_observation,W,base,1831,109.274552,7,5.435503,1,0.05,104.747922,65.455505,30,17.5,0.775,84.687778,84,hull_readiness,73,11,25.274552,84.687778,382460.93,294000,0.75,63.0,55,S01;S04;S05;S06;S07;S08;S11,F3_model_parameters.json
model_not_observation,W,base,1832,109.810825,7,5.463728,1,0.05,105.320609,66.028174,30,17.5,0.775,85.103389,85,hull_readiness,74,11,24.810825,85.103389,384337.89,297500,0.75,63.75,55,S01;S04;S05;S06;S07;S08;S11,F3_model_parameters.json
model_not_observation,W,base,1833,110.320284,7,5.490541,1,0.05,105.841754,66.566484,30,17.5,0.775,85.49822,85,hull_readiness,74,11,25.320284,85.49822,386120.99,297500,0.75,63.75,55,S01;S04;S05;S06;S07;S08;S11,F3_model_parameters.json
model_not_observation,W,base,1834,110.804269,7,5.516014,1,0.05,106.315996,67.072495,30,17.5,0.775,85.873309,85,hull_readiness,74,11,25.804269,85.873309,387814.94,297500,0.75,63.75,55,S01;S04;S05;S06;S07;S08;S11,F3_model_parameters.json
model_not_observation,W,base,1835,111.264056,7,5.540213,1,0.05,106.747557,67.548145,30,17.5,0.775,86.229643,86,hull_readiness,75,11,25.264056,86.229643,389424.2,301000,0.75,64.5,55,S01;S04;S05;S06;S07;S08;S11,F3_model_parameters.json
model_not_observation,W,high,1810,50,0,0,0,0.015,70,45,35,20,0.85,42.5,42,hull_readiness,39,3,8,42.5,190000,159600,0.75,31.5,80,S01;S04;S05;S06;S07;S08;S11,F3_model_parameters.json
model_not_observation,W,high,1811,60.75,12,0.75,0.5,0.015,76.4,47.75,35,20,0.85,51.6375,51,hull_readiness,48,3,9.75,51.6375,230850.0,193800,0.75,38.25,80,S01;S04;S05;S06;S07;S08;S11,F3_model_parameters.json
model_not_observation,W,high,1812,71.33875,12,0.91125,0.5,0.015,82.288,50.3625,35,20,0.85,59.11,59,personnel,56,3,12.33875,60.637937,271087.25,224200,0.75,44.25,80,S01;S04;S05;S06;S07;S08;S11,F3_model_parameters.json
model_not_observation,W,high,1813,81.768669,12,1.070081,0.5,0.015,87.70496,52.844375,35,20,0.85,65.8812,65,personnel,61,4,16.768669,69.503368,310720.94,247000,0.75,48.75,80,S01;S04;S05;S06;S07;S08;S11,F3_model_parameters.json
model_not_observation,W,high,1814,92.042139,12,1.22653,0.5,0.015,92.688563,55.202156,35,20,0.85,72.110704,72,personnel,68,4,20.042139,78.235818,349760.13,273600,0.75,54.0,80,S01;S04;S05;S06;S07;S08;S11,F3_model_parameters.json
model_not_observation,W,high,1815,102.161507,12,1.380632,0.5,0.015,97.273478,57.442048,35,20,0.85,77.841848,77,personnel,73,4,25.161507,86.837281,388213.73,292600,0.75,57.75,80,S01;S04;S05;S06;S07;S08;S11,F3_model_parameters.json
model_not_observation,W,high,1816,107.575046,10,4.08646,0.5,0.04,101.4916,59.569946,35,20,0.85,83.1145,83,personnel,78,5,24.575046,91.438789,408785.18,315400,0.756667,62.8033,80,S01;S04;S05;S06;S07;S08;S11,F3_model_parameters.json
model_not_observation,W,high,1817,112.772045,10,4.303002,0.5,0.04,105.372272,61.591449,35,20,0.85,87.96534,87,personnel,82,5,25.772045,95.856238,428533.77,330600,0.763333,66.41,80,S01;S04;S05;S06;S07;S08;S11,F3_model_parameters.json
model_not_observation,W,high,1818,117.761163,10,4.510882,0.5,0.04,108.94249,63.511876,35,20,0.85,92.428113,92,personnel,87,5,25.761163,100.096988,447492.42,349600,0.77,70.84,80,S01;S04;S05;S06;S07;S08;S11,F3_model_parameters.json
model_not_observation,W,high,1819,122.550716,10,4.710447,0.5,0.04,112.227091,65.336282,35,20,0.85,96.533864,96,personnel,91,5,26.550716,104.168109,465692.72,364800,0.776667,74.56,80,S01;S04;S05;S06;S07;S08;S11,F3_model_parameters.json
model_not_observation,W,high,1820,127.148688,10,4.902029,0.5,0.04,115.248924,67.069468,35,20,0.85,100.311155,100,personnel,95,5,27.148688,108.076384,483165.01,380000,0.783333,78.3333,80,S01;S04;S05;S06;S07;S08;S11,F3_model_parameters.json
model_not_observation,W,high,1821,129.56274,8,5.085948,0.5,0.04,118.02901,68.715995,35,20,0.85,103.786262,103,personnel,97,6,26.56274,110.128329,492338.41,391400,0.79,81.37,80,S01;S04;S05;S06;S07;S08;S11,F3_model_parameters.json
model_not_observation,W,high,1822,131.88023,8,5.18251,0.5,0.04,120.586689,70.280195,35,20,0.85,106.983361,106,personnel,100,6,25.88023,112.098196,501144.88,402800,0.796667,84.4467,80,S01;S04;S05;S06;S07;S08;S11,F3_model_parameters.json
model_not_observation,W,high,1823,134.105021,8,5.275209,0.5,0.04,122.939754,71.766185,35,20,0.85,109.924692,109,personnel,103,6,25.105021,113.989268,509599.08,414200,0.803333,87.5633,80,S01;S04;S05;S06;S07;S08;S11,F3_model_parameters.json
model_not_observation,W,high,1824,136.24082,8,5.364201,0.5,0.04,125.104574,73.177876,35,20,0.85,112.630717,112,personnel,106,6,24.24082,115.804697,517715.12,425600,0.81,90.72,80,S01;S04;S05;S06;S07;S08;S11,F3_model_parameters.json
model_not_observation,W,high,1825,138.291188,8,5.449633,0.5,0.04,127.096208,74.518982,35,20,0.85,115.12026,115,personnel,109,6,23.291188,117.547509,525506.51,437000,0.816667,93.9167,80,S01;S04;S05;S06;S07;S08;S11,F3_model_parameters.json
model_not_observation,W,high,1826,140.25954,8,5.531648,0.5,0.04,128.928511,75.793033,35,20,0.85,117.410639,117,personnel,111,6,23.25954,119.220609,532986.25,444600,0.823333,96.33,80,S01;S04;S05;S06;S07;S08;S11,F3_model_parameters.json
model_not_observation,W,high,1827,142.149158,8,5.610382,0.5,0.04,130.61423,77.003382,35,20,0.85,119.517788,119,personnel,113,6,23.149158,120.826785,540166.8,452200,0.83,98.77,80,S01;S04;S05;S06;S07;S08;S11,F3_model_parameters.json
model_not_observation,W,high,1828,143.963192,8,5.685966,0.5,0.04,132.165092,78.153212,35,20,0.85,121.456365,121,personnel,114,7,22.963192,122.368713,547060.13,459800,0.836667,101.2367,80,S01;S04;S05;S06;S07;S08;S11,F3_model_parameters.json
model_not_observation,W,high,1829,145.704664,8,5.758528,0.5,0.04,133.591884,79.245552,35,20,0.85,123.239856,123,personnel,116,7,22.704664,123.848965,553677.72,467400,0.843333,103.73,80,S01;S04;S05;S06;S07;S08;S11,F3_model_parameters.json
model_not_observation,W,high,1830,147.376478,8,5.828187,0.5,0.04,134.904534,80.283274,35,20,0.85,124.880667,124,personnel,117,7,23.376478,125.270006,560030.62,471200,0.85,105.4,80,S01;S04;S05;S06;S07;S08;S11,F3_model_parameters.json
model_not_observation,W,high,1831,148.981419,8,5.895059,0.5,0.04,136.112171,81.269111,35,20,0.85,126.390214,126,personnel,119,7,22.981419,126.634206,566129.39,478800,0.85,107.1,80,S01;S04;S05;S06;S07;S08;S11,F3_model_parameters.json
model_not_observation,W,high,1832,150.522162,8,5.959257,0.5,0.04,137.223197,82.205655,35,20,0.85,127.778997,127,personnel,120,7,23.522162,127.943838,571984.22,482600,0.85,107.95,80,S01;S04;S05;S06;S07;S08;S11,F3_model_parameters.json
model_not_observation,W,high,1833,152.001276,8,6.020886,0.5,0.04,138.245342,83.095372,35,20,0.85,129.056677,129,personnel,122,7,23.001276,129.201084,577604.85,490200,0.85,109.65,80,S01;S04;S05;S06;S07;S08;S11,F3_model_parameters.json
model_not_observation,W,high,1834,153.421225,8,6.080051,0.5,0.04,139.185714,83.940604,35,20,0.85,130.232143,130,personnel,123,7,23.421225,130.408041,583000.65,494000,0.85,110.5,80,S01;S04;S05;S06;S07;S08;S11,F3_model_parameters.json
model_not_observation,W,high,1835,154.784376,8,6.136849,0.5,0.04,140.050857,84.743573,35,20,0.85,131.313571,131,personnel,124,7,23.784376,131.566719,588180.63,497800,0.85,111.35,80,S01;S04;S05;S06;S07;S08;S11,F3_model_parameters.json
model_not_observation,P,low,1810,50,0,0,0,0.035,60,35,25,15,0.7,35.0,35,hull_readiness,28,7,15,35.0,160000,112000,0.55,19.25,30,S01;S04;S05;S06;S07;S08;S11,F3_model_parameters.json
model_not_observation,P,low,1811,54.75,8,1.75,1.5,0.035,62.0,36.55,25,15,0.7,38.325,38,hull_readiness,30,8,16.75,38.325,175200.0,121600,0.55,20.9,30,S01;S04;S05;S06;S07;S08;S11,F3_model_parameters.json
model_not_observation,P,low,1812,59.33375,8,1.91625,1.5,0.035,63.8,37.9915,25,15,0.7,41.533625,41,hull_readiness,32,9,18.33375,41.533625,189868.0,131200,0.55,22.55,30,S01;S04;S05;S06;S07;S08;S11,F3_model_parameters.json
model_not_observation,P,low,1813,63.757069,8,2.076681,1.5,0.035,65.42,39.332095,25,15,0.7,44.629948,44,hull_readiness,35,9,19.757069,44.629948,204022.62,140800,0.55,24.2,30,S01;S04;S05;S06;S07;S08;S11,F3_model_parameters.json
model_not_observation,P,low,1814,68.025571,8,2.231497,1.5,0.035,66.878,40.578848,25,15,0.7,47.6179,47,hull_readiness,37,10,21.025571,47.6179,217681.83,150400,0.55,25.85,30,S01;S04;S05;S06;S07;S08;S11,F3_model_parameters.json
model_not_observation,P,low,1815,72.144676,8,2.380895,1.5,0.035,68.1902,41.738329,25,15,0.7,50.501273,50,hull_readiness,40,10,22.144676,50.501273,230862.96,160000,0.55,27.5,30,S01;S04;S05;S06;S07;S08;S11,F3_model_parameters.json
model_not_observation,P,low,1816,76.698166,8,3.24651,0.2,0.045,72.098788,45.068796,35,20,0.8,46.373485,46,personnel,20,26,30.698166,61.358533,245434.13,147200,0.57,26.22,90,S01;S04;S05;S06;S07;S08;S11,F3_model_parameters.json
model_not_observation,P,low,1817,81.046748,8,3.451417,0.2,0.045,75.772861,48.266044,35,20,0.8,50.966076,50,personnel,22,28,31.046748,64.837399,259349.6,160000,0.59,29.5,90,S01;S04;S05;S06;S07;S08;S11,F3_model_parameters.json
model_not_observation,P,low,1818,85.199645,8,3.647104,0.2,0.045,79.226489,51.335402,35,20,0.8,55.283111,55,personnel,24,31,30.199645,68.159716,272638.86,176000,0.61,33.55,90,S01;S04;S05;S06;S07;S08;S11,F3_model_parameters.json
model_not_observation,P,low,1819,89.165661,8,3.833984,0.2,0.045,82.4729,54.281986,35,20,0.8,59.341125,59,personnel,26,33,30.165661,71.332529,285330.11,188800,0.63,37.17,90,S01;S04;S05;S06;S07;S08;S11,F3_model_parameters.json
model_not_observation,P,low,1820,92.953206,8,4.012455,0.2,0.045,85.524526,57.110707,35,20,0.8,63.155657,63,personnel,28,35,29.953206,74.362565,297450.26,201600,0.65,40.95,90,S01;S04;S05;S06;S07;S08;S11,F3_model_parameters.json
model_not_observation,P,low,1821,94.570312,6,4.182894,0.2,0.045,88.393054,59.826278,40,23,0.8,60.491318,60,personnel,27,33,34.570312,75.656249,302625.0,192000,0.67,40.2,90,S01;S04;S05;S06;S07;S08;S11,F3_model_parameters.json
model_not_observation,P,low,1822,96.114648,6,4.255664,0.2,0.045,91.089471,62.433227,40,23,0.8,63.861839,63,personnel,28,35,33.114648,76.891718,307566.87,201600,0.69,43.47,90,S01;S04;S05;S06;S07;S08;S11,F3_model_parameters.json
model_not_observation,P,low,1823,97.589489,6,4.325159,0.2,0.045,93.624103,64.935898,40,23,0.8,67.030128,67,personnel,30,37,30.589489,78.071591,312286.36,214400,0.71,47.57,90,S01;S04;S05;S06;S07;S08;S11,F3_model_parameters.json
model_not_observation,P,low,1824,98.997962,6,4.391527,0.2,0.045,96.006657,67.338462,40,23,0.8,70.008321,70,personnel,31,39,28.997962,79.198369,316793.48,224000,0.73,51.1,90,S01;S04;S05;S06;S07;S08;S11,F3_model_parameters.json
model_not_observation,P,low,1825,100.343053,6,4.454908,0.2,0.045,98.246257,69.644924,40,23,0.8,72.807821,72,personnel,32,40,28.343053,80.274443,321097.77,230400,0.75,54.0,90,S01;S04;S05;S06;S07;S08;S11,F3_model_parameters.json
model_not_observation,P,low,1826,101.627616,6,4.515437,0.2,0.045,100.351482,71.859127,40,23,0.8,75.439352,75,personnel,33,42,26.627616,81.302093,325208.37,240000,0.77,57.75,90,S01;S04;S05;S06;S07;S08;S11,F3_model_parameters.json
model_not_observation,P,low,1827,102.854373,6,4.573243,0.2,0.045,102.330393,73.984762,40,23,0.8,77.912991,77,personnel,34,43,25.854373,82.283499,329133.99,246400,0.79,60.83,90,S01;S04;S05;S06;S07;S08;S11,F3_model_parameters.json
model_not_observation,P,low,1828,104.025926,6,4.628447,0.2,0.045,104.190569,76.025371,40,23,0.8,80.238212,80,personnel,36,44,24.025926,83.220741,332882.96,256000,0.81,64.8,90,S01;S04;S05;S06;S07;S08;S11,F3_model_parameters.json
model_not_observation,P,low,1829,105.14476,6,4.681167,0.2,0.045,105.939135,77.984356,40,23,0.8,82.423919,82,personnel,36,46,23.14476,84.115808,336463.23,262400,0.83,68.06,90,S01;S04;S05;S06;S07;S08;S11,F3_model_parameters.json
model_not_observation,P,low,1830,106.213246,6,4.731514,0.2,0.045,107.582787,79.864982,40,23,0.8,84.478484,84,personnel,37,47,22.213246,84.970596,339882.39,268800,0.85,71.4,90,S01;S04;S05;S06;S07;S08;S11,F3_model_parameters.json
model_not_observation,P,low,1831,107.233649,6,4.779596,0.2,0.045,109.12782,81.670383,40,23,0.8,85.78692,85,hull_readiness,38,47,22.233649,85.78692,343147.68,272000,0.85,72.25,90,S01;S04;S05;S06;S07;S08;S11,F3_model_parameters.json
model_not_observation,P,low,1832,108.208135,6,4.825514,0.2,0.045,110.580151,83.403568,40,23,0.8,86.566508,86,hull_readiness,38,48,22.208135,86.566508,346266.03,275200,0.85,73.1,90,S01;S04;S05;S06;S07;S08;S11,F3_model_parameters.json
model_not_observation,P,low,1833,109.138769,6,4.869366,0.2,0.045,111.945342,85.067425,40,23,0.8,87.311015,87,hull_readiness,39,48,22.138769,87.311015,349244.06,278400,0.85,73.95,90,S01;S04;S05;S06;S07;S08;S11,F3_model_parameters.json
model_not_observation,P,low,1834,110.027525,6,4.911245,0.2,0.045,113.228621,86.664728,40,23,0.8,88.02202,88,hull_readiness,39,49,22.027525,88.02202,352088.08,281600,0.85,74.8,90,S01;S04;S05;S06;S07;S08;S11,F3_model_parameters.json
model_not_observation,P,low,1835,110.876286,6,4.951239,0.2,0.045,114.434904,88.198139,40,23,0.8,88.701029,88,hull_readiness,39,49,22.876286,88.701029,354804.12,281600,0.85,74.8,90,S01;S04;S05;S06;S07;S08;S11,F3_model_parameters.json
model_not_observation,P,base,1810,50,0,0,0,0.025,65,40,30,17.5,0.775,38.75,38,hull_readiness,33,5,12,38.75,175000,133000,0.65,24.7,55,S01;S04;S05;S06;S07;S08;S11,F3_model_parameters.json
model_not_observation,P,base,1811,57.75,10,1.25,1,0.025,69.15,42.1,30,17.5,0.775,44.75625,44,hull_readiness,38,6,13.75,44.75625,202125.0,154000,0.65,28.6,55,S01;S04;S05;S06;S07;S08;S11,F3_model_parameters.json
model_not_observation,P,base,1812,65.30625,10,1.44375,1,0.025,72.9265,44.074,30,17.5,0.775,50.612344,50,hull_readiness,43,7,15.30625,50.612344,228571.88,175000,0.65,32.5,55,S01;S04;S05;S06;S07;S08;S11,F3_model_parameters.json
model_not_observation,P,base,1813,72.673594,10,1.632656,1,0.025,76.363115,45.92956,30,17.5,0.775,56.322035,56,hull_readiness,49,7,16.673594,56.322035,254357.58,196000,0.65,36.4,55,S01;S04;S05;S06;S07;S08;S11,F3_model_parameters.json
model_not_observation,P,base,1814,79.856754,10,1.81684,1,0.025,79.490435,47.673786,30,17.5,0.775,61.863043,61,personnel,53,8,18.856754,61.888984,279498.64,213500,0.65,39.65,55,S01;S04;S05;S06;S07;S08;S11,F3_model_parameters.json
model_not_observation,P,base,1815,86.860335,10,1.996419,1,0.025,82.336296,49.313359,30,17.5,0.775,65.420369,65,personnel,56,9,21.860335,67.31676,304011.17,227500,0.65,42.25,55,S01;S04;S05;S06;S07;S08;S11,F3_model_parameters.json
model_not_observation,P,base,1816,92.285922,9,3.474413,0.1,0.04,86.807799,53.087392,35,20,0.85,64.759749,64,personnel,35,29,28.285922,78.443033,323000.73,224000,0.668333,42.7733,120,S01;S04;S05;S06;S07;S08;S11,F3_model_parameters.json
model_not_observation,P,base,1817,97.494485,9,3.691437,0.1,0.04,91.03337,56.729333,35,20,0.85,70.041713,70,personnel,38,32,27.494485,82.870312,341230.7,245000,0.686667,48.0667,120,S01;S04;S05;S06;S07;S08;S11,F3_model_parameters.json
model_not_observation,P,base,1818,102.494705,9,3.899779,0.1,0.04,95.026535,60.243806,35,20,0.85,75.033169,75,personnel,41,34,27.494705,87.1205,358731.47,262500,0.705,52.875,120,S01;S04;S05;S06;S07;S08;S11,F3_model_parameters.json
model_not_observation,P,base,1819,107.294917,9,4.099788,0.1,0.04,98.800076,63.635273,35,20,0.85,79.750094,79,personnel,43,36,28.294917,91.20068,375532.21,276500,0.723333,57.1433,120,S01;S04;S05;S06;S07;S08;S11,F3_model_parameters.json
model_not_observation,P,base,1820,111.90312,9,4.291797,0.1,0.04,102.366071,66.908039,35,20,0.85,84.207589,84,personnel,46,38,27.90312,95.117652,391660.92,294000,0.741667,62.3,120,S01;S04;S05;S06;S07;S08;S11,F3_model_parameters.json
model_not_observation,P,base,1821,114.326996,7,4.476125,0.1,0.04,105.735937,70.066257,40,23,0.85,82.169922,82,personnel,45,37,32.326996,97.177946,400144.48,287000,0.76,62.32,120,S01;S04;S05;S06;S07;S08;S11,F3_model_parameters.json
model_not_observation,P,base,1822,116.653916,7,4.57308,0.1,0.04,108.920461,73.113938,40,23,0.85,86.150576,86,personnel,47,39,30.653916,99.155828,408288.71,301000,0.778333,66.9367,120,S01;S04;S05;S06;S07;S08;S11,F3_model_parameters.json
model_not_observation,P,base,1823,118.887759,7,4.666157,0.1,0.04,111.929836,76.05495,40,23,0.85,89.912294,89,personnel,48,41,29.887759,101.054595,416107.16,311500,0.796667,70.9033,120,S01;S04;S05;S06;S07;S08;S11,F3_model_parameters.json
model_not_observation,P,base,1824,121.032249,7,4.75551,0.1,0.04,114.773695,78.893027,40,23,0.85,93.467118,93,personnel,51,42,28.032249,102.877412,423612.87,325500,0.815,75.795,120,S01;S04;S05;S06;S07;S08;S11,F3_model_parameters.json
model_not_observation,P,base,1825,123.090959,7,4.84129,0.1,0.04,117.461141,81.631771,40,23,0.85,96.826427,96,personnel,52,44,27.090959,104.627315,430818.36,336000,0.833333,80.0,120,S01;S04;S05;S06;S07;S08;S11,F3_model_parameters.json
model_not_observation,P,base,1826,125.067321,7,4.923638,0.1,0.04,120.000779,84.274659,40,23,0.85,100.000973,100,personnel,55,45,25.067321,106.307222,437735.62,350000,0.851667,85.1667,120,S01;S04;S05;S06;S07;S08;S11,F3_model_parameters.json
model_not_observation,P,base,1827,126.964628,7,5.002693,0.1,0.04,122.400736,86.825046,40,23,0.85,103.00092,103,personnel,56,47,23.964628,107.919934,444376.2,360500,0.87,89.61,120,S01;S04;S05;S06;S07;S08;S11,F3_model_parameters.json
model_not_observation,P,base,1828,128.786043,7,5.078585,0.1,0.04,124.668695,89.286169,40,23,0.85,105.835869,105,personnel,57,48,23.786043,109.468136,450751.15,367500,0.888333,93.275,120,S01;S04;S05;S06;S07;S08;S11,F3_model_parameters.json
model_not_observation,P,base,1829,130.534601,7,5.151442,0.1,0.04,126.811917,91.661154,40,23,0.85,108.514896,108,personnel,59,49,22.534601,110.954411,456871.1,378000,0.906667,97.92,120,S01;S04;S05;S06;S07;S08;S11,F3_model_parameters.json
model_not_observation,P,base,1830,132.213217,7,5.221384,0.1,0.04,128.837262,93.953013,40,23,0.85,111.046577,111,personnel,61,50,21.213217,112.381234,462746.26,388500,0.925,102.675,120,S01;S04;S05;S06;S07;S08;S11,F3_model_parameters.json
model_not_observation,P,base,1831,133.824688,7,5.288529,0.1,0.04,130.751212,96.164658,40,23,0.85,113.439015,113,personnel,62,51,20.824688,113.750985,468386.41,395500,0.925,104.525,120,S01;S04;S05;S06;S07;S08;S11,F3_model_parameters.json
model_not_observation,P,base,1832,135.371701,7,5.352988,0.1,0.04,132.559896,98.298895,40,23,0.85,115.065946,115,hull_readiness,63,52,20.371701,115.065946,473800.95,402500,0.925,106.375,120,S01;S04;S05;S06;S07;S08;S11,F3_model_parameters.json
model_not_observation,P,base,1833,136.856833,7,5.414868,0.1,0.04,134.269101,100.358433,40,23,0.85,116.328308,116,hull_readiness,63,53,20.856833,116.328308,478998.91,406000,0.925,107.3,120,S01;S04;S05;S06;S07;S08;S11,F3_model_parameters.json
model_not_observation,P,base,1834,138.282559,7,5.474273,0.1,0.04,135.884301,102.345888,40,23,0.85,117.540175,117,hull_readiness,64,53,21.282559,117.540175,483988.96,409500,0.925,108.225,120,S01;S04;S05;S06;S07;S08;S11,F3_model_parameters.json
model_not_observation,P,base,1835,139.651257,7,5.531302,0.1,0.04,137.410664,104.263782,40,23,0.85,118.703568,118,hull_readiness,64,54,21.651257,118.703568,488779.4,413000,0.925,109.15,120,S01;S04;S05;S06;S07;S08;S11,F3_model_parameters.json
model_not_observation,P,high,1810,50,0,0,0,0.015,70,45,35,20,0.85,42.5,42,hull_readiness,39,3,8,42.5,190000,159600,0.75,31.5,80,S01;S04;S05;S06;S07;S08;S11,F3_model_parameters.json
model_not_observation,P,high,1811,60.75,12,0.75,0.5,0.015,76.4,47.75,35,20,0.85,51.6375,51,hull_readiness,48,3,9.75,51.6375,230850.0,193800,0.75,38.25,80,S01;S04;S05;S06;S07;S08;S11,F3_model_parameters.json
model_not_observation,P,high,1812,71.33875,12,0.91125,0.5,0.015,82.288,50.3625,35,20,0.85,59.11,59,personnel,56,3,12.33875,60.637937,271087.25,224200,0.75,44.25,80,S01;S04;S05;S06;S07;S08;S11,F3_model_parameters.json
model_not_observation,P,high,1813,81.768669,12,1.070081,0.5,0.015,87.70496,52.844375,35,20,0.85,65.8812,65,personnel,61,4,16.768669,69.503368,310720.94,247000,0.75,48.75,80,S01;S04;S05;S06;S07;S08;S11,F3_model_parameters.json
model_not_observation,P,high,1814,92.042139,12,1.22653,0.5,0.015,92.688563,55.202156,35,20,0.85,72.110704,72,personnel,68,4,20.042139,78.235818,349760.13,273600,0.75,54.0,80,S01;S04;S05;S06;S07;S08;S11,F3_model_parameters.json
model_not_observation,P,high,1815,102.161507,12,1.380632,0.5,0.015,97.273478,57.442048,35,20,0.85,77.841848,77,personnel,73,4,25.161507,86.837281,388213.73,292600,0.75,57.75,80,S01;S04;S05;S06;S07;S08;S11,F3_model_parameters.json
model_not_observation,P,high,1816,108.585854,10,3.575653,0,0.035,102.409804,61.718787,35,20,0.9,84.262255,84,personnel,54,30,24.585854,97.727269,412626.24,319200,0.766667,64.4,150,S01;S04;S05;S06;S07;S08;S11,F3_model_parameters.json
model_not_observation,P,high,1817,114.785349,10,3.800505,0,0.035,107.289314,65.867223,35,20,0.9,90.361643,90,personnel,58,32,24.785349,103.306814,436184.33,342000,0.783333,70.5,150,S01;S04;S05;S06;S07;S08;S11,F3_model_parameters.json
model_not_observation,P,high,1818,120.767862,10,4.017487,0,0.035,111.924848,69.891207,35,20,0.9,96.15606,96,personnel,62,34,24.767862,108.691076,458917.87,364800,0.8,76.8,150,S01;S04;S05;S06;S07;S08;S11,F3_model_parameters.json
model_not_observation,P,high,1819,126.540987,10,4.226875,0,0.035,116.328606,73.79447,35,20,0.9,101.660757,101,personnel,65,36,25.540987,113.886888,480855.75,383800,0.816667,82.4833,150,S01;S04;S05;S06;S07;S08;S11,F3_model_parameters.json
model_not_observation,P,high,1820,132.112052,10,4.428935,0,0.035,120.512176,77.580636,35,20,0.9,106.89022,106,personnel,68,38,26.112052,118.900847,502025.8,402800,0.833333,88.3333,150,S01;S04;S05;S06;S07;S08;S11,F3_model_parameters.json
model_not_observation,P,high,1821,135.48813,8,4.623922,0,0.035,124.486567,81.253217,40,23,0.9,105.608209,105,personnel,68,37,30.48813,121.939317,514854.9,399000,0.85,89.25,150,S01;S04;S05;S06;S07;S08;S11,F3_model_parameters.json
model_not_observation,P,high,1822,138.746046,8,4.742085,0,0.035,128.262238,84.815621,40,23,0.9,110.327798,110,personnel,71,39,28.746046,124.871441,527234.97,418000,0.866667,95.3333,150,S01;S04;S05;S06;S07;S08;S11,F3_model_parameters.json
model_not_observation,P,high,1823,141.889934,8,4.856112,0,0.035,131.849127,88.271152,40,23,0.9,114.811408,114,personnel,74,40,27.889934,127.700941,539181.75,433200,0.883333,100.7,150,S01;S04;S05;S06;S07;S08;S11,F3_model_parameters.json
model_not_observation,P,high,1824,144.923786,8,4.966148,0,0.035,135.25667,91.623018,40,23,0.9,119.070838,119,personnel,77,42,25.923786,130.431408,550710.39,452200,0.9,107.1,150,S01;S04;S05;S06;S07;S08;S11,F3_model_parameters.json
model_not_observation,P,high,1825,147.851454,8,5.072333,0,0.035,138.493837,94.874327,40,23,0.9,123.117296,123,personnel,79,44,24.851454,133.066309,561835.52,467400,0.916667,112.75,150,S01;S04;S05;S06;S07;S08;S11,F3_model_parameters.json
model_not_observation,P,high,1826,150.676653,8,5.174801,0,0.035,141.569145,98.028097,40,23,0.9,126.961431,126,personnel,81,45,24.676653,135.608988,572571.28,478800,0.933333,117.6,150,S01;S04;S05;S06;S07;S08;S11,F3_model_parameters.json
model_not_observation,P,high,1827,153.40297,8,5.273683,0,0.035,144.490688,101.087254,40,23,0.9,130.61336,130,personnel,84,46,23.40297,138.062673,582931.29,494000,0.95,123.5,150,S01;S04;S05;S06;S07;S08;S11,F3_model_parameters.json
model_not_observation,P,high,1828,156.033866,8,5.369104,0,0.035,147.266153,104.054637,40,23,0.9,134.082692,134,personnel,87,47,22.033866,140.43048,592928.69,509200,0.966667,129.5333,150,S01;S04;S05;S06;S07;S08;S11,F3_model_parameters.json
model_not_observation,P,high,1829,158.572681,8,5.461185,0,0.035,149.902846,106.932998,40,23,0.9,137.378557,137,personnel,89,48,21.572681,142.715413,602576.19,520600,0.983333,134.7167,150,S01;S04;S05;S06;S07;S08;S11,F3_model_parameters.json
model_not_observation,P,high,1830,161.022637,8,5.550044,0,0.035,152.407703,109.725008,40,23,0.9,140.509629,140,personnel,91,49,21.022637,144.920373,611886.02,532000,1.0,140.0,150,S01;S04;S05;S06;S07;S08;S11,F3_model_parameters.json
model_not_observation,P,high,1831,163.386845,8,5.635792,0,0.035,154.787318,112.433257,40,23,0.9,143.484148,143,personnel,92,51,20.386845,147.04816,620870.01,543400,1.0,143.0,150,S01;S04;S05;S06;S07;S08;S11,F3_model_parameters.json
model_not_observation,P,high,1832,165.668305,8,5.71854,0,0.035,157.047952,115.06026,40,23,0.9,146.30994,146,personnel,94,52,19.668305,149.101475,629539.56,554800,1.0,146.0,150,S01;S04;S05;S06;S07;S08;S11,F3_model_parameters.json
model_not_observation,P,high,1833,167.869915,8,5.798391,0,0.035,159.195555,117.608452,40,23,0.9,148.994443,148,personnel,96,52,19.869915,151.082923,637905.68,562400,1.0,148.0,150,S01;S04;S05;S06;S07;S08;S11,F3_model_parameters.json
model_not_observation,P,high,1834,169.994468,8,5.875447,0,0.035,161.235777,120.080198,40,23,0.9,151.544721,151,personnel,98,53,18.994468,152.995021,645978.98,573800,1.0,151.0,150,S01;S04;S05;S06;S07;S08;S11,F3_model_parameters.json
model_not_observation,P,high,1835,172.044661,8,5.949806,0,0.035,163.173988,122.477792,40,23,0.9,153.967485,153,personnel,99,54,19.044661,154.840195,653769.71,581400,1.0,153.0,150,S01;S04;S05;S06;S07;S08;S11,F3_model_parameters.json
