track,year,region,event
hist,1812,valais,进入阶段2（功能整合）
hist,1812,catalonia,脱离（叛离或被外敌夺取）
flash,1812,valais,进入阶段2（功能整合）
flash,1812,catalonia,脱离（叛离或被外敌夺取）
flash,1815,holland,脱离（叛离或被外敌夺取）
flash,1815,hanseatic,脱离（叛离或被外敌夺取）
flash,1815,spain_ebro,脱离（叛离或被外敌夺取）
flash,1817,rome,脱离（叛离或被外敌夺取）
flash,1817,illyria,脱离（叛离或被外敌夺取）
flash,1821,north_italy,藩属或同盟改换保护人
flash,1821,south_germany,藩属或同盟改换保护人
flash,1821,naples,藩属或同盟改换保护人
flash,1821,switzerland,藩属或同盟改换保护人
flash,1821,warsaw,藩属或同盟改换保护人
flash,1822,spain_rest,放弃（按轨道日程撤出）
flash,1829,valais,进入阶段3（政治整合）
trackA,1812,valais,进入阶段2（功能整合）
trackA,1814,valais,进入阶段3（政治整合）
trackA,1815,tuscany,进入阶段2（功能整合）
trackB,1811,parma,进入阶段2（功能整合）
trackB,1812,tuscany,进入阶段2（功能整合）
trackB,1812,valais,进入阶段2（功能整合）
trackB,1814,valais,进入阶段3（政治整合）
trackB,1814,berg,进入阶段2（功能整合）
trackB,1829,berg,进入阶段3（政治整合）
trackB,1836,tuscany,进入阶段3（政治整合）
trackC,1811,parma,进入阶段2（功能整合）
trackC,1812,tuscany,进入阶段2（功能整合）
trackC,1812,valais,进入阶段2（功能整合）
trackC,1813,berg,进入阶段2（功能整合）
trackC,1814,valais,进入阶段3（政治整合）
trackC,1819,tuscany,进入阶段3（政治整合）
trackC,1827,berg,进入阶段3（政治整合）
trackC,1827,west_rest,进入阶段2（功能整合）
trackC,1829,westphalia,进入阶段2（功能整合）
trackC,1835,north_italy,进入阶段2（功能整合）
trackC,1839,west_rest,进入阶段3（政治整合）
trackC,1842,parma,进入阶段3（政治整合）
