id,category,scope,unfinished,completion
U001,作者选择未完成,M001–M010、M014–M039,统一1807主线的疆域、海战状态、盟军与现金、1830及1848终局。,明确基准、次选和改变排序的条件；别再把缺少未发生历史的数据当作停止判断的理由。
U002,现有材料可先联算,M006–M008、M010、M012,舰队规模、人员流入、实付预算、安特卫普条款尚未落入同一方案。,先选择一套有余量的组合，再给英国应对；需要新增实际成本资料的输入另列，不以无限搜集拖延基准。
U003,既有书目待恢复定位,C048–C100等新增条目,找到书名并未完成逐数逐引语定位。,先查现存摘录、扫描和研究卡，记录页/表/条款；已有来源补定位，不把每项都说成无数据。
U004,现存文本待原页核对,L009；Dincecco表6,研究卡明确尚未原页图像核对表格。,用实际刊本图像复核列、z值与页码；完成前可写机制，不把文本抽取值冒充最终核验值。
U005,版本比较未完成,L008；Buggle2013/2016,已读2013工作稿，终版变化尚未核对。,可以先规范引用2013稿及限制；如使用2016结论，须另读该版，不以刊发年份装饰早稿数据。
U006,数据导出定义待恢复,SlaveVoyages；C063,估算表的版本、筛选条件与计数对象未公开。,恢复实际导出及查询设置；恢复前不要将精确总数称为可复现。
U007,直接引语逐字核验未完成,89候选中9个直接/法律/混合引语语境,上下文分类已做，不等于法文、英文、中文译文全部逐字相符。,按实际版本核字句、删节、说话者和转引关系；89候选也未穷尽全书所有短引语。
U008,完整数字回源未完成,526数字段；1787研究数字候选,尚有数字换单位、相邻引用、重复资料和已纠正旧结论需要人工判别。,逐项给原值、单位、年份、分母、正文位置与采用/排除理由；关键词未命中不等于漏料。
U009,旧任务闭环核定未完成,702原研究未完事项候选,旧卡的“待补”可能已被后续卡解决。,同一研究问题沿时间链追到最后状态；区分已解决、原料已存待提取、外部待取和不适用。
U010,全工程语义覆盖未完成,73个研究卡目录及downloads、长卷与缓存,目录、去重和440顶层文本筛查尚未变成每条有效证据的采用清单。,来源家族→证据项→正文位置→引注；未用项逐条说明重复、被纠正、低相关或仍待核。
U011,原始档案层核验未完成,经编本、书评和网页转录使用的历史文书,本地保存与阅读研究文章都不等于看过其引用的原档。,保留转引标记与版本；无需装作所有档案亲阅才能写作，但必须如实呈现证据层级。
U012,读者版视觉与全链接核验未完成,当前书稿HTML与学术附件,本轮只核源文件与审计产物结构，未做整本逐屏视觉检查及全部外链可访问性验证。,统一注释与书目后检验脚注跳转、长表、移动窄屏和读者可取得的模型附件。
