id,kind,location,label,quotation,problem,repair,status,group
C048,正文引注题录/定位/转引链,05_大西洋与美洲.md:25,I001,"这个美国并非1848年版美国的缩小模型。1810年联邦人口普查约724万人，1820年约964万，1830年约1,287万，统计包括被奴役人口；这些人口既不是可自由征调的士兵，也不是一个政治利益一致的市场。南方种植园、北部船主、西部移民和原住民社会，承受的是不同的战争与贸易后果。（美国历次人口普查；Timothy Pitkin，*A Statistical View of the Commerce of the United States*，1835年版。）",人口、军备、关税收入或棉织品数据分别涉及不同原表，当前仅称历次人口普查、制造业统计、财政收入表或棉织品出口表，没有完整表题、页码或表号。I006另将Perkins笼统并列。,按每项数字列人口普查发布机构、普查年度及所用表；Pitkin补1835版实际页/原表题，区分与Perkins的支持范围。,已确认引注形式或定位缺口；并未据此判为史实错误,G01 人口普查与Pitkin统计表
C049,正文引注题录/定位/转引链,05_大西洋与美洲.md:60,I006,更何况，美国当时缺少支撑大规模远征的常备机器。1812年1月，众议院以62票对59票否决建设12艘战列舰和20艘护卫舰的方案；同年头几个月的陆军招募进展也远低于纸面目标。1810年统计中的269家棉纺厂和153座炼铁高炉，说明工业正在成长，却不是随时可与英国拼舰队的成熟工业体系。（Perkins，相关军事财政章节；Pitkin，制造业统计。）,人口、军备、关税收入或棉织品数据分别涉及不同原表，当前仅称历次人口普查、制造业统计、财政收入表或棉织品出口表，没有完整表题、页码或表号。I006另将Perkins笼统并列。,按每项数字列人口普查发布机构、普查年度及所用表；Pitkin补1835版实际页/原表题，区分与Perkins的支持范围。,已确认引注形式或定位缺口；并未据此判为史实错误,G01 人口普查与Pitkin统计表
C050,正文引注题录/定位/转引链,05_大西洋与美洲.md:62,I007,"美国政府自身也依赖贸易。皮特金所列海关净收入，1807年约15,845,521美元，1808年反而升到16,363,550——因为其中包含对先前进口征收的税；1809年才降至7,296,020，1810年为8,583,309。税收滞后说明，禁运当年的高收入不是禁运有效的证据。1827—1833年海关收入逐渐达到约2,000万—2,900万美元量级，但收入增长与议会愿意拨款造舰仍是两回事。（Pitkin，财政收入表。）",人口、军备、关税收入或棉织品数据分别涉及不同原表，当前仅称历次人口普查、制造业统计、财政收入表或棉织品出口表，没有完整表题、页码或表号。I006另将Perkins笼统并列。,按每项数字列人口普查发布机构、普查年度及所用表；Pitkin补1835版实际页/原表题，区分与Perkins的支持范围。,已确认引注形式或定位缺口；并未据此判为史实错误,G01 人口普查与Pitkin统计表
C051,正文引注题录/定位/转引链,05_大西洋与美洲.md:66,I008,"美国后来还会成为工业品供给者。1833年其本国产棉织品出口约2,532,567美元，其中90万以上输往墨西哥，约213,000输往中国。禁运时期的进口替代有助于某些产业成长，但战争也损失市场、原料与信用；“封锁越久，1848年美国工业必定越大”并没有被这张贸易表证明。（Pitkin，棉织品出口表；Irwin，禁运研究。）",人口、军备、关税收入或棉织品数据分别涉及不同原表，当前仅称历次人口普查、制造业统计、财政收入表或棉织品出口表，没有完整表题、页码或表号。I006另将Perkins笼统并列。,按每项数字列人口普查发布机构、普查年度及所用表；Pitkin补1835版实际页/原表题，区分与Perkins的支持范围。,已确认引注形式或定位缺口；并未据此判为史实错误,G01 人口普查与Pitkin统计表
C052,正文引注题录/定位/转引链,05_大西洋与美洲.md:54,I004,"1807年的英国枢密院令、法国柏林和米兰法令，都把中立国拉进经济战争。英国强征水手又造成主权冲突，但相关数字须辨明：门罗提交的6,257项案件不是6,257名身份、国籍和服役经过均已核定的人；联邦党人所宣传的极低数字也有政治用途。实际释放记录表明问题真实且规模显著，结论不依赖挑选一个最有利的整数。（Perkins，*Prologue to War*，有关强征水手与外交交涉诸章。）",强征水手的具体数量，只定位到“有关强征水手与外交交涉诸章”；已知书的题录不等于具体统计已定位。,补实际页或明确的章节、表题，并核清个案数、人员数及时间窗口。,已确认引注形式或定位缺口；并未据此判为史实错误,G02 Perkins：强征水手
C053,正文引注题录/定位/转引链,05_大西洋与美洲.md:82,I010,"圣多明各远征不是可以在地图上重新点选的无成本选项。吉拉尔研究法国海军档案后指出，1802年春集结的舰队包括32艘战列舰和22艘护卫舰，涉及法国海军极大一部分力量；后续18个月又不断消耗舰船和熟练人员。首批约19,500名士兵只是第一波，不是整个远征累计投入。（Philippe R. Girard，〈The “Ugly Duckling” of the French Navy: The Saint-Domingue Expedition of 1802〉，*International Journal of Naval History*。）",文章有作者和完整题名，但期刊年卷期、公开入口均缺；续段的损失数字也未落实到表或小节。,补该文实际发表信息；无页码网页可用稳定网址、小节和表题，不能补造纸本页码。,已确认引注形式或定位缺口；并未据此判为史实错误,G03 Girard：圣多明各海军损失
C054,正文引注题录/定位/转引链,05_大西洋与美洲.md:84,I011,"死亡数字因是否计入后续补充、海军和失踪者而不同：名册能确认的军人死亡下限与合计5万—6万的估计，不应当作两个独立群体相加。海军损失尤为要紧。约8,000名海军人员死亡、其中约6,000可视为额外损失的估计，置于法国约8万水手的人力池中，说明损害不只是少一支陆军；它直接侵蚀了往后与皇家海军竞争所需的熟练人员。（Girard，同上；数字均属该研究估计口径。）",文章有作者和完整题名，但期刊年卷期、公开入口均缺；续段的损失数字也未落实到表或小节。,补该文实际发表信息；无页码网页可用稳定网址、小节和表题，不能补造纸本页码。,已确认引注形式或定位缺口；并未据此判为史实错误,G03 Girard：圣多明各海军损失
C055,正文引注题录/定位/转引链,05_大西洋与美洲.md:96,I013,如果法国承认黑人自由，本地军队可能成为防务伙伴；如果法国坚持恢复奴隶制度，这个最重要的人力来源就会成为抵抗力量。这不是一句道德评价替代军事分析，而是战争本身的组织逻辑。1801年11月拿破仑公开向居民宣布“vous êtes tous libres et égaux”，即人人自由而平等；1802年6月14日德克雷给勒克莱尔的秘密指令，却谋划最终让人们回到“原来的状态”。公开承诺与秘密目标之间的裂口，使“先投降、以后保障自由”越来越缺少可信度。（拿破仑1801年11月8日告示；德克雷1802年6月14日秘密指令，见圣多明各远征文书与前期研究引录。）,日期已经给出，但直接引语和复奴意图的解释只称“远征文书与前期研究引录”；未交代实际读到的文书版本或转引出处。,分别列1801年11月8日告示、1802年6月14日指令的版本、收件对象及卷页/文号；通过研究转引的须标完整转引链。,已确认引注形式或定位缺口；并未据此判为史实错误,G04 圣多明各告示与秘密指令
C056,正文引注题录/定位/转引链,05_大西洋与美洲.md:98,I014,1802年5月20日法律本身须精读：它维持的是亚眠和约归还殖民地及好望角以东法国殖民地的奴隶制度，不是一条已经在圣多明各全境实际执行的普遍复奴令。瓜德罗普随后复奴的军事过程、法国对有色人种入境与部分教育活动的限制，则让海地人有充分理由担心自身前途。法律适用范围与殖民政策总体方向，需要同时交代。（Frédéric Régent、Frédéric Trani等对1802年殖民政策的研究；Trani，*La Révolution française*，16，2019。）,Régent作品未给题名；Trani只给刊物期号与年份；“法国海外档案馆相关历史说明”不是可查的具体文献。三处支撑不同殖民地政策与人口损失。,补各作品题名、网址/页或段；分清瓜德罗普、马提尼克和圣多明各各自适用的法令与统计。,已确认引注形式或定位缺口；并未据此判为史实错误,G05 Trani、Régent及海外档案说明
C057,正文引注题录/定位/转引链,05_大西洋与美洲.md:162,I020,海地“向外输出革命”的威胁也须分清事实与宣传。法国人员罗贝尔若·拉蒂格关于德萨林策划邻岛大屠杀的报告，后来在波旁复辟背景下出版，缺乏可核的人名、被捕者名单等支撑。它可证明殖民精英的恐惧及由此推动的禁贸、人口管制，却不宜直接证明海地已经实施相应计划。（Trani，2019，对相关档案的批判性讨论。）,Régent作品未给题名；Trani只给刊物期号与年份；“法国海外档案馆相关历史说明”不是可查的具体文献。三处支撑不同殖民地政策与人口损失。,补各作品题名、网址/页或段；分清瓜德罗普、马提尼克和圣多明各各自适用的法令与统计。,已确认引注形式或定位缺口；并未据此判为史实错误,G05 Trani、Régent及海外档案说明
C058,正文引注题录/定位/转引链,05_大西洋与美洲.md:186,I021,"海地独立不能遮蔽其他殖民地。马提尼克在英国占领期间没有实际实行法国1794年废奴；瓜德罗普在1802年发生复奴战争。有关死亡与驱逐的数字有不同口径：若一项研究估计约3,000名平民与1,000名军人死亡、约1,900人遭驱逐，就不能把另一项“死伤或被驱逐合计约万人”的宣传性总数拼成“死亡4,000—10,000人”的区间。（Trani，2019；法国海外档案馆相关历史说明。）",Régent作品未给题名；Trani只给刊物期号与年份；“法国海外档案馆相关历史说明”不是可查的具体文献。三处支撑不同殖民地政策与人口损失。,补各作品题名、网址/页或段；分清瓜德罗普、马提尼克和圣多明各各自适用的法令与统计。,已确认引注形式或定位缺口；并未据此判为史实错误,G05 Trani、Régent及海外档案说明
C059,正文引注题录/定位/转引链,05_大西洋与美洲.md:108,I015,另一方面，法国若扶植一个依赖外军的客户政权，必须找到比现有海地国家更有吸引力的政治交换。1814年法国对克里斯托夫、佩蒂翁所提出的有限让步，远低于他们已经享有的统治权。承认、市场准入、军事援助确实可以交换，但绝非只有推翻现政府才能提供。（海地法国使团交涉材料；Charles Mackenzie，*Notes on Haiti*，1830，卷二。）,分别涉及1814年使团、乡村法典和1825年融资；卷二或“财政章节”没有给出实际页/明确章节。1838年法海协定只标年份，交涉材料又未识别。,将文书和Mackenzie分列；核定实际条款、财政表和页码，不把1825敕令与后续贷款、1838安排混为一个来源。,已确认引注形式或定位缺口；并未据此判为史实错误,G06 Mackenzie：外交、劳动与债务
C060,正文引注题录/定位/转引链,05_大西洋与美洲.md:136,I017,自由劳动并不在技术上排斥制糖。更稳妥的解释是：解放后的农民争取家庭土地和自主安排，战争损毁了大型设施，市场和融资条件又不利；政府若想重新集中劳动，就会与自由的实际含义发生冲突。克里斯托夫的种植园劳动制度与博耶1826年《乡村法典》都试图强制维持农业生产。后者把部分没有土地、没有劳动契约者视为流民，以监禁或公共劳动迫其就业。**废奴是真实的解放，但它没有自动消除国家对劳动的强制。**（Mackenzie，卷二，农业与《乡村法典》诸章。）,分别涉及1814年使团、乡村法典和1825年融资；卷二或“财政章节”没有给出实际页/明确章节。1838年法海协定只标年份，交涉材料又未识别。,将文书和Mackenzie分列；核定实际条款、财政表和页码，不把1825敕令与后续贷款、1838安排混为一个来源。,已确认引注形式或定位缺口；并未据此判为史实错误,G06 Mackenzie：外交、劳动与债务
C061,正文引注题录/定位/转引链,05_大西洋与美洲.md:144,I018,"1825年的实际历史说明，海上威胁可以迫成财务协议，但它不等于重新占领。最初1.5亿法郎赔偿是给原殖民所有者的名义义务，不是同额款项立即汇入法国财政。最初3,000万法郎贷款按6%票面利率发行，实际到手约2,400万；折价融资与赔偿共同挤压海地收入。1838年再议后的总赔偿规模降至9,000万法郎，仍成为长期负担。（Mackenzie，卷二，财政章节；1825年4月17日法国敕令与1838年法海协定。）",分别涉及1814年使团、乡村法典和1825年融资；卷二或“财政章节”没有给出实际页/明确章节。1838年法海协定只标年份，交涉材料又未识别。,将文书和Mackenzie分列；核定实际条款、财政表和页码，不把1825敕令与后续贷款、1838安排混为一个来源。,已确认引注形式或定位缺口；并未据此判为史实错误,G06 Mackenzie：外交、劳动与债务
C062,正文引注题录/定位/转引链,05_大西洋与美洲.md:156,I019,1808年法国指挥官费朗禁止与海地进行牛只、木材等贸易，伤害了东部地方利益；巴约讷废立又给桑切斯·拉米雷斯的起事提供了保卫西班牙王权的号召。帕洛因卡多战败及费朗自杀之后，英国海上支援帮助西班牙在1809年重建统治。（圣多明各贸易与战争文书；Frank Moya Pons有关东部殖民社会的研究；Mackenzie，岛屿历史章节。）,Moya Pons的具体作品、贸易战争文书均未识别；Mackenzie只作泛称。,补实际作品、版本与页；贸易文书列年份和文书身份，区分作者综合与直接档案。,已确认引注形式或定位缺口；并未据此判为史实错误,G07 圣多明各东部史料
C063,正文引注题录/定位/转引链,05_大西洋与美洲.md:192,I022,"奴隶贸易数据库的既有估算给出一个尺度：1801—1825年，按承运国旗计，法国船只装载约135,815人，葡萄牙—巴西船只约1,160,601人，英国约283,959人；1826—1850年，法国约68,074人，葡萄牙—巴西约1,299,969人，英国本国船旗的相应估算已为零。它们是被迫登船人数的历史估计，不等于到岸存活人数，也不等于按最终殖民目的地划分。（*Slave Voyages*，跨大西洋奴隶贸易估算表，研究所存版本。）",“研究所存版本”没有公开数据版本、访问/导出时间、地区和年份过滤、计数单位及估算/航次库区别，读者难以重现总数。,保留导出表与查询条件，注明启航/抵达、登船/下船及地区划分；配公开数据集入口。,已确认引注形式或定位缺口；并未据此判为史实错误,G08 SlaveVoyages估算的版本与查询
C064,正文引注题录/定位/转引链,05_大西洋与美洲.md:202,I024,"新西班牙的银矿确实关系欧洲战争。布雷丁与克罗斯记录，墨西哥城铸币额从1706年的约600万比索增至1798年的2,400万，后者约占西属美洲铸币总额的三分之二。洪堡又记载，每年约250万马克白银经韦拉克鲁斯与阿卡普尔科流向欧洲、亚洲。这一个是铸币额，一个是出口银重量；不是可以彼此相加的两份财富。（D. A. Brading and Harry E. Cross，〈Colonial Silver Mining: Mexico and Peru〉，*Hispanic American Historical Review*，52卷4期，1972，第545—579页；Alexander von Humboldt，*Essai politique sur le royaume de la Nouvelle-Espagne*，1811，卷三，第335—336页。）",I024的洪堡段已有卷页，但墨西哥铸币数字仅指整篇545—579页；I030汞和矿业数据再次只称论文或矿业章节。不是两位作者均无出处。,分别补铸币与汞数据的原表/页及计量单位；保留洪堡已经明确的定位。,已确认引注形式或定位缺口；并未据此判为史实错误,G09 Brading—Cross矿业数据
C065,正文引注题录/定位/转引链,05_大西洋与美洲.md:251,I030,墨西哥银矿的大规模汞齐法生产依赖水银。阿尔马登矿在高产年份约产1.8万—2万余西班牙担；按每担汞处理约100—125马克银的历史比率，250万马克白银若全部采用同一种工艺，将需要约2万—2.5万担汞。这只是说明依赖关系的量级，不是一个可以据此精确预测减产的生产函数。（Brading and Cross，1972；Humboldt，矿业章节。）,I024的洪堡段已有卷页，但墨西哥铸币数字仅指整篇545—579页；I030汞和矿业数据再次只称论文或矿业章节。不是两位作者均无出处。,分别补铸币与汞数据的原表/页及计量单位；保留洪堡已经明确的定位。,已确认引注形式或定位缺口；并未据此判为史实错误,G09 Brading—Cross矿业数据
C066,正文引注题录/定位/转引链,05_大西洋与美洲.md:261,I031,在国王被废之前，殖民地精英可以反对税收、争取职位、要求通商，却仍以效忠君主组织这些要求。1808年真正爆炸性的变化，是“谁有资格代表缺位的王权”。墨西哥城、加拉加斯与布宜诺斯艾利斯先后讨论效忠和自治程序，并不等于三地早已同意一个共同的独立方案。（François-Xavier Guerra，*Modernidad e independencias*；1808年各地市议会及洪塔记录。）,Guerra书缺实际版本和定位；“各地市议会及洪塔记录”未列城市、文书日期或编本。,按墨西哥城、加拉加斯、布宜诺斯艾利斯分别给直接记录或明确转引页；不要用集合名代替档案身份。,已确认引注形式或定位缺口；并未据此判为史实错误,G10 Guerra与1808年市议会记录
C067,正文引注题录/定位/转引链,05_大西洋与美洲.md:297,I038,"“少数西班牙人压住全部美洲人”的图景解释不了长期内战。委内瑞拉的保王军吸收大量混血、黑人及平原居民；托伦特的叙述甚至用波韦斯军队约12,000人、欧洲人约200的比例，强调它并非一支从欧洲搬来的军队。这是保王作者对兵力的估计，不应视为精确人口普查，但军队本地化的方向无疑重要。（Torrente，卷一，保王军构成讨论。）",约12000人中欧洲人约200的精确构成，只给卷一“保王军构成讨论”，没有实际定位。,补实际版页并保留作者保王立场及估数性质；不要把它写成独立点验结果。,已确认引注形式或定位缺口；并未据此判为史实错误,G11 Torrente：波韦斯军队
C068,正文引注题录/定位/转引链,05_大西洋与美洲.md:273,I034,1810年战争又改变了局面。伊达尔戈对欧洲出生者的敌意、瓜纳华托格拉纳迪塔斯粮仓的杀戮与后续报复，使精英对社会革命的恐惧上升。关于参战和死亡人数，各方叙述差异极大；阿拉曼对部分夸大的死伤数字也有怀疑。这里最重要的不是挑选一个最大数，而是暴力如何把政治自治要求转化为财产、种族与生存冲突。（Lucas Alamán，*Historia de Méjico*，1810年瓜纳华托事件章节。）,多卷本只称“1810年瓜纳华托事件章节”，未说明卷次、所用版本及实际页/章号。,补卷、版与明确章节或页，核清作者叙事同同期记录的距离。,已确认引注形式或定位缺口；并未据此判为史实错误,G12 Alamán：瓜纳华托
C069,正文引注题录/定位/转引链,05_大西洋与美洲.md:285,I036,但古巴依赖国际贸易。1808年美国禁运使对北美贸易大幅下降，研究估计减半；部分进口品价格上涨，约三分之二糖收成未能卖出。这里是贸易渠道和特定产品销售的冲击，不是岛上全部经济活动消失。（Juan B. Amores Carredano、Sigfrido Vázquez Cienfuegos有关1808年古巴研究；Vázquez Cienfuegos，*Araucaria*，22，2009，第273—290页，尤其第275页。）,第二篇已有期号、年份及第275页，但题名缺失；并列的Amores Carredano作品连具体身份也未列。,补完整文章题名和实际所用作品；每项贸易下降、糖收成未售比例分别对应来源。,已确认引注形式或定位缺口；并未据此判为史实错误,G13 古巴1808年贸易研究
C070,正文引注题录/定位/转引链,05_大西洋与美洲.md:289,I037,"古巴糖出口从1800年的约28,761吨增至1850年的294,952吨，显示它在海地种植园崩溃后扩张的能力；这同时建立在大规模奴隶输入、土地开拓和资本投资之上。1790—1867年输入约78万奴隶的估计覆盖比本书更长的时期，不能全部归入1848年前。（Ulbe Bosma、Jonathan Curry-Machado，〈Two Islands, One Commodity: Cuba, Java and the Global Sugar Trade, 1790–1930〉，*New West Indian Guide*，2012，相关糖业比较表。）",已列文章题名和年份，仍以“相关糖业比较表”代替实际表号/页，期刊卷期和范围也未列。,补实际版本完整题录及表号，交代两岛年份、糖种、重量口径是否相同。,已确认引注形式或定位缺口；并未据此判为史实错误,G14 古巴—爪哇糖业比较表
C071,正文引注题录/定位/转引链,05_大西洋与美洲.md:299,I039,"在波帕扬及更广泛安第斯地区，原住民社群、奴隶和自由有色人种可能借效忠国王保卫地方权利、土地、自治或争取自由。精英共和国并不总能比遥远的国王提供更好条件。（Marcela Echeverri，〈Abascal, Cádiz y el realismo popular en Popayán〉，载 *Abascal y la contra-independencia de América del Sur*，第449页起。）",已有篇章题名与文集名称，但编者、出版年份和完整篇章信息缺失，“第449页起”未说明实际所引范围。,补所用文集版本、编者和篇章页；定位支持地方权利、土地及自由诉求的具体段落。,已确认引注形式或定位缺口；并未据此判为史实错误,G15 Echeverri：民众保王主义
C072,正文引注题录/定位/转引链,05_大西洋与美洲.md:309,I041,"总督阿巴斯卡尔在1806—1816年建立的军事体系，是法国援西能力评估中最有价值的现实证据。秘鲁正规军由1809年约1,500人扩大到1813年2月约8,000人，另有大规模民兵；战争在很大程度上依靠当地人员和财政，而非等待西班牙每年运来一支欧洲军团。（Brian R. Hamnett，*La política contrarrevolucionaria del Virrey Abascal: Perú, 1806–1816*，IEP，2000。）",1500至8000的正规军、3659000收入及1235781贡赋、继任后的财政判断，都共用整本专著或“同上”；没有原表或具体章节/页。,对兵额、年度财政、继任政策分别给实际页/表并保留比索口径；33.8%另标为作者除法。,已确认引注形式或定位缺口；并未据此判为史实错误,G16 Hamnett：秘鲁兵员与财政
C073,正文引注题录/定位/转引链,05_大西洋与美洲.md:313,I042,"这证明法国若避免西班牙本土崩溃，可以通过有限援助放大一个已经存在的保王体系。然而，当地能力有边界。1810年9月至1811年9月的收入约3,659,000比索，其中原住民贡赋1,235,781，比重约33.8%。实际历史中加的斯改革废除贡赋，会在战争最需现金时制造缺口；在没有占领与加的斯制宪的主线上，这项法律不自动出现，但“平等承诺与财政依赖如何相容”的矛盾仍必须处理。（Hamnett，同上。）",1500至8000的正规军、3659000收入及1235781贡赋、继任后的财政判断，都共用整本专著或“同上”；没有原表或具体章节/页。,对兵额、年度财政、继任政策分别给实际页/表并保留比索口径；33.8%另标为作者除法。,已确认引注形式或定位缺口；并未据此判为史实错误,G16 Hamnett：秘鲁兵员与财政
C074,正文引注题录/定位/转引链,05_大西洋与美洲.md:351,I044,"到1816年前后，秘鲁累计债务约1,100万比索；佩苏埃拉任内一组收入约180万、支出约2,683,825的预算，显示缺口约883,825。银矿存在不等于政府手里有可立即支付的现金。（Hamnett，阿巴斯卡尔继任后的财政讨论。）",1500至8000的正规军、3659000收入及1235781贡赋、继任后的财政判断，都共用整本专著或“同上”；没有原表或具体章节/页。,对兵额、年度财政、继任政策分别给实际页/表并保留比索口径；33.8%另标为作者除法。,已确认引注形式或定位缺口；并未据此判为史实错误,G16 Hamnett：秘鲁兵员与财政
C075,正文引注题录/定位/转引链,05_大西洋与美洲.md:467,I052,宫廷迁移还改变了信息与制度。1808年巴西撤销部分限制制造业的规定、设立王家印刷所；伦敦出版的《巴西邮报》持续批评条约与行政，却也主张渐进改革。1810年英葡安排建立的法尔茅斯—里约邮船和英国商行网络，使商业优势同时成为信息优势。法国单有欧洲声望，难以取代这套定期到达的船、信用和消息。（Schultz；Manchester，1810年条约与英国商人章节。）,I052的印刷、制造业及邮船政策只指主题章节；I053里约人口4.5万至6万、奴隶输入量只指Schultz主题，没有具体调查年份、页或表。,给法令日期/条款及邮船资料定位；人口和奴隶流量分列年份、地域与出处，避免把范围当同年统计。,已确认引注形式或定位缺口；并未据此判为史实错误,G17 巴西：邮船与里约人口
C076,正文引注题录/定位/转引链,05_大西洋与美洲.md:471,I053,王室迁都的城市叙事不能只写剧院、宫廷和印刷所。18世纪末里约人口大约4.5万—6万，奴隶人口占比很高；此前每年已有约万人的奴隶输入。宫廷、建筑、服务和出口经济扩大，会增加强迫劳动需求。（Schultz，城市社会与奴隶劳动章节。）,I052的印刷、制造业及邮船政策只指主题章节；I053里约人口4.5万至6万、奴隶输入量只指Schultz主题，没有具体调查年份、页或表。,给法令日期/条款及邮船资料定位；人口和奴隶流量分列年份、地域与出处，避免把范围当同年统计。,已确认引注形式或定位缺口；并未据此判为史实错误,G17 巴西：邮船与里约人口
C077,正文引注题录/定位/转引链,05_大西洋与美洲.md:459,I050,"晚一步止损的分支不同。1808年巴西港口已经开放，王室及其追随者已在里约建立利益。初期一般进口税率为24%，葡萄牙船运另有优惠；1810年对英条约给予英国货物15%税率，又有领事司法等特殊待遇，后来对葡萄牙货物另作调整。税率须按年份、船旗、商品和协定分别解释，不能把一个税率表当成整个时期不变的制度。（Alan K. Manchester，*British Preeminence in Brazil*，1933；Jorge M. Pedreira，〈From Growth to Collapse: Portugal, Brazil, and the Breakdown of the Old Colonial System〉，*HAHR*，80卷4期，2000，第839—864页。）",24%与15%税率、船旗优惠及领事司法只指一本书和整篇文章，未给各自法律条款或引证页。,注明开港法令与条约日期、税目及条款；若据Manchester/Pedreira转引则列实际页，不冒充原条约亲阅。,已确认引注形式或定位缺口；并未据此判为史实错误,G18 巴西关税与1810年条约
C078,正文引注题录/定位/转引链,06_东方与印度.md:25,I058,"禁卫军军饷凭证可以流通，商人、宗教人士和家庭也可能持有收益权。于是，清除虚额不仅是校正一张兵员表，也是在取消一批社会财富。1809年出现约4,000人实际应召、却领取约14,000份军饷的案例；到1826年，名册和实际服役之间的差距更大。不同数字的年份与地域须分开，不能据此宣布整个帝国只剩几千名能战之兵。（Virginia H. Aksan，*Ottoman Wars, 1700–1870: An Empire Besieged*，2007，改革与禁卫军解体诸章。）",具体兵数或供应比例只称“改革与禁卫军解体诸章”“军需与首都供应讨论”，没有可稳定定位的页/表/章号。,按军队编制和首都供给两组分别定位；确认统计时点与分母。,已确认引注形式或定位缺口；并未据此判为史实错误,G19 Aksan：奥斯曼军制与供应
C079,正文引注题录/定位/转引链,06_东方与印度.md:47,I062,伊斯坦布尔依赖多瑙河、黑海和巴尔干的粮食与牲畜供应；研究所举1818年羊只来源中，多瑙河公国占约42%。即便中央愿意参与对英经济战争，也不可能无成本地切断自身商业和粮食网络。（Aksan，军需与首都供应讨论。）,具体兵数或供应比例只称“改革与禁卫军解体诸章”“军需与首都供应讨论”，没有可稳定定位的页/表/章号。,按军队编制和首都供给两组分别定位；确认统计时点与分母。,已确认引注形式或定位缺口；并未据此判为史实错误,G19 Aksan：奥斯曼军制与供应
C080,正文引注题录/定位/转引链,06_东方与印度.md:51,I063,财政数字亦须先处理币值。18世纪末与19世纪前期的库鲁什数额，经历货币含银量和征收口径变化。将1784年收入、改革新库收入与1826年的名义预算直接排列，就可能把贬值当成国力增长。部分1820年代币值剧烈变动，尤其不宜再按单一汇率折成法郎，给法国东方补贴表提供虚假精度。（Şevket Pamuk及Aksan的货币、财政讨论；Shaw，新秩序财政章节。）,只给Pamuk姓名和“货币、财政讨论”，没有题名或版本；其支持的是跨年币值不可直接比较这一关键方法。,补实际作品及银含量/货币变化资料位置；不要补一个未读过的名著替代原研究。,已确认引注形式或定位缺口；并未据此判为史实错误,G20 Pamuk：货币史作品未识别
C081,正文引注题录/定位/转引链,06_东方与印度.md:75,I065,1805年以后崛起的穆罕默德·阿里并不以“亲法”或“亲英”之一为固定身份。他欢迎法国技术和人员，却防备法国再次占领；他向英国控制的市场出售粮食，却不愿因此成为英国附庸。1808年前后加固亚历山大防御、拒绝带有控制意味的援助，正体现这种选择。（Driault，1808—1810年领事文书。）,分别涉及领事观察、红海船只、五个月铸20炮；只称某年段文书或使团材料，缺信件日期、文号或页。I067还将Marsot并列而未分清归属。,逐项标出原文书日期、收发人及所用编本页；使团报告与后人估计分开。,已确认引注形式或定位缺口；并未据此判为史实错误,G21 Driault：领事文书、船只与波斯火炮
C082,正文引注题录/定位/转引链,06_东方与印度.md:83,I067,阿里为了向阿拉伯半岛投送军队，在布拉克制造船只，拆成部件后用骆驼运往苏伊士再组装；1809—1811年有关记录列出18艘约100—150吨的船。他也利用马斯喀特航运。这个工程证明埃及能组织一条跨沙漠转运线，不能把它说成一条容纳欧洲舰队直航印度的运河。（Marsot；Driault，红海船运文书。）,分别涉及领事观察、红海船只、五个月铸20炮；只称某年段文书或使团材料，缺信件日期、文号或页。I067还将Marsot并列而未分清归属。,逐项标出原文书日期、收发人及所用编本页；使团报告与后人估计分开。,已确认引注形式或定位缺口；并未据此判为史实错误,G21 Driault：领事文书、船只与波斯火炮
C083,正文引注题录/定位/转引链,06_东方与印度.md:159,I082,法比耶在约五个月中铸出20门炮，是使团技术工作的成功。部分火炮随后被封存而未有效用于预定战争，又显示技术能力与指挥、财政、外交之间的脱节。（Driault；加尔达纳使团材料。）,分别涉及领事观察、红海船只、五个月铸20炮；只称某年段文书或使团材料，缺信件日期、文号或页。I067还将Marsot并列而未分清归属。,逐项标出原文书日期、收发人及所用编本页；使团报告与后人估计分开。,已确认引注形式或定位缺口；并未据此判为史实错误,G21 Driault：领事文书、船只与波斯火炮
C084,正文引注题录/定位/转引链,06_东方与印度.md:109,I074,"1830年代埃及动员人口的规模可达十余万，但同时代观察者斯科特所列名义军额90,550人与其估计的约8万埃及正规军，并不是同一范围；叙利亚部队、非正规军与海军另有口径。农民人口约数与军额相比，可以显示负担沉重，不应伪装成精确的人均动员极限。（C. R. Scott，*Rambles in Egypt and Candia*，1837，卷二，军队与海军章节；Fahmy。）",卷二“军队与海军章节”没有章号、表题或页，精确兵员数难以直接复查；Fahmy并列未说明支持何句。,补Scott实际统计表位置和观察年份；Fahmy承担解释的段落另注。,已确认引注形式或定位缺口；并未据此判为史实错误,G22 Scott：埃及军队统计
C085,正文引注题录/定位/转引链,06_东方与印度.md:115,I075,"埃及确有工业扩展。长绒棉的引种、灌溉与国家收购，创造出口收入；马尔索所列棉花数量由1828年的59,200坎塔尔增至1844年的153,363。兵工厂可以月产数门火炮、数百支步枪；不同工场的数字不能相加成不变产能。煤、铁、设备和熟练人员仍依赖外来供应。（Marsot，农业、工业与海军各章。）",59200至153363坎塔尔、财政负担等数字只指农业工业诸章或晚期财政讨论；缺具体页/表。,补每个数的时间、口径与引证页；死亡、债务和欠税不要共用无法分辨支持对象的整书引用。,已确认引注形式或定位缺口；并未据此判为史实错误,G23 Marsot：产棉、战争损失与财政
C086,正文引注题录/定位/转引链,06_东方与印度.md:117,I076,"军队现代化还面对瘟疫、欠饷和行政负荷。1835年瘟疫死亡约50万是历史估计，不能当作完全核定人口数；但其对劳动力、军队和税收的冲击不容忽视。1841年前后债务约8,000万法郎的估计，1844年一组税款拖欠约占应收额19%的数据，都表明胜利并不自动形成充足现金流。（Marsot，政权晚期财政与继承讨论。）",59200至153363坎塔尔、财政负担等数字只指农业工业诸章或晚期财政讨论；缺具体页/表。,补每个数的时间、口径与引证页；死亡、债务和欠税不要共用无法分辨支持对象的整书引用。,已确认引注形式或定位缺口；并未据此判为史实错误,G23 Marsot：产棉、战争损失与财政
C087,正文引注题录/定位/转引链,06_东方与印度.md:129,I078,"阿尔及尔1813年可确认的奴隶规模上限约1,645人；突尼斯在一项峰值估计中，私掠收入约占国家收入15.7%。它们足以解释国家对海上暴力的依赖，却不支持将整片北非经济都简化为贩卖欧洲俘虏。（Panzac，奴隶经济及国家收入章节。）",人数和收入占比只定位为奴隶经济及国家收入章节，没有页/表或章号。,补各城市/政权对应原表，明确人口存量、年度收益及分母。,已确认引注形式或定位缺口；并未据此判为史实错误,G24 Panzac：奴隶与国家收入
C088,正文引注题录/定位/转引链,06_东方与印度.md:149,I080,1808年底波斯向法国提出最后要求；加尔达纳1809年2月离开，英国外交人员紧接着到来。英国1809年提供约10万英镑补助及训练支持，后续协定又调整为20万土曼等标准。这些金额涉及年份、币种与履约条件，不能统一写成“每年英国固定支付某数”。1814年条约更带有战争责任等限制。（Harford Jones Brydges，*An Account of the Transactions of His Majesty’s Mission to the Court of Persia*，1834；英波1809、1812、1814年协定。）,10万英镑与20万土曼分别涉及不同文书，现仅列Brydges整书及三个条约年份；1814年条件也未列条款。,按年份、币种、触发条件列文书日期和条款/编本页；承诺额与实际支付分列。,已确认引注形式或定位缺口；并未据此判为史实错误,G25 英波补助与条约
C089,正文引注题录/定位/转引链,06_东方与印度.md:169,I083,埃尔芬斯通1809年出使喀布尔宫廷时，观察到的阿富汗王权正处于竞争、地方分权与财政困难中。他所述近3千万卢比的名义收入，与不足2千万的实际收入并不相同；其中又有相当部分分给贾吉尔持有人，中央真正可以支配的现金更少。（Mountstuart Elphinstone，*An Account of the Kingdom of Caubul*，1815，财政与军队章节。）,近3000万名义收入与不足2000万实际收入只称财政与军队章节，没有明确章号/页表。,补1815所用版本的实际位置及贾吉尔扣项，保留观察年份与税源边界。,已确认引注形式或定位缺口；并未据此判为史实错误,G26 Elphinstone：阿富汗财政
C090,正文引注题录/定位/转引链,06_东方与印度.md:211,I088,"1838年英国入侵阿富汗的一支约9,500名战斗人员的孟加拉军，带有数万随营人员和约3万头骆驼，可作数十年后的规模警示；它不是1808年法国方案的真实编制。（John William Kaye，*History of the War in Afghanistan*，卷一，第388—389页。）",给了卷一388—389页，却未给所用版本年份；多版卷册页码应同真实版本对应。,识别实际版本并核其卷页，保留1838年仅作后世尺度类比的限定。,已确认引注形式或定位缺口；并未据此判为史实错误,G27 Kaye：阿富汗战争后勤
C091,正文引注题录/定位/转引链,06_东方与印度.md:245,I091,"拿破仑1805年曾设想投入约2万法国军人，联同西班牙和岛上力量；1808年5—6月的方案又列出约19,600名陆军、10,600名水手及56艘各类舰船。纸面上的兵力和船数是真实计划的一部分，不应抹去。（拿破仑《通信集》，1805年1月16日及1808年6月10日前后相关命令；Sen；Parkinson。）",“1808年6月10日前后相关命令”难以定位19600人、10600水手、56船到底各出自哪封命令；1805计划与1808计划也合在一注。,分列日期、收发人、通信集版本与文号/页，并说明是否为同一方案同一阶段。,已确认引注形式或定位缺口；并未据此判为史实错误,G28 拿破仑印度远征命令
C092,正文引注题录/定位/转引链,06_东方与印度.md:249,I092,"实际增援远小于方案。海军大臣德克雷、德卡恩及远洋舰队指挥官之间有目标与风险判断差异；利努瓦并不简单受当地总督战术指挥。将执行失败全部归为德克雷“胆小”，会忽略部门分权、船只状态、命令延迟与欧洲优先级。（Parkinson，第9章；Henri Prentout，*L’Île de France sous Decaen, 1803–1810*，1901，相关内容在本研究中经Pierre Kaeppelin书评及Sen转述使用，未冒称已核全书。）",诚实声明没有通读Prentout是优点；但实际使用的Kaeppelin书评缺刊物、年份、页和链接，转引链仍断在读者入口。,列完整书评题录及具体页；Prentout原书只作被评作品，不冒充已读原著。,已确认引注形式或定位缺口；并未据此判为史实错误,G29 Prentout经Kaeppelin转引
C093,正文引注题录/定位/转引链,06_东方与印度.md:263,I095,法兰西岛的种植园经济和殖民统治依靠奴隶劳动。殖民者抵制革命时期的废奴，也曾反对危急时武装奴隶。1809年相关动员公告被撤回，表明总督不能把奴隶人口直接计成可自由使用的兵源。（Prentout经Kaeppelin转述；Sen，殖民地动员部分。）,诚实声明没有通读Prentout是优点；但实际使用的Kaeppelin书评缺刊物、年份、页和链接，转引链仍断在读者入口。,列完整书评题录及具体页；Prentout原书只作被评作品，不冒充已读原著。,已确认引注形式或定位缺口；并未据此判为史实错误,G29 Prentout经Kaeppelin转引
C094,正文引注题录/定位/转引链,06_东方与印度.md:287,I099,1806年韦洛尔兵变中，蒂普家族的存在和象征确有作用；军服、胡须、耳饰与皮革规定触及军人宗教和身份，亦是关键因素。它证明公司军队内部存在脆弱点，不证明法国曾直接策划，更不证明同一时刻全印度土兵都在等待法国登陆。（H. H. Wilson，*The History of British India*续编，卷七，韦洛尔章节；Seema Alavi，*The Sepoys and the Company*。）,Wilson续编卷七未列实际版次年份；Alavi只有作者与书名，无版本与定位。韦洛尔和特拉凡哥尔主题称谓未落实为明确章节/页。,明确续编与Mill原书关系、版本、卷页；将Alavi的军制解释与叙事史料各自定位。,已确认引注形式或定位缺口；并未据此判为史实错误,G30 Wilson续编与Alavi
C095,正文引注题录/定位/转引链,06_东方与印度.md:291,I100,1808—1809年韦卢·坦皮领导的抵抗，与附属军费用、地方权力和宗教政治有关。法国即将援助的传闻可以扩大动员，却没有变成可持续的法印联合行动。纳伊尔部队规模不小，仍在英国军队和地方政治变化中迅速失败。（Wilson，卷七，特拉凡哥尔章节。）,Wilson续编卷七未列实际版次年份；Alavi只有作者与书名，无版本与定位。韦洛尔和特拉凡哥尔主题称谓未落实为明确章节/页。,明确续编与Mill原书关系、版本、卷页；将Alavi的军制解释与叙事史料各自定位。,已确认引注形式或定位缺口；并未据此判为史实错误,G30 Wilson续编与Alavi
C096,正文引注题录/定位/转引链,06_东方与印度.md:297,I101,尼泊尔有自己的山地扩张和边境利益。1814—1816年的战争表明，它能给英国造成显著成本；但军械补给、资源与多线压力同样限制行动。它对中国或旁遮普的求援，不等于对法国作出从属承诺。（John Pemble，*The Invasion of Nepal: John Company at War*，有关军制与外交讨论。）,仅给简题名及“有关军制与外交讨论”，没有出版年份、实际版本及页/章。,补真实使用版本、书的完整题名和所用章节；核部队与外交说法的各自出处。,已确认引注形式或定位缺口；并未据此判为史实错误,G31 Pemble：廓尔喀战争
C097,正文引注题录/定位/转引链,06_东方与印度.md:319,I104,1812年围绕续约的文书中，公司强调如果因欧洲目的而在印度进行战争，公共财政应承担相应责任：“an European war for European objects”。它是在向英国政府争取费用分担，不能直接读成公司已经退出帝国扩张。（*Papers Respecting the Negociation with His Majesty’s Ministers on the Subject of the East-India Company’s Charter*，1812；公司1813年2月22日致议会请愿。）,英文直接引语没有确定归属1812文集的哪页还是1813请愿的哪栏；后文350行给请愿整段卷栏，不足以辨明该句实际出处。,找出该句所在的具体文书与页/栏；若只能经后书转引，明确标转引。,已确认引注形式或定位缺口；并未据此判为史实错误,G32 公司续约文书的直接引语
C098,正文引注题录/定位/转引链,06_东方与印度.md:400,I109,"米尔本列出1792—1793至1808—1809年17年间，公司中国货物在伦敦销售约57,896,274英镑，其中茶约55,160,230；相应关税与消费税为32,290,599，年均约190万英镑。这后一项才是可以明确称作英国国库收入的税收。（Milburn，卷二，中国贸易总表及说明。）",书的1813年版本已在前文识别，问题是精确销售与税收数只指中文泛称“中国贸易总表及说明”，未给页或可辨原表标题；链接仅指前文卷一。,给卷二实际原表页或英文完整表题及入口；不误将卷一链接当卷二查核入口。,已确认引注形式或定位缺口；并未据此判为史实错误,G33 Milburn卷二中国贸易总表
C099,正文引注题录/定位/转引链,05_大西洋与美洲.md:269,I033,"墨西哥城的半岛人商人、土生白人市议员、总督与高等法院，不是两个整齐阵营。1808年加布里埃尔·德·耶尔莫带领约300人推翻伊图里加赖总督，既有王权归属之争，也有具体经济利益。耶尔莫本人就因“整顿基金”政策背负巨额还款压力：相关债务约131,200比索，至1808年9月已偿还约86,000。这样的经历表明，保王政变也可能由不满王室征敛的人发动。（Marichal，第7章；墨西哥政治史料。）",约300人的政变与131200、86000比索债务合用第7章和未识别的“墨西哥政治史料”，具体两个债务数字无定位。,分别定位政变叙事与债务账例；标清债务余额、应还额或累计偿还。,已确认引注形式或定位缺口；并未据此判为史实错误,G34 Marichal：耶尔莫债务
C100,正文引注题录/定位/转引链,06_东方与印度.md:35,I060,拿破仑愿意以奥斯曼领土同俄国谈判，但他又不愿让俄国拥有完全自由的地中海出口。1808年法俄交涉中，君士坦丁堡与达达尼尔海峡的归属不断成为障碍。俄国若得到城市，却仍须经过法国控制的海峡，相当于离开自家门口也要取得邻国许可；法国若把海峡全部交给俄国，则改变欧洲长期均势。（John H. Puryear，*Napoleon and the Dardanelles*，1951；Albert Vandal，*Napoléon et Alexandre Ier*，卷一，1808年谈判部分。）,两部著作仅指1808年谈判部分；相邻37行的科兰古3月16日信还以“je crois”承担解释，未给收件人、编本页或文号。,补信件的实际出处和必要上下文；先确认“估计”的具体对象，再评价未获批准的程度，不单凭两个词推断整个协议状态。,已确认引注形式或定位缺口；并未据此判为史实错误,G35 达达尼尔谈判与科兰古信件
